absolute_magnitude_h,estimated_diameter_min_km,estimated_diameter_max_km,is_potentially_hazardous_asteroid,is_sentry_object,epoch_date_close_approach,relative_velocity_km_per_sec,miss_distance_kilometers
20.16,0.2469192656,0.5521282628,True,False,1736208480000,16.5489944128,18491516.10423837
18.54,0.5206609142,1.1642331974,False,False,1736238240000,15.2767515283,12136326.303555183
21.58,0.1283970296,0.2871044863,False,False,1736238060000,21.6488761177,58239736.59965244
22.29,0.0925880583,0.2070331923,False,False,1736236080000,8.9892906844,9414482.23419549
20.91,0.1748054532,0.3908768761,True,False,1736290080000,19.1336306591,73466998.5175389
26.6,0.0127219879,0.0284472297,False,False,1736272800000,7.6348283529,43675472.56004904
25.5,0.0211132445,0.0472106499,False,False,1736258580000,4.9143049327,10536583.499046208
25.6,0.0201629919,0.0450858206,False,False,1736269080000,24.2782093228,72072116.41250834
27.4,0.0088014652,0.0196806745,False,True,1736212200000,9.5250407801,49392413.8942228
26.66,0.0123752784,0.0276719637,False,False,1736266020000,14.959320276,44602775.42223265
22.59,0.0806408277,0.1803183724,False,False,1736258820000,22.5309669915,13072072.230165008
21.73,0.1198270801,0.2679414966,False,False,1736268540000,27.6437185619,19239009.47746017
25.17,0.0245784775,0.0549591464,False,False,1736247480000,8.5400305616,3623223.789841424
23.6,0.0506471459,0.1132504611,False,False,1736276100000,13.6327134848,14880072.12939393
23.27,0.0589596608,0.1318378096,False,False,1736267460000,10.5638473191,14064893.080212332
23.4,0.0555334912,0.1241766613,False,False,1736133840000,6.0620992868,52820770.79549223
23.2,0.0608912622,0.1361570015,False,False,1736187360000,5.35362664,66024505.62198273
26.2,0.0152951935,0.0342010925,False,False,1736159460000,14.8116606962,67762561.05205293
27.6,0.0080270317,0.0179489885,False,False,1736180280000,18.2049798985,52117749.56290849
26.8,0.0116025908,0.0259441818,False,False,1736185320000,15.7678897551,35406461.06684568
23.14,0.06259721,0.1399716167,False,False,1736197860000,7.9607072171,24683064.19080021
24.98,0.0268259417,0.0599846292,False,False,1736158860000,19.8684089759,48896961.18728298
23.05,0.065246163,0.1458948557,False,False,1736197140000,7.2465399874,23945440.731528886
25.08,0.0256185754,0.0572848762,False,False,1736179260000,12.2596614281,2156544.131876664
26.87,0.0112345318,0.0251211767,False,False,1736138700000,5.2272161774,5560416.813516596
24.51,0.0333084924,0.0744800533,False,False,1736161260000,17.1033847508,4950988.227064801
21.2,0.1529519353,0.3420109247,True,False,1736073960000,25.9398250191,71450808.49855644
26.5,0.0133215567,0.0297879063,False,True,1736063100000,15.3644012418,63031190.87562886
20.85,0.1797028549,0.4018277992,True,False,1736113440000,22.182959458,3683381.686023033
25.1,0.0253837029,0.0567596853,False,False,1736042400000,17.1434128424,47817840.01879432
24.45,0.0342416731,0.0765667087,False,False,1736081460000,22.9134713332,71002234.961983
25.58,0.0203495578,0.0455029946,False,False,1736045100000,7.7322038379,72030480.99156056
26.49,0.0133830462,0.029925401,False,False,1736038740000,7.0691275737,4148544.30991822
28.31,0.0057883526,0.0129431498,False,False,1736089740000,7.4557831385,2096621.912179453
23.53,0.0523064176,0.1169607054,False,False,1736075460000,11.2885158668,23538786.747137703
23.18,0.0614546821,0.1374168468,False,False,1736100180000,16.7177568867,13787514.424296966
24.68,0.0308003021,0.0688715693,False,False,1736080980000,9.1290174796,6758138.904065095
22.64,0.0788052183,0.1762138252,False,False,1736013660000,10.4616436925,40607718.033261456
24.8,0.0291443905,0.0651688382,False,False,1736016180000,13.4665770199,58565088.34539877
27.64,0.0078805218,0.0176213825,False,False,1735991580000,15.116292581,2640732.672717599
25.41,0.0220067027,0.0492084832,False,False,1736031600000,4.2041914966,21922839.486390542
24.91,0.0277047973,0.06194981,False,False,1735998600000,14.3078893462,49287093.762428805
25.23,0.0239086457,0.0534613571,False,False,1736011200000,7.3103291233,2248832.194823476
25.39,0.0222103282,0.0496638037,False,False,1735962720000,7.2627755797,4873440.221766533
27.02,0.0104846751,0.0234444462,False,False,1736001540000,11.7976038512,740234.749931319
26.86,0.011286388,0.0252371308,False,False,1736025120000,11.2058479342,2195623.733054634
22.5,0.0840533402,0.1879489824,False,False,1736008440000,17.650680702,12979369.048088731
25.33,0.0228325794,0.0510551996,False,False,1736015160000,6.3310086637,3601259.905366959
27.48,0.0084831076,0.0189688053,False,False,1736019120000,13.8758628752,2609350.809457923
23.64,0.0497227313,0.1111834072,False,False,1735949220000,14.8357396277,11861258.111943033
27.442,0.0086328655,0.0193036742,False,False,1735965600000,2.3653971132,10808968.009589069
19.69,0.3065878759,0.6855513317,False,False,1735877580000,18.9395018272,19016653.471642923
22.14,0.0992098919,0.2218400624,False,False,1735902780000,12.0604970908,25616443.389347907
26.5,0.0133215567,0.0297879063,False,False,1735926180000,4.5094400585,36530806.76349979
26.8,0.0116025908,0.0259441818,False,False,1735946280000,11.8634390203,48375536.34533886
26.65,0.0124324001,0.0277996916,False,False,1735896420000,8.5809752089,58599408.62498077
24.9,0.0278326768,0.0622357573,False,False,1735887540000,7.5364491932,62796481.54146041
25.1,0.0253837029,0.0567596853,False,False,1735899540000,8.7686642999,40923341.60903913
25.15,0.0248058993,0.0554676771,False,False,1735919160000,6.0043563141,37624380.971163616
24.84,0.0286124454,0.0639793729,False,False,1735896720000,6.2612116938,16708864.457056709
27.32,0.0091317703,0.020419259,False,False,1735927380000,4.783632141,2356964.228021136
25.23,0.0239086457,0.0534613571,False,False,1735879500000,7.5259736958,22520907.46099667
26.96,0.0107784169,0.0241012728,False,False,1735879620000,8.6924012752,1306415.340155464
27.13,0.0099667824,0.022286403,False,True,1735885320000,11.5602531925,153127.347506697
25.74,0.0189040552,0.0422707525,False,False,1735909740000,16.7458318545,6288669.776366644
26.85,0.0113384836,0.0253536201,False,False,1735926420000,14.6021228615,1091513.33244692
28.75,0.0047266667,0.010569148,False,True,1735924920000,9.8164056072,459327.199940949
27.04,0.010388551,0.0232295062,False,False,1735929000000,8.4915769333,706413.349326192
25.7,0.0192555078,0.0430566244,False,False,1735866180000,7.1376457399,7830455.179602987
26.47,0.013506878,0.0302022973,False,False,1735863540000,8.2396904194,7947528.079099067
23.12,0.0631764148,0.1412667581,False,False,1735914900000,12.0852264257,20430381.24314568
19.9,0.2783267681,0.6223575734,False,False,1735791960000,17.4222331843,15830336.75368406
23.98,0.0425162524,0.0950692305,False,False,1735796280000,17.9086965031,53240801.671820946
28.1,0.0063760979,0.0142573883,False,False,1735787280000,15.3371937843,42733613.705436125
26.6,0.0127219879,0.0284472297,False,False,1735826400000,25.6759881383,72149352.40152915
21.97,0.1072889455,0.2399053753,False,False,1735830180000,11.9983603675,24373475.96157024
25.61,0.0200703514,0.0448786701,False,False,1735835100000,22.7966474576,66096247.494589694
22.48,0.0848310762,0.189688053,False,False,1735835940000,12.4314874464,18639595.585777443
26.1,0.0160160338,0.0358129403,False,False,1735813320000,5.1027498837,40941595.58601589
26.0,0.0167708462,0.0375007522,False,False,1735777380000,12.6061556875,41802119.06605575
24.54,0.0328514828,0.0734581487,False,False,1735798680000,11.5515942115,57230310.206517674
26.33,0.0144063837,0.0322136532,False,False,1735812720000,9.5944349644,49729029.56671141
27.97,0.0067694748,0.0151370059,False,False,1735861320000,4.8695813606,25623356.202202097
24.57,0.0324007435,0.0724502651,False,False,1735802100000,8.4207397855,7568817.944598584
26.0,0.0167708462,0.0375007522,False,False,1735841280000,2.839333716,13658066.37012045
25.45,0.0216050351,0.0483103272,False,False,1735839360000,3.6956346823,9453011.883683765
25.76,0.0187307418,0.0418832119,False,False,1735786380000,13.5690330333,1938313.915635721
24.6,0.0319561887,0.0714562102,False,False,1735817400000,16.2042977054,8089871.903503406
25.74,0.0189040552,0.0422707525,False,False,1735781520000,20.7411443242,3348567.216768578
27.82,0.0072536229,0.016219594,False,False,1735787160000,21.2159080739,1582435.722210165
29.02,0.0041740243,0.0093334022,False,False,1735857360000,4.2789783774,140221.389663927
26.09,0.0160899605,0.0359782453,False,False,1735807260000,13.522628461,1245828.801196944
24.68,0.0308003021,0.0688715693,False,False,1735795320000,9.8631484964,7292137.013148898
27.94,0.0068636476,0.0153475826,False,True,1735783980000,8.1109076864,527693.187174357
25.88,0.0177237239,0.0396314515,False,False,1735757460000,8.3173566881,49668157.47533864
27.12,0.010012787,0.0223892723,False,False,1735725240000,8.1996036081,70334863.48525196
26.21,0.0152249185,0.0340439527,False,False,1735766280000,24.3814294261,70563038.69861434
26.22,0.0151549664,0.033887535,False,False,1735728900000,5.7987642551,14250723.733843775
24.87,0.0282198679,0.063101543,False,False,1735724940000,8.7690673962,9147401.985409645
26.44,0.0136947774,0.0306224531,False,False,1735767480000,4.0085267342,1676103.96014581
23.68,0.0488151892,0.1091540813,False,False,1735698720000,21.4762910009,10850468.268861296
28.73,0.004770402,0.0106669431,False,False,1735715640000,4.7580939652,1290408.727100352
26.18,0.0154367182,0.0345175513,False,False,1735743120000,5.8480710628,8500461.014985574
27.91,0.0069591304,0.0155610887,False,False,1735717140000,14.1845754203,1264885.131389663
29.49,0.0033616692,0.0075169209,False,False,1735709040000,2.645140072,671017.850013351
24.57,0.0324007435,0.0724502651,False,False,1735726680000,15.9737833452,6422853.366077797
13.82,4.5767266723,10.2338719537,False,False,1736343600000,8.248698875,12296605.087478507
19.49,0.3361669212,0.7516920875,False,False,1736346720000,14.1497502192,26800560.540965848
27.2,0.0096506147,0.0215794305,False,False,1736296980000,13.5818178365,19541496.47531868
25.09,0.0255008688,0.0570216761,False,False,1736345700000,7.0312838109,45581702.56458096
27.4,0.0088014652,0.0196806745,False,False,1736354820000,9.0801480023,40671208.9251073
26.6,0.0127219879,0.0284472297,False,False,1736369220000,16.8547879585,46538177.43028861
24.7,0.0305179233,0.0682401509,False,False,1736339400000,15.5618664057,36464891.71296953
26.86,0.011286388,0.0252371308,False,False,1736352660000,9.2473780111,18530659.89786236
25.3,0.0231502122,0.0517654482,False,False,1736311500000,8.6110621832,23597208.156123716
23.34,0.057089334,0.1276556316,False,False,1736373180000,3.3035745717,62769908.89068633
26.5,0.0133215567,0.0297879063,False,True,1736346840000,21.2500806992,15260823.73626758
22.43,0.0868070458,0.1941064553,False,False,1736306340000,13.101129605,59133620.74877739
24.63,0.0315177333,0.0704757942,False,False,1736316000000,14.2152333927,45297049.48784004
26.03,0.0165407416,0.0369862226,False,False,1736377620000,9.1139227197,4530223.722781611
26.1,0.0160160338,0.0358129403,False,False,1736322720000,11.9510765125,3391681.981133206
23.86,0.04493192,0.1004708274,False,False,1736297580000,12.4978664864,21238989.53500284
25.72,0.0190789723,0.0426618789,False,False,1736364300000,8.4146669385,11856715.03406815
25.81,0.018304378,0.0409298336,False,False,1736300880000,6.4164095885,17568841.441117667
25.3,0.0231502122,0.0517654482,False,False,1737059520000,15.6724825019,39660831.313916154
23.9,0.04411182,0.0986370281,False,False,1737046980000,7.2565355753,71736247.727064
24.1,0.040230458,0.0899580388,False,False,1737052500000,7.7841279675,42681236.02047854
24.4,0.0350392641,0.0783501764,False,False,1736987340000,7.5951463397,69592130.51073079
23.61,0.0504144434,0.1127301225,False,False,1736989260000,16.8130284141,46375935.32391941
25.18,0.0244655496,0.0547066321,False,False,1737030780000,27.400105586,69603038.85829587
29.26,0.0037372743,0.0083567994,False,False,1736993700000,8.587589925,16378616.2383872
24.6,0.0319561887,0.0714562102,False,False,1737055080000,9.9089447983,22396849.89678944
22.71,0.0763053479,0.1706239449,False,False,1737056400000,22.7846865863,52142644.787726045
22.29,0.0925880583,0.2070331923,False,False,1737032040000,13.1959317302,4231564.171467265
24.8,0.0291443905,0.0651688382,False,False,1736989620000,4.7349916625,35108631.97818706
23.85,0.0451393163,0.1009345797,False,False,1737029040000,19.0279128779,58948924.25643757
24.54,0.0328514828,0.0734581487,False,False,1736997480000,13.092731798,32392379.93704712
22.45,0.086011194,0.1923268766,False,False,1737022680000,12.5844841869,19042917.09809693
24.25,0.0375452479,0.0839537266,False,False,1736988180000,5.0609168372,7813953.547196045
24.98,0.0268259417,0.0599846292,False,False,1737003360000,4.0576616312,16643538.448139573
29.68,0.0030800302,0.0068871569,False,True,1737028380000,7.2336267877,648258.13479006
24.75,0.0298232505,0.0666868155,False,False,1737034920000,8.3970430621,4781450.830967176
25.56,0.02053785,0.0459240286,False,False,1737071820000,6.8487799225,2180524.461000646
26.57,0.0128989683,0.02884297,False,False,1737001080000,10.3250312647,5738329.221969366
20.86,0.1788771952,0.3999815682,False,False,1736975520000,11.0685256598,21123091.54725817
25.8,0.0183888672,0.0411187571,False,False,1736938620000,13.6672436046,36314173.818676636
23.9,0.04411182,0.0986370281,False,False,1736904360000,13.1846896317,35787058.707591526
22.79,0.0735453089,0.1644523102,False,False,1736899800000,27.6270254009,11707963.768334053
24.9,0.0278326768,0.0622357573,False,False,1736940120000,11.7706513681,57815222.63419472
28.15,0.0062309602,0.0139328506,False,False,1736969520000,13.4338227841,42118893.40848861
24.4,0.0350392641,0.0783501764,False,False,1736952780000,10.8724443124,6335217.647290115
29.16,0.0039134066,0.0087506433,False,False,1736952660000,15.2635564231,73014318.50447418
23.5,0.0530340723,0.1185877909,False,False,1736932740000,8.7966845005,10836741.332867753
25.03,0.0262153087,0.0586192124,False,False,1736979240000,6.6120555309,15848450.228341317
24.34,0.0360209346,0.0805452583,False,False,1736901720000,7.237356434,13202264.339267543
24.27,0.037201031,0.0831840342,False,False,1736971560000,19.6309269825,11873808.565407533
21.01,0.1669379118,0.3732845187,False,False,1736970360000,24.9914295124,17785406.468507852
26.23,0.0150853356,0.0337318359,False,False,1736921700000,11.6874249252,4490354.79836216
23.89,0.0443154309,0.099092316,False,False,1736945940000,19.0456307086,5010992.516153494
27.43,0.0086807046,0.0194106455,False,False,1736973780000,17.624070422,430122.987995502
24.56,0.0325502986,0.0727846803,False,False,1736928840000,12.6552740088,11617807.08608028
20.69,0.193443872,0.4325536477,True,False,1736893980000,26.9373528737,17371524.962223362
25.26,0.0235806068,0.0527278398,False,False,1736818380000,7.0328161372,7315337.907450606
21.41,0.138852907,0.310484539,True,False,1736872140000,9.7933235468,20426799.92997703
26.9,0.0110803882,0.0247765013,False,False,1736837940000,6.6877944213,63564543.20062744
19.98,0.2682594171,0.5998462923,False,False,1736882880000,11.5485581652,12016268.208482828
28.9,0.004411182,0.0098637028,False,False,1736859120000,3.355938886,30555004.611110527
26.1,0.0160160338,0.0358129403,False,False,1736841480000,24.7105750439,72046112.14388156
24.75,0.0298232505,0.0666868155,False,False,1736895720000,19.0565424016,63941052.15206874
25.21,0.0241298697,0.0539560289,False,False,1736890500000,7.0513345,66926880.183259755
27.27,0.0093444765,0.0208948847,False,True,1736878800000,22.9136403845,69697730.5999787
24.62,0.0316632126,0.0708010957,False,False,1736885880000,7.8893429873,15073459.554870768
25.11,0.0252670754,0.0564988982,False,False,1736878380000,6.6190536067,14088267.283646436
25.75,0.0188171989,0.042076536,False,False,1736859780000,10.6254505459,4462631.336053547
24.4,0.0350392641,0.0783501764,False,False,1736820660000,9.24001285,6177886.150842808
22.56,0.0817626533,0.1828268509,False,False,1736833380000,19.9776295852,14446569.725515127
27.59,0.0080640828,0.0180318372,False,True,1736887680000,13.4611357539,274971.252192391
24.68,0.0308003021,0.0688715693,False,False,1736822760000,8.6695399384,4502777.25588909
19.98,0.2682594171,0.5998462923,False,False,1736882880000,11.5485581742,12016268.44783942
24.32,0.0363542322,0.0812905344,False,False,1736864700000,12.6480939606,11700950.680027602
24.5,0.0334622374,0.0748238376,False,False,1736773920000,11.5990472098,21591690.62870449
18.9,0.4411182,0.9863702813,False,False,1736794980000,17.6015523752,41747245.57999381
24.0,0.0421264611,0.0941976306,False,False,1736786580000,7.1157932928,53567479.52788589
18.12,0.6317641482,1.4126675811,False,False,1736810940000,12.0498524043,33497847.803687
24.3,0.0366906138,0.0820427065,False,False,1736808360000,19.8822867801,73699997.43942049
26.9,0.0110803882,0.0247765013,False,True,1736763600000,8.176692998,13359180.581947304
21.98,0.1067959975,0.2388031102,False,False,1736786220000,26.606267717,74778569.0002946
27.89,0.0070235225,0.0157050737,False,False,1736787300000,18.9277637098,58199644.9838437
25.1,0.0253837029,0.0567596853,False,False,1736743140000,11.4323563883,44276604.47855021
25.11,0.0252670754,0.0564988982,False,False,1736744820000,26.4371401615,51192538.27342472
24.53,0.0330031183,0.0737972161,False,False,1736748660000,8.7048229381,5947881.639766284
26.94,0.0108781483,0.0243242791,False,False,1736807700000,6.2823788524,10178763.929182302
27.58,0.0081013049,0.0181150684,False,False,1736782260000,7.4663124731,36898816.0127613
26.88,0.0111829138,0.0250057554,False,False,1736802960000,10.39131851,3151350.085819741
22.22,0.0956213733,0.2138158908,False,False,1736732760000,21.0410257838,22691127.158019576
26.82,0.0114962176,0.0257063241,False,True,1736811660000,17.2294677911,1094076.497472139
25.29,0.0232570687,0.0520043867,False,False,1736809740000,14.9174749625,1324015.35004352
27.05,0.01034082,0.0231227764,False,False,1736782560000,5.0988330654,27406948.34127288
27.6,0.0080270317,0.0179489885,False,False,1736670720000,10.6819175304,22092069.2494283
26.58,0.012839703,0.0287104486,False,False,1736708340000,12.4569412057,43060552.47514613
25.9,0.0175612318,0.0392681082,False,False,1736703720000,10.7614171586,25592941.683649205
25.55,0.0206326484,0.0461360043,False,False,1736724840000,5.8196598093,11550817.11501492
25.89,0.0176422908,0.0394493615,False,False,1736687580000,15.6489439914,48995018.07321231
29.55,0.0032700544,0.0073120639,False,False,1736665080000,7.6516383262,16245498.174464907
29.92,0.0027577505,0.0061665176,False,False,1736653140000,2.5309263627,68978203.83048362
26.31,0.0145396843,0.0325117225,False,False,1736724600000,16.2748078974,47042760.52906834
25.55,0.0206326484,0.0461360043,False,False,1736684400000,3.1257268761,19908400.67503408
26.54,0.0130784109,0.0292442157,False,False,1736671440000,8.5484805862,1207393.518045064
26.52,0.0131994239,0.0295148091,False,False,1736672820000,5.4955902224,8799819.128513673
26.17,0.0155079709,0.0346768771,False,False,1736691000000,7.4599258314,5115889.091498155
25.92,0.0174002295,0.038908096,False,False,1736683140000,7.303827807,6774683.336422644
23.45,0.0542693946,0.1213500554,False,False,1736667720000,12.5764408435,24097897.371945225
24.46,0.0340843469,0.0762149166,False,False,1736556000000,6.3620428316,4081256.429654541
21.26,0.1487835705,0.3326901775,True,False,1736612100000,17.5611867728,49699887.73707776
21.73,0.1198270801,0.2679414966,False,False,1736611740000,14.3261753538,25935610.62451035
27.7,0.0076657557,0.0171411509,False,False,1736598600000,12.9242431904,52134330.21291038
24.7,0.0305179233,0.0682401509,False,False,1736587860000,12.4713507414,32292968.68176153
24.8,0.0291443905,0.0651688382,False,False,1736621100000,11.3932530243,24393068.46548883
29.0,0.0042126461,0.0094197631,False,False,1736609520000,9.0791987063,59918690.38426196
28.45,0.0054269395,0.0121350055,False,True,1736598780000,4.3864300936,31047814.746475726
26.45,0.0136318556,0.0304817558,False,False,1736605080000,19.3208543055,68965285.51585679
26.24,0.0150160248,0.0335768522,False,False,1736598600000,16.8502308359,2979899.826637787
27.75,0.0074912618,0.0167509707,False,False,1736639280000,4.8633185571,1788509.286419594
26.02,0.0166170902,0.0371569432,False,False,1736573460000,7.2706986601,1237448.837152302
24.4,0.0350392641,0.0783501764,False,False,1736607780000,6.1588219753,19056435.80881522
25.91,0.0174805453,0.0390876876,False,False,1736601960000,8.2168127923,228225.76248265
22.29,0.0925880583,0.2070331923,False,False,1736522580000,6.2743345001,29822591.16693813
23.45,0.0542693946,0.1213500554,False,False,1736531040000,11.7118088658,22656870.442572538
24.29,0.0368599699,0.0824213984,False,False,1736472180000,4.7349231223,14974781.359067757
21.99,0.1063053145,0.2377059096,True,False,1736547000000,22.8423951082,21814630.844123658
25.78,0.0185590173,0.0414992243,False,False,1736542620000,14.7232196793,68380429.8755312
26.11,0.0159424468,0.0356483948,False,False,1736502540000,15.244067355,36194566.94069976
25.57,0.0204434871,0.0457130269,False,False,1736544600000,9.4348852996,48311249.3684278
23.5,0.0530340723,0.1185877909,False,False,1736477100000,9.5462869245,74093047.23287047
25.14,0.0249203981,0.0557237043,False,False,1736534940000,4.109881063,18950136.783358883
26.27,0.0148099972,0.0331161605,False,False,1736513640000,7.1901886102,5778839.442537933
25.03,0.0262153087,0.0586192124,False,False,1736480160000,8.566371362,27473306.35109621
25.03,0.0262153087,0.0586192124,False,False,1736466720000,10.7616544527,4811939.983897414
26.8,0.0116025908,0.0259441818,False,False,1736427120000,8.9190161339,55001479.0075566
24.4,0.0350392641,0.0783501764,False,False,1736411640000,5.1613772387,59495075.397284426
25.75,0.0188171989,0.042076536,False,False,1736405640000,7.2246441634,52418994.479571976
27.82,0.0072536229,0.016219594,False,False,1736421240000,3.0567992784,7681924.331370549
25.51,0.0210162379,0.0469937366,False,False,1736452740000,6.3343361342,26746165.872806415
27.45,0.0086011194,0.0192326877,False,False,1736388660000,1.0253286228,1800565.79763693
22.75,0.0749126183,0.1675097069,False,False,1736385660000,13.0240937092,25225166.091300845
26.33,0.0144063837,0.0322136532,False,True,1736462400000,7.8247946491,1041282.960355529
25.9,0.0175612318,0.0392681082,False,False,1736394840000,7.266967644,5602847.855776176
25.43,0.021804944,0.0487573371,False,False,1736402940000,19.4858381667,3167431.437970705
24.57,0.0324007435,0.0724502651,False,False,1736437440000,11.2018245193,8099233.723248219
20.29,0.2325706875,0.5200438667,False,False,1737197100000,18.609570434,71957078.28340086
22.68,0.077366861,0.1729975604,False,False,1737198540000,15.0414430899,61627285.520752855
21.4,0.1394938229,0.3119176705,True,False,1737164640000,20.2005796584,27109155.90409241
25.1,0.0253837029,0.0567596853,False,False,1737191760000,15.981936482,43759953.63375309
24.8,0.0291443905,0.0651688382,False,False,1737169620000,15.8057605675,39092585.85421197
26.0,0.0167708462,0.0375007522,False,False,1737206640000,7.2211857005,20014148.17802309
28.99,0.0042320908,0.0094632427,False,False,1737164640000,1.4111403525,3403187.717872563
22.11,0.100590039,0.2249261651,False,False,1737189060000,11.8236524408,17310120.84098572
20.93,0.1732028271,0.3872932954,True,False,1737240120000,10.1678775336,6306311.598859365
26.75,0.0118728499,0.0265484994,False,False,1737237480000,2.5383491458,5757968.235865735
20.98,0.1692602495,0.3784774237,False,False,1737240840000,17.6929010346,25422959.966917887
26.31,0.0145396843,0.0325117225,False,True,1737231900000,11.8243458377,323245.317978005
26.86,0.011286388,0.0252371308,False,False,1737230100000,5.340567986,7392515.17930744
28.67,0.004904051,0.0109657914,False,False,1737172020000,8.4271581975,684889.821141859
25.99,0.0168482569,0.0376738478,False,False,1737169680000,7.1465535979,5621213.926436928
29.92,0.0027577505,0.0061665176,False,False,1737219540000,7.8635753625,195446.400800795
27.89,0.0070235225,0.0157050737,False,False,1737229320000,8.5893182132,1491005.962082691
27.79,0.0073545309,0.016445231,False,False,1737190440000,7.1479921892,1780247.983405436
22.11,0.100590039,0.2249261651,False,False,1737189060000,11.8236524493,17310120.84098572
22.63,0.0791689667,0.1770271912,False,False,1737101160000,11.4410706244,15258461.406382836
25.6,0.0201629919,0.0450858206,False,False,1737143820000,10.6375493901,46853591.06041552
24.1,0.040230458,0.0899580388,False,False,1737141600000,11.2324862565,70291378.95983206
25.2,0.0242412481,0.0542050786,False,False,1737147480000,15.4211353076,67410544.39852612
28.5,0.0053034072,0.0118587791,False,False,1737154380000,4.0069128483,30164452.713135097
24.04,0.0413575665,0.0924783301,False,False,1737153660000,24.4024198149,73928499.49420926
28.49,0.0053278866,0.0119135167,False,False,1737072180000,4.4723637603,23712752.74882009
24.23,0.0378926498,0.0847305409,False,False,1737092880000,7.9658658294,36922621.23757845
25.49,0.0212106988,0.0474285643,False,False,1737139920000,7.0025319248,36607281.179684006
26.58,0.012839703,0.0287104486,False,False,1737078600000,4.4294416455,1693775.417976578
26.36,0.0142087207,0.0317716653,False,False,1737097740000,10.2814327909,780307.606167154
25.05,0.0259749653,0.0580817882,False,False,1737153240000,8.8138391336,7582061.844029684
26.82,0.0114962176,0.0257063241,False,False,1737077160000,13.7352515841,3460604.89131705
26.43,0.0137579896,0.0307638,False,False,1737104640000,9.1853564713,6143921.360679286
27.05,0.01034082,0.0231227764,False,False,1737110880000,16.0122657921,240561.273727536
28.65,0.0049494276,0.0110672566,False,False,1737091860000,7.7639141082,8314503.786596324
21.87,0.1123453177,0.2512117673,False,False,1737699120000,20.7132427233,28772488.99327206
19.88,0.2809020939,0.6281161771,True,False,1737746520000,21.9129794217,9810797.749147562
21.58,0.1283970296,0.2871044863,True,False,1737695520000,28.6669867139,63180869.88751353
23.76,0.0470494961,0.1052058716,False,False,1737735780000,10.9199365882,13418191.780535787
28.0,0.0066765941,0.0149293183,False,False,1737677760000,22.9467123252,68571195.26922096
25.12,0.0251509837,0.0562393094,False,False,1737700560000,8.5252863531,20368906.661311265
22.52,0.0832827346,0.1862258558,False,False,1737712320000,7.2866797163,11287371.735435188
22.41,0.0876102615,0.1959025002,False,False,1737691620000,7.8515432466,28255397.463069502
24.47,0.0339277435,0.0758647409,False,False,1737701040000,4.4917267225,18366740.56001386
28.09,0.0064055286,0.0143231974,False,True,1737749220000,1.6575369749,3710364.354639193
19.88,0.2809020939,0.6281161771,True,False,1737746520000,21.9129794225,9810797.749147562
24.18,0.038775283,0.0867041687,False,False,1737622860000,7.9548118104,19343743.260402694
23.9,0.04411182,0.0986370281,False,False,1737608700000,15.8020969264,39070582.16174429
23.72,0.0479242116,0.1071617948,False,False,1737663480000,7.9677284273,65234027.54478448
27.88,0.0070559416,0.015777565,False,False,1737672660000,16.4654660933,52911674.763986014
28.8,0.0046190746,0.0103285648,False,False,1737654600000,5.4705408895,26175844.503299396
28.15,0.0062309602,0.0139328506,False,False,1737604320000,14.5578657881,522490.397652562
29.27,0.0037201031,0.0083184034,False,True,1737596880000,22.0799070252,320380.488847931
23.55,0.0518268695,0.1158884032,False,False,1737654780000,8.8308207488,22735889.15949056
22.04,0.1038855101,0.2322950625,False,False,1737635220000,23.0828947973,17330213.4655435
26.61,0.0126635356,0.0283165265,False,False,1737617520000,15.5296737735,224550.980564822
18.84,0.453476699,1.0140047252,True,False,1737575220000,10.4985312422,10773851.9441376
20.2,0.2424124811,0.5420507863,True,False,1737568980000,12.0784332692,34255211.195577785
24.3,0.0366906138,0.0820427065,False,False,1737583920000,17.9109546116,39823525.774324656
28.36,0.0056565936,0.0126485278,False,True,1737543600000,17.9367434791,39492355.53910298
24.76,0.0296862251,0.0663804174,False,False,1737560760000,18.0369407463,27366983.65925684
24.04,0.0413575665,0.0924783301,False,False,1737540840000,13.2835034952,45480625.791329294
29.49,0.0033616692,0.0075169209,False,False,1737521160000,6.4929472524,36168728.63594996
28.86,0.004493192,0.0100470827,False,False,1737535380000,12.7988678374,41110953.70402611
21.03,0.1654074158,0.3698622257,False,False,1737512280000,30.6649200548,27476023.257852428
23.77,0.0468333233,0.1047224945,False,False,1737542940000,5.9481628099,20617437.17813136
26.29,0.0146742183,0.0328125497,False,False,1737539820000,14.3082805056,2716982.617297877
23.41,0.0552783379,0.1236061213,False,False,1737532080000,15.1845196981,5223692.009381815
22.62,0.079534394,0.1778443116,False,False,1737559620000,16.5093019966,22408222.61110279
24.46,0.0340843469,0.0762149166,False,False,1737558060000,9.5747979399,20018324.38208158
24.6,0.0319561887,0.0714562102,False,False,1737485400000,10.3814633525,38895592.701194085
24.3,0.0366906138,0.0820427065,False,False,1737469980000,11.0511773016,13764722.455772905
23.5,0.0530340723,0.1185877909,False,False,1737475800000,15.279918987,16829549.427043512
25.73,0.0189913123,0.0424658654,False,False,1737474300000,6.2223888158,1801435.350216092
25.1,0.0253837029,0.0567596853,False,False,1737419040000,5.7664976905,51908321.96957432
26.4,0.0139493823,0.0311917671,False,False,1737502740000,7.9051926705,14457727.9164829
24.7,0.0305179233,0.0682401509,False,False,1737481440000,15.4691468537,37857743.23635186
25.4,0.022108281,0.0494356193,False,False,1737441660000,10.728534495,55978800.1569313
26.99,0.0106305314,0.023770591,False,False,1737429780000,7.7125503093,31885530.07150199
20.6,0.2016299194,0.4508582062,False,False,1737471780000,22.4337099039,20619055.58772817
27.35,0.0090064777,0.0201390963,False,False,1737486660000,24.47589933,71340610.18965876
25.23,0.0239086457,0.0534613571,False,False,1737494220000,17.2889877087,45040141.68477718
24.63,0.0315177333,0.0704757942,False,False,1737460440000,20.0524037253,20591863.362415712
26.79,0.0116561459,0.0260639347,False,False,1737461160000,21.0972128277,5063541.011959044
27.31,0.0091739206,0.0205135101,False,False,1737433260000,7.6996138583,4570831.914995241
27.06,0.0102933082,0.0230165369,False,False,1737444240000,9.1028567415,2364336.381135162
24.23,0.0378926498,0.0847305409,False,False,1737336780000,4.602340047,42821495.0040872
24.68,0.0308003021,0.0688715693,False,False,1737415620000,8.2939199444,18061902.511950005
19.81,0.2901048414,0.648694146,False,False,1737374460000,33.06308275,58807367.032593474
25.09,0.0255008688,0.0570216761,False,False,1737339660000,3.5396076415,62499626.708930165
24.93,0.0274507982,0.0613818507,False,False,1737408060000,21.9113934164,66492011.36739615
28.01,0.006645918,0.0148607244,False,False,1737332400000,14.1999462319,25373594.240595527
23.03,0.0658498783,0.1472448042,False,False,1737397980000,15.887110866,36364645.581891045
25.67,0.0195233786,0.0436556017,False,False,1737334860000,18.4885067316,23568730.122158825
28.1,0.0063760979,0.0142573883,False,True,1737364200000,8.7992362319,26592305.2862997
25.93,0.0173202827,0.0387293295,False,False,1737346680000,2.4337624164,8891651.576187612
23.55,0.0518268695,0.1158884032,False,False,1737351900000,12.6054400536,27217079.427778862
23.49,0.0532788665,0.1191351672,False,False,1737367920000,16.6134321961,24165689.77102548
23.54,0.0520660914,0.1164233197,False,False,1737358020000,23.274478684,6785583.321466797
27.42,0.0087207729,0.019500241,False,False,1737411540000,6.2551372775,2863923.404729872
24.66,0.0310852938,0.0695088301,False,False,1737410640000,19.3167233042,13955967.549992617
26.5,0.0133215567,0.0297879063,False,True,1737403380000,23.4871328278,2244992.107259298
28.6,0.0050647146,0.0113250461,False,True,1737359760000,6.4480977091,120253.275413345
25.39,0.0222103282,0.0496638037,False,False,1737398700000,23.3402485955,4391488.10924295
23.5,0.0530340723,0.1185877909,False,False,1737340200000,18.4287942442,7534200.548686974
23.62,0.0501828101,0.1122121746,False,False,1737335640000,24.8330749574,3006608.087881006
26.2,0.0152951935,0.0342010925,False,False,1737366540000,7.1977468138,4107693.454999663
25.8,0.0183888672,0.0411187571,False,False,1737355680000,7.1736611272,4391863.59989665
25.79,0.0184737464,0.0413085527,False,False,1737387420000,8.6488434128,3889952.094678306
29.01,0.0041932908,0.0093764832,False,True,1737341820000,15.6893053802,3672448.759527906
27.35,0.0090064777,0.0201390963,False,True,1737264540000,12.5995105472,38462131.78080464
22.01,0.1053307015,0.2355266087,True,False,1737254820000,14.2370224289,9206432.018369963
27.8,0.0073207399,0.016369672,False,False,1737329880000,16.6175129449,42638166.09059555
27.25,0.0094309399,0.0210882227,False,False,1737325740000,2.933403853,22252617.025281675
26.89,0.011131533,0.0248908644,False,False,1737251640000,22.3135148668,16103263.362028439
25.33,0.0228325794,0.0510551996,False,False,1737292920000,6.2182853129,65592017.656220175
23.18,0.0614546821,0.1374168468,False,False,1737292260000,15.2147228086,37992809.66293304
21.09,0.1608996045,0.3597824532,False,False,1737246540000,12.492001707,25999104.792549554
26.53,0.0131387781,0.0293792009,False,False,1737305460000,6.4723626449,9034449.325408893
23.82,0.0457672667,0.1023387195,False,False,1737247260000,12.5116164365,48124680.43434812
25.5,0.0211132445,0.0472106499,False,False,1737305940000,5.0085894484,6722166.989199357
23.73,0.0477040198,0.1066694311,False,False,1737260100000,3.8754999861,23032991.66625437
26.54,0.0130784109,0.0292442157,False,False,1737275100000,12.9643601312,2514560.198542816
27.21,0.0096062741,0.021480282,False,False,1737262200000,7.8000179388,1556390.95743997
24.74,0.0299609084,0.0669946278,False,False,1737258360000,10.2479949839,6902492.830169263
26.73,0.011982708,0.0267941497,False,False,1737322920000,3.6492179175,1103721.356386992
25.16,0.0246919266,0.0552128263,False,False,1737252180000,7.4560054041,7393362.112688658
25.52,0.0209196771,0.04677782,False,False,1738192080000,12.162006247,17982845.109022796
25.63,0.0198863453,0.04446722,False,False,1738127340000,30.9387411296,48245526.82043666
25.2,0.0242412481,0.0542050786,False,False,1738177560000,17.8360300648,68421299.95377605
29.7,0.0030517923,0.0068240151,False,True,1738180800000,11.667582948,13832150.195085244
24.6,0.0319561887,0.0714562102,False,False,1738178280000,8.3616478137,55225803.03319285
21.5,0.1332155667,0.2978790628,True,False,1738125300000,15.1472494533,8870168.095353078
27.67,0.007772397,0.0173796081,False,False,1738179780000,4.9285938605,26259719.346595064
27.68,0.0077366861,0.017299756,False,False,1738165440000,7.7191496595,2628639.136027438
24.55,0.0327005439,0.0731206391,False,False,1738109220000,15.3143515245,9509103.874316432
24.14,0.0394961694,0.0883161196,False,False,1738164000000,14.9067520583,25150847.799297366
26.93,0.0109283596,0.0244365549,False,False,1738113300000,5.3433234343,5891937.047914929
26.7,0.0121494041,0.0271668934,False,False,1738133760000,9.854047585,3754840.220264229
21.5,0.1332155667,0.2978790628,True,False,1738125300000,15.1472494527,8870168.095353078
25.87,0.0178055329,0.039814382,False,False,1738081500000,3.3405116656,13131492.803324748
27.8,0.0073207399,0.016369672,False,False,1738082040000,22.1781653855,32976155.779947046
26.0,0.0167708462,0.0375007522,False,False,1738104780000,5.6968805763,25054817.85978803
27.63,0.0079168967,0.0177027191,False,False,1738043760000,7.4933188974,74789892.1528336
25.86,0.0178877195,0.0399981568,False,False,1738095720000,14.2814444629,7539229.370845746
28.0,0.0066765941,0.0149293183,False,False,1738086180000,19.6556880888,70530654.76898226
25.68,0.0194336768,0.0434550225,False,False,1738105740000,5.9277431581,28875545.454976574
27.8,0.0073207399,0.016369672,False,False,1738070220000,9.9510085107,21779660.187801827
22.29,0.0925880583,0.2070331923,False,False,1738081620000,14.2918326423,27498476.35728137
25.04,0.0260948603,0.0583498816,False,False,1738031760000,2.4451007506,17180917.7832409
24.75,0.0298232505,0.0666868155,False,False,1738086480000,9.8588545613,16381114.253540032
27.25,0.0094309399,0.0210882227,False,False,1738036200000,11.3155520042,1283088.36476892
23.6,0.0506471459,0.1132504611,False,False,1738041360000,6.3978891502,28820353.370330893
28.51,0.0052790403,0.0118042929,False,True,1738038960000,16.0048290887,822011.243743646
29.43,0.0034558507,0.0077275172,False,True,1738103820000,5.3200874399,838965.858500948
19.76,0.2968622513,0.6638041738,False,False,1737952020000,22.0738818018,16873153.914995372
26.3,0.0146067964,0.0326617897,False,False,1737967560000,15.3765851684,40488906.86635513
24.3,0.0366906138,0.0820427065,False,False,1737980940000,4.0071364752,15204334.817606444
29.6,0.0031956189,0.007145621,False,True,1738001880000,19.2589757924,28849084.793167993
25.71,0.0191670368,0.0428587972,False,False,1738000320000,25.2921968453,68223999.75113
22.64,0.0788052183,0.1762138252,False,False,1737944700000,10.6553527764,43071327.05229586
23.0,0.0667659413,0.1492931834,False,False,1737939960000,9.9930171082,15694195.571125448
21.63,0.1254743564,0.2805691903,False,False,1737941760000,14.3464362016,26942697.247119173
24.35,0.0358554334,0.0801751865,False,False,1738012260000,7.7921688167,12659435.617515508
24.09,0.0404161533,0.0903732663,False,False,1737949980000,11.4395894773,11076700.56492726
27.09,0.0101520787,0.0227007381,False,False,1737943020000,6.081982884,968252.16746042
25.12,0.0251509837,0.0562393094,False,False,1737991380000,7.1174918598,6880605.599643386
26.52,0.0131994239,0.0295148091,False,False,1738020600000,5.8667358654,5514203.712706611
19.76,0.2968622513,0.6638041738,False,False,1737952020000,22.0738818056,16873153.900035586
24.0,0.0421264611,0.0941976306,False,False,1737976080000,15.5646107942,11892906.289330881
22.97,0.0676947481,0.1513700585,False,False,1737875340000,14.0614715644,62393709.517077215
26.9,0.0110803882,0.0247765013,False,False,1737919440000,16.6155200823,35323013.69946353
22.08,0.1019893859,0.2280551997,False,False,1737916980000,20.6336578598,54834065.5272183
25.2,0.0242412481,0.0542050786,False,False,1737868920000,9.6943277145,20407917.238032017
25.98,0.0169260249,0.0378477424,False,False,1737893940000,19.9828928401,66042979.08895435
26.1,0.0160160338,0.0358129403,False,False,1737856020000,14.3681200798,59120739.42970381
26.6,0.0127219879,0.0284472297,False,False,1737863280000,4.9364877306,38689233.79400742
21.51,0.1326034968,0.2965104328,False,False,1737876600000,17.6449369022,24356983.903426975
26.59,0.0127807099,0.0285785361,False,False,1737897360000,6.488044036,58225468.1044097
31.82,0.0011496218,0.0025706324,False,True,1737885540000,15.5091491565,41565809.42363276
23.29,0.0584191154,0.1306291133,False,False,1737909240000,17.379623454,33375966.30505657
24.07,0.0407901194,0.0912094798,False,False,1737922080000,12.7946936196,34987952.42364315
27.0,0.0105816886,0.023661375,False,False,1737887100000,2.4347075978,4781448.796436144
26.85,0.0113384836,0.0253536201,False,False,1737908220000,11.4419836527,2804694.750677555
31.82,0.0011496218,0.0025706324,False,False,1737853800000,21.0469764561,9711.953559548
26.52,0.0131994239,0.0295148091,False,True,1737889680000,16.1994385542,1736309.996921985
22.51,0.0836671502,0.1870854353,False,False,1737804420000,12.3499082823,44000505.00410164
20.84,0.1805323255,0.4036825521,True,False,1737798960000,21.9717281134,62420482.0306056
27.0,0.0105816886,0.023661375,False,True,1737833100000,6.659504546,15702473.015749779
20.7,0.1925550782,0.4305662442,True,False,1737800520000,18.5116471622,63297391.65349676
22.13,0.099667824,0.2228640296,False,False,1737813540000,10.6407705396,72726084.11456461
22.19,0.0969515991,0.2167903661,False,False,1737801360000,19.2359979664,38217464.898253456
28.03,0.0065849878,0.0147244804,False,True,1737812940000,22.9922200734,28506625.61844016
26.11,0.0159424468,0.0356483948,False,False,1737819360000,7.4943109904,26058093.476658605
24.16,0.0391340663,0.0875064325,False,False,1737792960000,13.9752890824,52099330.71411922
29.96,0.0027074159,0.006053966,False,True,1737837360000,5.4968913209,19465557.036077373
22.59,0.0806408277,0.1803183724,False,False,1737767040000,9.0500001748,19875258.20940216
24.59,0.0321036917,0.0717860371,False,False,1737804240000,10.0374642707,12024179.766636712
27.74,0.0075258399,0.0168282897,False,False,1737838260000,6.1288379388,4035851.755734036
24.09,0.0404161533,0.0903732663,False,False,1737820440000,10.4423743993,5902200.299545001
28.23,0.0060055803,0.0134288857,False,True,1737780840000,8.4979993197,756047.903020947
25.29,0.0232570687,0.0520043867,False,False,1737802020000,11.5993696236,4109507.164615756
23.02,0.0661538275,0.1479244553,False,False,1737815160000,22.4225275032,15869586.851554468
27.4,0.0088014652,0.0196806745,False,False,1738426980000,24.400840832,23170348.451185033
27.5,0.008405334,0.0187948982,False,False,1738409340000,10.904761728,22274384.816868145
24.6,0.0319561887,0.0714562102,False,False,1738386720000,13.3424161951,25059845.559962776
26.1,0.0160160338,0.0358129403,False,False,1738431960000,8.7209352847,34471592.29238681
24.08,0.0406027058,0.0907904103,False,False,1738378860000,18.961352417,53438187.010614805
23.18,0.0614546821,0.1374168468,False,False,1738381260000,12.2330783651,63594610.45764471
26.94,0.0108781483,0.0243242791,False,True,1738438200000,19.3021633997,55115373.41606858
23.82,0.0457672667,0.1023387195,False,False,1738454340000,11.1781619717,17760100.193622913
20.76,0.1873074177,0.4188321187,False,False,1738420320000,12.0593152413,13487997.273273272
25.82,0.0182202771,0.0407417781,False,False,1738378440000,17.8705060694,4973888.265090152
25.13,0.0250354255,0.0559809132,False,False,1738423260000,16.6001065134,5763536.49298394
26.93,0.0109283596,0.0244365549,False,False,1738430820000,3.6339554271,7821715.716916948
22.09,0.1015207872,0.2270073813,False,False,1738333560000,19.2240909884,18905648.38143234
23.99,0.042320908,0.0946324271,False,False,1738306680000,9.2304153359,7112686.274839131
18.72,0.4792421155,1.071617948,False,False,1738296720000,18.2459644812,16203071.60518164
25.9,0.0175612318,0.0392681082,False,False,1738313460000,14.8103566636,62011409.16833482
23.7,0.0483676488,0.1081533507,False,False,1738290120000,6.5531346755,49386912.38767418
31.22,0.0015154966,0.0033887535,False,False,1738311300000,14.3333193976,33481792.79572094
25.56,0.02053785,0.0459240286,False,False,1738319220000,16.8593797574,50464204.75212168
25.49,0.0212106988,0.0474285643,False,False,1738334880000,12.0185901847,36947225.46461927
27.05,0.01034082,0.0231227764,False,False,1738334400000,16.0767535281,38705662.04865913
22.05,0.1034081995,0.2312277636,False,False,1738335840000,14.4133188846,24989812.85798034
26.61,0.0126635356,0.0283165265,False,False,1738328520000,6.080491547,8552362.82911869
26.03,0.0165407416,0.0369862226,False,False,1738360080000,9.2249544322,10118763.843793755
25.79,0.0184737464,0.0413085527,False,False,1738341420000,8.2465845001,7928310.1233676
25.36,0.0225193047,0.050354696,False,False,1738353540000,10.6019830382,7219772.678764639
27.75,0.0074912618,0.0167509707,False,True,1738356480000,8.0640278593,1523804.666769137
27.26,0.0093876087,0.0209913311,False,False,1738286880000,14.1374991423,1677783.749748679
27.03,0.0104365024,0.0233367288,False,False,1738358400000,15.481159451,1543340.009341596
23.84,0.0453476699,0.1014004725,False,False,1738323360000,2.9816413707,26220037.344714176
24.13,0.0396784754,0.0887237683,False,False,1738349880000,10.4978659077,4872800.197199312
23.26,0.0592318063,0.1324463452,False,False,1738332120000,7.8304871787,21565998.615711752
26.14,0.0157237082,0.0351592805,False,False,1738331040000,13.7643737959,5171187.27095324
27.4,0.0088014652,0.0196806745,False,False,1738350960000,6.8091345638,3022408.420433175
18.71,0.4814541966,1.0765643117,False,False,1738296720000,18.2459646045,16203070.976870587
25.1,0.0253837029,0.0567596853,False,True,1738213440000,17.4920200063,21833713.772817664
20.02,0.263363131,0.5888978636,False,False,1738210620000,8.8196122053,9365762.381717063
27.4,0.0088014652,0.0196806745,False,False,1738231080000,7.1850330139,38150710.409195274
27.88,0.0070559416,0.015777565,False,False,1738238040000,4.0257849458,8197888.147949686
24.95,0.0271991277,0.0608190985,False,False,1738245060000,13.722662634,57219160.0639153
28.33,0.0057352846,0.0128244863,False,False,1738237380000,4.111911891,424322.674661353
26.14,0.0157237082,0.0351592805,False,False,1738264980000,13.275916109,1273149.755476535
24.72,0.0302381333,0.0676145215,False,False,1738196700000,15.6010558031,5845912.500260292
24.94,0.0273246732,0.0610998267,False,False,1738271220000,12.3457716175,1307205.695622248
24.53,0.0330031183,0.0737972161,False,False,1738252320000,8.5262806045,13725091.00301229
25.19,0.0243531406,0.0544552779,False,False,1738230420000,9.5337200734,6217218.183466616
25.33,0.0228325794,0.0510551996,False,False,1738266960000,11.3517187874,8376816.565296348
25.78,0.0185590173,0.0414992243,False,False,1738237080000,6.0735218673,11600222.60445113
20.02,0.263363131,0.5888978636,False,False,1738210620000,8.819612197,9365762.381717063
23.63,0.049952241,0.1116966065,False,False,1738975380000,29.3691632031,74036131.37684816
26.05,0.0163890951,0.0366471308,False,False,1739028480000,20.8458871328,58093579.03186882
26.58,0.012839703,0.0287104486,False,False,1738993860000,8.9828128285,2096099.98017081
28.25,0.0059505208,0.013305769,False,False,1739010600000,5.0554263193,2083444.015328597
24.34,0.0360209346,0.0805452583,False,False,1739042280000,7.2947699577,16055120.41877588
21.67,0.1231841913,0.2754482254,True,False,1738992000000,13.1716618597,13491668.090847544
23.2,0.0608912622,0.1361570015,False,False,1739050080000,20.7365326029,19951715.97534344
23.28,0.0586887658,0.1312320699,False,False,1739033760000,20.1723973377,11286442.358667811
27.5,0.008405334,0.0187948982,False,True,1738955880000,5.8975396377,5161943.094973395
24.1,0.040230458,0.0899580388,False,False,1738958520000,6.0349484606,54028760.26657201
27.9,0.0069912523,0.0156329154,False,True,1738961280000,8.9107238338,6791599.160452255
20.11,0.2526707542,0.5649889822,False,False,1738919280000,13.5296304677,34301806.0851118
25.19,0.0243531406,0.0544552779,False,False,1738964760000,10.9537147015,5753816.281621968
23.22,0.0603330078,0.1349087066,False,False,1738951200000,16.0467581622,48729611.79467219
24.89,0.0279611466,0.0625230245,False,False,1738945920000,5.3265323656,16159554.198149908
19.04,0.4135756649,0.9247833005,True,False,1738968420000,29.1418194599,11229778.410498776
29.36,0.0035690693,0.0079806815,False,False,1738922220000,12.8469264462,314010.506824822
22.55,0.0821400526,0.1836707413,False,False,1738970280000,10.5497625992,21804811.82336855
25.2,0.0242412481,0.0542050786,False,False,1738864260000,20.5298294533,57577232.99273184
28.28,0.0058688766,0.013123207,False,False,1738878780000,4.8745347877,599339.436822829
28.72,0.0047924212,0.0107161795,False,False,1738861380000,11.0677310616,565082.257622392
25.51,0.0210162379,0.0469937366,False,False,1738839780000,5.0179687616,9658527.732074048
25.44,0.0217047594,0.0485333175,False,False,1738818540000,5.9563665563,9697008.612656703
23.51,0.0527904029,0.1180429295,False,False,1738825560000,19.8428027021,11484020.977909716
27.88,0.0070559416,0.015777565,False,True,1738843200000,11.3842908394,625975.786369939
23.33,0.0573528464,0.1282448632,False,False,1738878780000,10.8876096797,11251581.32766512
24.83,0.0287445144,0.0642746882,False,False,1738863720000,7.9559597862,8591433.60402233
22.16,0.0983003302,0.2198062205,False,False,1738883700000,11.6496732885,21464876.963099096
27.98,0.0067383719,0.0150674576,False,False,1738822800000,10.1146415794,1573184.96392404
30.41,0.0022006703,0.0049208483,False,True,1738855980000,6.0192283268,513776.246926127
22.98,0.067383719,0.1506745763,False,False,1738815480000,13.4315153595,22019522.809556887
25.55,0.0206326484,0.0461360043,False,False,1738878420000,10.1465556151,5020497.78529585
24.49,0.0336166921,0.0751692087,False,False,1738850520000,15.7491691036,8869446.091153098
25.47,0.021406959,0.0478674154,False,False,1738823340000,6.792161794,4677690.496324526
18.59,0.5088092249,1.1377320144,True,False,1738748040000,10.1763046837,14819302.2881653
26.8,0.0116025908,0.0259441818,False,True,1738776360000,18.2049786622,39424236.53795294
24.0,0.0421264611,0.0941976306,False,False,1738714800000,7.882129409,72054174.07781437
19.04,0.4135756649,0.9247833005,False,False,1738784700000,15.2066569853,60875727.7529206
28.0,0.0066765941,0.0149293183,False,False,1738719240000,5.2888255903,43946464.29946241
22.91,0.0695913044,0.1556108872,False,False,1738730040000,26.8441473714,60658568.53775056
26.46,0.0135692229,0.0303417048,False,False,1738767720000,3.4116323729,50491455.91899491
24.01,0.0419329075,0.0937648318,False,False,1738729200000,8.1666240453,19785929.17736416
22.18,0.0973991073,0.217791025,False,False,1738774620000,6.283777382,14152846.06616271
25.31,0.0230438467,0.0515276076,False,False,1738730220000,5.4697425335,10472281.083634973
27.57,0.0081386988,0.0181986838,False,False,1738757640000,4.7576555877,6386715.233018702
26.2,0.0152951935,0.0342010925,False,False,1738775880000,18.0517221545,879490.709741201
26.96,0.0107784169,0.0241012728,False,True,1738792740000,6.5984279276,322921.51338839
23.53,0.0523064176,0.1169607054,False,False,1738735800000,15.4223986971,21836254.961915776
27.86,0.0071212294,0.015923553,False,False,1738796580000,9.6829842505,1109701.516280455
25.46,0.021505769,0.0480883614,False,False,1738738740000,15.5270712629,3932565.810896943
24.43,0.0345585074,0.0772751717,False,False,1738764420000,16.9208765731,2244881.330036563
25.12,0.0251509837,0.0562393094,False,False,1738765320000,7.8597852012,3858333.522708929
24.5,0.0334622374,0.0748238376,False,False,1738732920000,4.592599511,20378347.902565263
24.8,0.0291443905,0.0651688382,False,False,1738635300000,12.6879328422,3221481.327919149
25.6,0.0201629919,0.0450858206,False,False,1738642980000,5.509707406,42213564.68518282
25.4,0.022108281,0.0494356193,False,False,1738649520000,11.7834695066,41739188.1190373
19.56,0.3255029858,0.727846803,False,False,1738643520000,29.3302868504,60364054.971724965
24.11,0.0400456158,0.0895447192,False,False,1738669260000,6.724320869,27392185.06603491
21.07,0.1623883902,0.3631114793,True,False,1738678740000,22.5247297071,67311767.7074855
20.89,0.1764229081,0.3944936153,False,False,1738680840000,16.3666022187,52858560.7433525
22.7,0.0766575574,0.1714115092,False,False,1738652580000,33.5783332757,45636721.07081808
26.27,0.0148099972,0.0331161605,False,False,1738656660000,7.6764888296,14941503.44752434
27.8,0.0073207399,0.016369672,False,False,1738646040000,14.1089292678,65392950.77752837
27.05,0.01034082,0.0231227764,False,False,1738703040000,16.2877622095,23831307.609695747
29.32,0.0036354232,0.0081290534,False,False,1738681200000,11.8702618464,33652398.94892142
23.18,0.0614546821,0.1374168468,False,False,1738681440000,10.6608432255,50258543.19540602
25.41,0.0220067027,0.0492084832,False,False,1738657260000,14.8545586945,6296416.043833966
26.49,0.0133830462,0.029925401,False,False,1738701960000,6.03776507,4713681.739235068
26.32,0.0144728805,0.0323623447,False,False,1738713420000,9.9074562626,4549773.8755432
25.64,0.0197949759,0.0442629117,False,False,1738643880000,6.5318647808,291451.566902858
25.99,0.0168482569,0.0376738478,False,False,1738638780000,5.6594166059,6059420.495177028
26.06,0.0163137941,0.0364787526,False,False,1738683240000,4.15224082,8649286.810378505
21.83,0.1144339731,0.2558821427,True,False,1738578360000,16.1458808118,18470366.151855
21.75,0.1187284988,0.2654849942,False,False,1738610760000,13.6018707409,18251012.380811423
24.78,0.0294140602,0.0657718381,False,False,1738547940000,9.3297750145,48256790.29838534
28.3,0.0058150704,0.0130028927,False,False,1738601340000,10.0620446051,42225926.04693964
28.32,0.0057617575,0.0128836815,False,False,1738594680000,14.7928492108,60818033.74861768
25.3,0.0231502122,0.0517654482,False,False,1738557600000,25.7941190379,73557953.63354445
24.5,0.0334622374,0.0748238376,False,False,1738562880000,9.9602797086,45765037.56670592
27.3,0.0092162655,0.0206081961,False,False,1738588200000,11.122841899,5948840.412515114
24.16,0.0391340663,0.0875064325,False,False,1738564200000,12.0254400751,39942884.70879178
25.8,0.0183888672,0.0411187571,False,False,1738626300000,3.0255908505,64672958.93817504
28.21,0.0060611492,0.0135531417,False,True,1738544580000,14.1684688503,13373453.789522938
25.8,0.0183888672,0.0411187571,False,False,1738594800000,3.3848489195,6486643.259186414
26.73,0.011982708,0.0267941497,False,False,1738547040000,14.079537012,19318931.780472785
25.6,0.0201629919,0.0450858206,False,True,1738546920000,12.741497576,26908457.76534676
24.37,0.0355267088,0.079440136,False,False,1738619880000,3.9415980211,13967803.67362787
27.23,0.0095182033,0.0212833496,False,True,1738610340000,3.0042970585,27528954.290371355
23.42,0.0550243571,0.1230382028,False,False,1738613160000,7.5036264457,23229729.30611029
26.3,0.0146067964,0.0326617897,False,False,1738551180000,8.0750597237,11692296.443248102
28.45,0.0054269395,0.0121350055,False,False,1738617720000,13.6474197029,637720.819862148
29.86,0.0028350125,0.0063392806,False,False,1738547940000,12.2323913374,124256.828570072
27.13,0.0099667824,0.022286403,False,False,1738624800000,12.6566622549,1095429.580286715
28.18,0.0061454682,0.0137416847,False,False,1738580280000,7.0020366146,2442469.747938953
28.21,0.0060611492,0.0135531417,False,True,1738600800000,3.4162562514,1012794.678936541
27.72,0.0075954757,0.0169839999,False,False,1738581480000,3.5483510215,4249271.338309602
25.57,0.0204434871,0.0457130269,False,False,1738608360000,8.0964431081,5512279.734500541
29.49,0.0033616692,0.0075169209,False,True,1738565040000,4.1669669007,28999646.50728461
20.2,0.2424124811,0.5420507863,True,False,1738487160000,13.2056022631,66886272.21544292
23.4,0.0555334912,0.1241766613,False,False,1738497060000,6.2623765853,70331538.85210866
25.2,0.0242412481,0.0542050786,False,False,1738499340000,12.0543231711,28601105.1405846
24.2,0.0384197891,0.0859092601,False,False,1738485600000,17.6371601147,41759581.40539422
25.51,0.0210162379,0.0469937366,False,False,1738524720000,11.118865325,10787910.628367657
24.96,0.0270741591,0.0605396602,False,False,1738476240000,14.5134910753,64623216.24018005
25.08,0.0256185754,0.0572848762,False,False,1738501920000,16.7896898637,65346143.80309406
26.53,0.0131387781,0.0293792009,False,False,1738480920000,5.0751430847,3384359.539391381
26.99,0.0106305314,0.023770591,False,False,1738483680000,16.3439992628,2031071.356859445
26.71,0.0120935826,0.0270420729,False,False,1738535820000,11.2620090354,1130084.046550511
28.21,0.0060611492,0.0135531417,False,False,1738478100000,5.9734066133,1267347.97608326
23.9,0.04411182,0.0986370281,False,False,1739133480000,13.6688641603,37192843.505387686
24.79,0.0292789148,0.0654696439,False,False,1739137080000,4.2616705301,1335063.30234089
21.51,0.1326034968,0.2965104328,False,False,1739061960000,7.0114763134,25859981.615809083
23.9,0.04411182,0.0986370281,False,False,1739106420000,7.9269036258,56005507.92450156
22.08,0.1019893859,0.2280551997,False,False,1739079000000,20.9706263115,26188867.970269047
26.1,0.0160160338,0.0358129403,False,False,1739076840000,20.7716354938,68224335.17947412
25.63,0.0198863453,0.04446722,False,False,1739097480000,10.0380860126,18804224.645840798
26.05,0.0163890951,0.0366471308,False,False,1739106360000,13.623560671,30688618.606931657
24.86,0.0283501249,0.0633928065,False,False,1739080980000,17.9162691819,54248249.064653054
26.69,0.0122054832,0.0272922901,False,False,1739072400000,5.2697563677,24874994.518063456
23.49,0.0532788665,0.1191351672,False,False,1739136000000,12.9118821624,17050505.062159475
24.07,0.0407901194,0.0912094798,False,False,1739060700000,16.8492645058,7514874.957288042
23.46,0.0540200494,0.1207925025,False,False,1739098740000,9.8558185562,4940762.524500099
25.0,0.02658,0.0594346868,False,False,1739081760000,12.5446686775,8148089.754667707
25.27,0.0234722638,0.0524855773,False,False,1739101740000,7.4350863443,6521689.926185989
21.49,0.1338304618,0.2992540101,False,False,1739061960000,7.0114757572,25859983.111787785
26.9,0.0110803882,0.0247765013,False,False,1739815620000,5.9130631483,13372373.109469844
23.31,0.0578835257,0.1294314984,False,False,1739825820000,14.4182481013,10955952.674076336
24.6,0.0319561887,0.0714562102,False,False,1739836140000,10.2457400011,8928767.286447797
25.7,0.0192555078,0.0430566244,False,False,1739826600000,10.3738765331,47877987.502964176
24.03,0.0415484643,0.0929051906,False,False,1739766960000,13.4399030161,34284898.144889936
26.58,0.012839703,0.0287104486,False,False,1739807580000,14.5763800514,35483679.20884059
29.21,0.0038243266,0.0085514543,False,False,1739793660000,18.8658102295,49435314.04548312
25.43,0.021804944,0.0487573371,False,False,1739763840000,19.263021698,46164273.18720103
27.69,0.0077011393,0.0172202709,False,False,1739763840000,2.5891100117,11608540.0515459
24.73,0.0300992017,0.067303861,False,False,1739794920000,12.3993836534,56436066.43677599
25.84,0.0180532326,0.0403682552,False,False,1739791920000,6.2375004783,37022749.425696224
24.29,0.0368599699,0.0824213984,False,False,1739798220000,3.8025810024,20820092.700287454
25.47,0.021406959,0.0478674154,False,False,1739817000000,5.4189026234,2040140.05453778
27.87,0.0070885103,0.015850391,False,False,1739801220000,8.4943299087,1321730.571694584
27.09,0.0101520787,0.0227007381,False,False,1739823540000,5.8780097352,2663544.642476881
29.38,0.0035363478,0.0079075142,False,True,1739761020000,11.7533557681,214811.441158046
26.24,0.0150160248,0.0335768522,False,False,1739836020000,6.9448280968,10794415.996463116
24.57,0.0324007435,0.0724502651,False,False,1739835480000,14.0605389986,3787266.665610967
19.23,0.3789264984,0.8473054089,False,False,1739730180000,22.114256769,63055129.06303286
24.16,0.0391340663,0.0875064325,False,False,1739673300000,9.0854327148,5971407.206325253
25.2,0.0242412481,0.0542050786,False,False,1739721840000,14.867620112,70190193.26437125
27.1,0.0101054342,0.0225964377,False,False,1739737620000,3.6429180163,36645545.756706424
21.38,0.1407845434,0.3148038092,True,False,1739731920000,9.0574227607,24420557.118980687
28.3,0.0058150704,0.0130028927,False,False,1739725920000,11.457484558,51547196.01750724
24.9,0.0278326768,0.0622357573,False,False,1739714400000,12.6965379322,16500925.317649659
21.22,0.1515496636,0.3388753497,True,False,1739691720000,38.040793626,66162244.794028886
26.55,0.013018321,0.0291098508,False,False,1739732220000,7.950637862,72375198.48077413
27.23,0.0095182033,0.0212833496,False,False,1739732400000,10.6788442327,29781916.867425743
28.19,0.0061172324,0.0136785474,False,False,1739718540000,2.7287942651,38232246.918104544
20.54,0.2072788434,0.4634895841,True,False,1739700240000,9.3195372805,6420246.802710491
22.12,0.1001278698,0.2238927232,False,False,1739741460000,11.4062155925,9534390.851076143
22.48,0.0848310762,0.189688053,False,False,1739695260000,16.0993974082,18726118.356251474
24.97,0.0269497646,0.0602615057,False,False,1739707620000,9.550916694,10140848.049835062
24.49,0.0336166921,0.0751692087,False,False,1739687760000,11.7410218242,6338994.425035709
27.13,0.0099667824,0.022286403,False,False,1739716260000,12.5124470439,916545.90766297
28.04,0.0065547326,0.0146568276,False,False,1739704380000,19.0439284869,764251.820292173
26.13,0.0157962856,0.0353215683,False,False,1739737680000,8.7209618855,4838383.112835632
24.44,0.0343997255,0.0769201245,False,False,1739682480000,10.2962302809,2762394.666393373
25.7,0.0192555078,0.0430566244,False,False,1739682480000,7.4086064892,6947466.961419908
25.87,0.0178055329,0.039814382,False,False,1739725260000,4.7892435385,6875805.407909335
24.53,0.0330031183,0.0737972161,False,False,1739668680000,19.391963212,17651345.773446903
22.57,0.0813869881,0.1819868378,False,False,1739690820000,13.9200780406,11424903.0262812
21.38,0.1407845434,0.3148038092,True,False,1739731920000,9.0574227367,24420557.133940477
19.77,0.2954982931,0.6607542706,False,False,1739590140000,23.4502826952,73541062.29868616
23.95,0.0431077124,0.0963917753,False,False,1739603760000,16.2218378179,21480732.06343147
22.7,0.0766575574,0.1714115092,False,False,1739623200000,15.3755260533,40089856.896816686
24.5,0.0334622374,0.0748238376,False,True,1739611680000,12.9144756493,29666449.048356254
22.51,0.0836671502,0.1870854353,False,False,1739616540000,14.3241936987,13056058.720648088
24.4,0.0350392641,0.0783501764,False,False,1739606880000,12.7103954459,59299958.56059125
23.36,0.0565659358,0.1264852778,False,False,1739652900000,17.9652085084,60978383.127775855
23.91,0.0439091446,0.0981838322,False,False,1739637660000,9.9132289491,39179897.140098974
23.59,0.0508809225,0.1137732014,False,False,1739610300000,7.7083443342,52569662.84201012
25.74,0.0189040552,0.0422707525,False,False,1739619120000,12.0226135332,10417125.0071966
23.74,0.0474848397,0.1061793296,False,False,1739626020000,20.4721415267,66586122.624464005
26.25,0.0149470324,0.0334225806,False,False,1739629740000,13.3979545399,42850195.74440116
26.4,0.0139493823,0.0311917671,False,False,1739600040000,5.6088777034,31015008.382378343
25.36,0.0225193047,0.050354696,False,False,1739657100000,10.1437014823,4985725.076875606
24.1,0.040230458,0.0899580388,False,False,1739622660000,14.4373906444,5948694.22547655
27.52,0.0083282735,0.0186225856,False,False,1739596080000,13.4955767153,284646.793630381
23.85,0.0451393163,0.1009345797,False,False,1739583240000,11.4388001658,3006401.283785518
23.09,0.0640552863,0.1432319745,False,False,1739644140000,13.7995722723,11737265.233854787
25.73,0.0189913123,0.0424658654,False,False,1739606580000,9.1626686835,2732956.677856477
27.93,0.0068953287,0.0154184238,False,False,1739622660000,6.6318215048,708943.782337455
25.76,0.0187307418,0.0418832119,False,False,1739587500000,9.2944221651,7804111.772604911
26.35,0.0142743051,0.0319183166,False,False,1739603100000,8.5978730116,2450747.297281793
28.05,0.0065246163,0.0145894856,False,False,1739602860000,7.3183394372,2321619.262868781
27.7,0.0076657557,0.0171411509,False,False,1739609040000,17.9049167221,1629837.617453892
28.0,0.0066765941,0.0149293183,False,False,1739610600000,11.0729159222,1958913.138420472
26.26,0.014878357,0.0332690178,False,False,1739625480000,4.3953031782,12190301.604005644
23.57,0.0513517179,0.1148259319,False,False,1739640360000,23.2266519232,21289589.009918883
24.35,0.0358554334,0.0801751865,False,False,1739505420000,18.6318758161,54056654.34525136
25.0,0.02658,0.0594346868,False,False,1739536260000,9.6544151171,22972887.7001049
23.67,0.0490405098,0.1096579137,False,False,1739492340000,15.6169238234,28251635.809668567
25.05,0.0259749653,0.0580817882,False,False,1739543580000,28.2199252854,56619794.1333097
25.55,0.0206326484,0.0461360043,False,False,1739546940000,12.2739465282,43055567.42532412
22.44,0.0864082036,0.1932146172,False,False,1739496300000,27.7568384484,68811382.8025899
23.92,0.0437074004,0.0977327184,False,False,1739499840000,11.9519068574,18111366.53903275
23.36,0.0565659358,0.1264852778,False,False,1739536680000,4.8687887048,26608237.66889172
26.16,0.0155795524,0.0348369383,False,False,1739528520000,12.2063971988,703443.248174999
26.11,0.0159424468,0.0356483948,False,True,1739551620000,7.6826020734,5841551.961706384
23.6,0.0506471459,0.1132504611,False,False,1739501820000,13.9079303614,6710319.496125985
26.1,0.0160160338,0.0358129403,False,False,1739567100000,5.2756726686,17029540.53633597
25.3,0.0231502122,0.0517654482,False,True,1739425500000,9.8773447779,46432132.76609064
29.8,0.002914439,0.0065168838,False,False,1739406660000,22.4173701231,17420012.48920968
26.88,0.0111829138,0.0250057554,False,False,1739422020000,13.9370038443,33497510.08649547
24.51,0.0333084924,0.0744800533,False,False,1739440920000,5.093061233,41192808.602082096
27.27,0.0093444765,0.0208948847,False,False,1739459400000,4.3513998731,68249252.97861025
27.91,0.0069591304,0.0155610887,False,False,1739463840000,8.3613490794,1475923.6095478
25.38,0.0223128464,0.0498930414,False,True,1739453700000,12.4817725624,3559802.281487682
25.48,0.0213086029,0.0476474846,False,False,1739487480000,11.340879511,8526131.755161196
24.87,0.0282198679,0.063101543,False,False,1739455620000,4.2434795792,20610696.38786788
26.4,0.0139493823,0.0311917671,False,False,1739363760000,9.6361407864,34563201.83923445
26.56,0.0129585073,0.0289761031,False,False,1739340060000,16.7015013032,63813439.08032544
26.13,0.0157962856,0.0353215683,False,False,1739371560000,8.8619430593,49918049.497333385
26.61,0.0126635356,0.0283165265,False,True,1739388540000,4.6165029984,25149395.966928802
26.54,0.0130784109,0.0292442157,False,False,1739359500000,10.0706380176,40096262.45321328
24.47,0.0339277435,0.0758647409,False,False,1739394060000,7.4434566969,65485894.04922621
24.57,0.0324007435,0.0724502651,False,False,1739352420000,5.7798652103,8900667.884691874
26.91,0.0110294785,0.0246626636,False,False,1739371920000,9.4200971558,4760501.62396556
25.99,0.0168482569,0.0376738478,False,False,1739323560000,7.7782910032,8042862.223955245
23.8,0.046190746,0.1032856481,False,False,1739240280000,9.0496097238,29168871.60286883
26.3,0.0146067964,0.0326617897,False,False,1739272440000,19.0656907753,73688472.44943528
26.1,0.0160160338,0.0358129403,False,False,1739276460000,17.1382454386,44417714.479561925
18.91,0.439091446,0.9818383215,False,False,1739312040000,18.889575627,29553969.057785556
28.22,0.0060333008,0.0134908707,False,True,1739283600000,12.1063074153,74657827.06343888
22.46,0.0856160085,0.1914432149,False,False,1739272080000,9.9849473171,11227335.626879545
24.07,0.0407901194,0.0912094798,False,False,1739249340000,14.8124499099,52057739.48438224
24.13,0.0396784754,0.0887237683,False,False,1739266980000,14.090799059,52825976.20297675
25.23,0.0239086457,0.0534613571,False,False,1739264460000,14.1276731856,46205770.00572224
24.35,0.0358554334,0.0801751865,False,False,1739265000000,13.7428317839,15708940.460785192
23.67,0.0490405098,0.1096579137,False,False,1739293020000,18.655698583,8930302.175553784
23.6,0.0506471459,0.1132504611,False,False,1739284440000,10.816052953,66118028.80982362
27.85,0.0071540995,0.0159970528,False,False,1739259840000,4.1491704522,19091318.366951402
25.69,0.0193443872,0.0432553648,False,False,1739251140000,16.3357228211,50955697.72312089
26.91,0.0110294785,0.0246626636,False,False,1739262420000,11.5924358724,36724255.79337949
27.22,0.0095621373,0.0213815891,False,False,1739297520000,4.9506564465,48230540.95852792
26.9,0.0110803882,0.0247765013,False,False,1739284080000,6.7053288921,61902204.63808755
25.14,0.0249203981,0.0557237043,False,False,1739258460000,9.592593572,45300052.620200925
24.0,0.0421264611,0.0941976306,False,False,1739287020000,4.0163521282,10163957.180803312
21.23,0.1508533561,0.3373183589,True,False,1739239500000,31.6832556664,3424071.490765841
27.1,0.0101054342,0.0225964377,False,False,1739299080000,3.8736164868,4395868.095519958
24.56,0.0325502986,0.0727846803,False,False,1739315460000,14.5487284116,10661312.96712676
28.41,0.0055278338,0.0123606121,False,False,1739250840000,2.662700944,7676597.061461127
20.25,0.2368944994,0.5297122041,False,False,1739224500000,14.8293512711,69157753.42306589
27.6,0.0080270317,0.0179489885,False,True,1739148300000,6.2480658598,38931976.66843296
22.82,0.0725362295,0.1621959399,False,False,1739158980000,18.4433842006,55263521.51815062
28.0,0.0066765941,0.0149293183,False,False,1739214180000,9.7689681858,45495645.267879434
21.78,0.1170994827,0.2618424035,False,False,1739170800000,10.9140132953,28375476.516803447
22.8,0.0732073989,0.1636967205,False,False,1739170920000,13.159048858,64725034.151199274
23.3,0.058150704,0.130028927,False,False,1739213160000,3.2201473358,60303213.57783512
24.33,0.0361871997,0.0809170384,False,False,1739224020000,11.5232499411,49343324.59484462
23.79,0.0464039528,0.1037623929,False,False,1739175480000,18.9846183026,63102022.6546339
25.9,0.0175612318,0.0392681082,False,False,1739200200000,6.1252715533,47063647.41359732
26.73,0.011982708,0.0267941497,False,False,1739189460000,7.9078781265,36429966.56431976
28.69,0.0048590904,0.0108652564,False,False,1739224500000,6.6282420675,68416868.93966559
25.39,0.0222103282,0.0496638037,False,False,1739209680000,7.0036642632,8203555.005024008
25.72,0.0190789723,0.0426618789,False,False,1739178480000,12.6124044673,4319283.261147898
25.99,0.0168482569,0.0376738478,False,True,1739146320000,8.6998957546,2340689.580462345
26.36,0.0142087207,0.0317716653,False,False,1739197440000,10.0568477667,5498927.556131135
25.08,0.0256185754,0.0572848762,False,False,1739202360000,6.8859730177,17279056.110250656
27.25,0.0094309399,0.0210882227,False,False,1739204580000,5.2445638866,17911097.56665655
24.09,0.0404161533,0.0903732663,False,False,1739953800000,16.8056397296,3434808.414131694
25.8,0.0183888672,0.0411187571,False,False,1739985060000,11.1730984193,33031067.74258116
26.3,0.0146067964,0.0326617897,False,False,1739926140000,13.9844830606,21566261.57884764
24.27,0.037201031,0.0831840342,False,False,1739924820000,23.6575666446,74076175.6748506
28.8,0.0046190746,0.0103285648,False,False,1739923680000,27.7769956637,69260145.71510696
25.7,0.0192555078,0.0430566244,False,False,1739952180000,14.7726907039,58518894.2135987
24.89,0.0279611466,0.0625230245,False,False,1739935980000,19.9377431446,48447001.357167825
25.68,0.0194336768,0.0434550225,False,False,1739946780000,11.5048963211,51566790.15204261
26.04,0.0164647438,0.0368162863,False,False,1739948340000,21.2439728285,72131813.4874112
28.46,0.0054020049,0.0120792502,False,False,1739992860000,10.3673599019,4410167.707119648
28.04,0.0065547326,0.0146568276,False,True,1739968920000,4.5606973226,42593117.2800882
28.19,0.0061172324,0.0136785474,False,False,1739948940000,3.9500521372,278598.132872245
25.63,0.0198863453,0.04446722,False,False,1739927460000,4.2464267286,9281255.05358682
26.38,0.0140784543,0.0314803809,False,False,1739953680000,34.9088634162,1763465.735313948
27.94,0.0068636476,0.0153475826,False,False,1739972640000,13.9349899449,1457463.546545327
25.04,0.0260948603,0.0583498816,False,True,1739971020000,11.6909952371,575852.01772071
27.5,0.008405334,0.0187948982,False,False,1739962860000,8.5038582787,707513.192866432
23.29,0.0584191154,0.1306291133,False,False,1739974260000,18.1055298253,9868446.036341412
28.08,0.0064350952,0.0143893103,False,False,1739979660000,7.1484782094,3207835.80308646
23.91,0.0439091446,0.0981838322,False,False,1739966400000,18.9367416154,23054167.78330521
25.12,0.0251509837,0.0562393094,False,False,1739996280000,20.7132318615,8232848.407219549
29.3,0.0036690614,0.0082042706,False,True,1739885520000,22.2032872016,68757446.62198243
23.05,0.065246163,0.1458948557,False,False,1739919480000,8.9615515115,14630970.821900852
24.6,0.0319561887,0.0714562102,False,False,1739889120000,9.3701582739,28867796.74906397
27.8,0.0073207399,0.016369672,False,False,1739859360000,8.2603253414,41044467.71322499
26.14,0.0157237082,0.0351592805,False,False,1739891340000,10.3336847457,32598883.939207897
26.21,0.0152249185,0.0340439527,False,False,1739852100000,10.3114491867,20601659.13566182
22.93,0.0689532874,0.154184238,False,False,1739885640000,15.0002266412,36278522.53692566
23.52,0.052547853,0.1175005715,False,False,1739916720000,19.2077853378,55428859.6421982
25.35,0.0226232491,0.0505871228,False,False,1739839620000,18.2189127823,51117440.00804664
25.95,0.0171614894,0.0383742569,False,False,1739841900000,6.0846307529,27765881.95151489
24.31,0.0365220357,0.0816657545,False,False,1739857800000,13.0423590256,62175694.4674527
23.78,0.0466181437,0.1042413384,False,False,1739886000000,20.8824112694,9174526.996399112
30.9,0.0017561232,0.0039268108,False,True,1739905740000,7.9384648308,122573.209261731
26.11,0.0159424468,0.0356483948,False,False,1739853180000,7.3714728099,5099934.927456265
23.73,0.0477040198,0.1066694311,False,False,1739908620000,25.5915667451,6080013.135655499
27.25,0.0094309399,0.0210882227,False,True,1739902860000,18.1163747149,815973.159554919
24.42,0.0347180222,0.0776318577,False,False,1739922540000,17.9303194996,20414488.174873896
28.02,0.0066153828,0.0147924455,False,False,1739885940000,11.1703399118,734134.971581004
25.25,0.0236894499,0.0529712204,False,False,1739862960000,12.3689346489,14989939.49788359
24.0,0.0421264611,0.0941976306,False,False,1739861400000,23.5707540545,11918226.057943696
25.65,0.0197040262,0.044059542,False,False,1739867280000,11.0875577432,7233030.341199779
20.21,0.2412986969,0.5395602892,True,True,1740458880000,16.8962992971,58574507.31152992
26.6,0.0127219879,0.0284472297,False,False,1740480480000,15.4247254715,70813589.4000307
22.36,0.0896509666,0.2004656557,False,False,1740445620000,14.5528180487,3600240.186445891
26.33,0.0144063837,0.0322136532,False,False,1740443460000,24.1772173081,59260640.78464445
25.26,0.0235806068,0.0527278398,False,False,1740504600000,14.4946858932,12027964.622667287
26.19,0.0153657929,0.0343589575,False,True,1740462000000,9.6330885786,11056066.979511771
24.67,0.0309424699,0.069189466,False,False,1740472740000,6.9434101727,22786186.551427715
26.62,0.012605352,0.0281864239,False,False,1740466500000,5.1488362368,2742173.013672715
26.87,0.0112345318,0.0251211767,False,False,1740466980000,23.5874574608,49203705.27676829
26.62,0.012605352,0.0281864239,False,False,1740499260000,6.4880031627,5580476.257266813
25.32,0.0229379698,0.0512908597,False,False,1740522120000,24.4765406746,975755.772222815
26.63,0.0125474356,0.028056919,False,True,1740514980000,9.8493832586,289924.591524194
24.82,0.0288771931,0.0645713667,False,False,1740488520000,9.8692928242,8069202.564196986
27.37,0.0089239058,0.01995446,False,False,1740482340000,6.25410658,2783202.518367626
27.42,0.0087207729,0.019500241,False,True,1740507000000,14.7660395301,907782.688835175
24.83,0.0287445144,0.0642746882,False,False,1740503940000,11.576934293,8773427.745478688
23.72,0.0479242116,0.1071617948,False,False,1740479700000,30.0208044891,15791859.987042828
27.79,0.0073545309,0.016445231,False,False,1740523440000,3.5885209999,3838243.306676853
26.81,0.0115492818,0.0258249791,False,False,1740441840000,9.5152542531,1295820.48988675
24.25,0.0375452479,0.0839537266,False,False,1740508380000,14.8745859203,13187773.317193188
25.9,0.0175612318,0.0392681082,False,False,1740479400000,5.9595966722,16134742.77805914
27.49,0.0084441313,0.0188816516,False,False,1740452700000,28.0730045961,400336.705697672
26.59,0.0127807099,0.0285785361,False,False,1740495840000,7.4982259846,6033752.402883706
26.47,0.013506878,0.0302022973,False,True,1740472320000,6.7557362958,4575607.512839464
27.59,0.0080640828,0.0180318372,False,False,1740521400000,3.9177121297,21143054.859417126
26.28,0.0147419515,0.0329640056,False,False,1740510960000,11.3814520254,14769379.339696757
26.43,0.0137579896,0.0307638,False,False,1740506340000,17.5947460937,5008973.288983595
23.46,0.0540200494,0.1207925025,False,False,1740448920000,12.3900727481,17030532.6843696
20.71,0.191670368,0.428587972,True,False,1740356880000,23.61028202,10466234.711724248
19.6,0.3195618867,0.7145621017,False,False,1740417600000,10.5949764699,29332106.06670868
19.5,0.3346223745,0.7482383761,False,False,1740427140000,24.4606550279,54231473.54846572
22.03,0.1043650238,0.2333672878,True,False,1740375420000,6.4304145902,21057834.05416549
26.1,0.0160160338,0.0358129403,False,False,1740365280000,5.3462372007,12117164.566703262
23.9,0.04411182,0.0986370281,False,False,1740426360000,5.3360644505,64752234.00600309
26.7,0.0121494041,0.0271668934,False,False,1740403320000,22.1345609188,56469844.85791306
24.75,0.0298232505,0.0666868155,False,False,1740436260000,12.9105834004,21856672.55792656
19.85,0.2848098313,0.6368541435,False,False,1740417600000,10.5950031112,29332071.00096795
25.38,0.0223128464,0.0498930414,False,False,1740408420000,27.6842240368,58775165.56748343
24.1,0.040230458,0.0899580388,False,False,1740381240000,24.1843284593,57212338.56560096
28.58,0.0051115778,0.0114298355,False,False,1740407220000,9.1937830599,13043968.684548084
22.2,0.096506147,0.2157943048,False,False,1740416220000,10.0867730194,10512144.652450675
21.58,0.1283970296,0.2871044863,True,False,1740394020000,14.135377109,7829952.904754462
24.96,0.0270741591,0.0605396602,False,False,1740371700000,11.5657264585,4055172.709598998
27.75,0.0074912618,0.0167509707,False,False,1740415800000,8.3759045164,1130975.978971025
28.1,0.0063760979,0.0142573883,False,False,1740371640000,7.8588627568,1552338.126744865
29.06,0.0040978398,0.0091630484,False,False,1740382440000,7.5561002034,725099.993262567
25.41,0.0220067027,0.0492084832,False,False,1740375480000,4.5206783748,22739454.540486056
30.91,0.0017480545,0.0039087688,False,True,1740363060000,8.8972755512,7201979.313629608
20.38,0.2231284644,0.4989304142,False,False,1740272580000,26.0224072912,27220027.238847427
25.0,0.02658,0.0594346868,False,False,1740277740000,13.5178139657,18878369.62871188
26.8,0.0116025908,0.0259441818,False,False,1740319140000,24.0424055148,48040384.099053726
19.7,0.3051792326,0.6824015094,False,False,1740311520000,8.8682135417,53112198.636172906
25.1,0.0253837029,0.0567596853,False,False,1740322560000,13.1066103502,45025589.98580674
26.2,0.0152951935,0.0342010925,False,False,1740290160000,4.3456154287,35361938.57156456
25.71,0.0191670368,0.0428587972,False,False,1740333600000,6.4030153398,64155612.882156454
23.59,0.0508809225,0.1137732014,False,False,1740310020000,17.2755732176,18829575.81504652
22.0,0.1058168859,0.2366137501,False,False,1740335820000,4.7628283653,25867858.093262453
23.31,0.0578835257,0.1294314984,False,False,1740323520000,12.6214542109,7240426.714208958
24.78,0.0294140602,0.0657718381,False,False,1740295260000,17.4240356181,1034218.978853703
29.56,0.0032550299,0.007278468,False,False,1740291240000,11.9922761339,187671.171185841
27.96,0.0068007213,0.0152068751,False,False,1740341820000,5.6181923275,3851015.179948742
24.54,0.0328514828,0.0734581487,False,False,1740285780000,11.047265096,3601836.440598152
25.75,0.0188171989,0.042076536,False,False,1740319380000,15.8433210026,4694765.911361853
24.77,0.0295498293,0.0660754271,False,False,1740304380000,10.194331949,6302042.928357424
27.54,0.0082519194,0.0184518527,False,False,1740278880000,16.1816615616,1588077.28228467
25.1,0.0253837029,0.0567596853,False,True,1740245340000,18.8058470477,34736492.54117186
22.3,0.0921626549,0.2060819612,False,False,1740226980000,6.9995784115,51174999.44906549
23.16,0.0620233153,0.1386883492,False,False,1740250320000,14.4177280298,52129708.58119396
23.18,0.0614546821,0.1374168468,False,False,1740223680000,11.0115769909,47266886.60680301
25.25,0.0236894499,0.0529712204,False,False,1740254880000,17.4534543801,57597444.48775713
22.68,0.077366861,0.1729975604,False,False,1740188280000,24.5960186565,37384908.81480904
27.88,0.0070559416,0.015777565,False,False,1740247020000,8.6617107778,1311812.965943147
24.75,0.0298232505,0.0666868155,False,False,1740187380000,7.9157002397,4695377.617052283
24.74,0.0299609084,0.0669946278,False,False,1740236400000,14.6902526221,8595789.624720562
30.24,0.0023798795,0.0053215724,False,True,1740186300000,15.430940786,150543.238779678
30.32,0.002293797,0.005129086,False,False,1740252060000,3.944883676,154713.458923372
26.42,0.0138214936,0.0309057992,False,False,1740268560000,7.6881809988,2693143.792799128
26.18,0.0154367182,0.0345175513,False,False,1740185940000,13.1835858453,1056587.211410991
26.88,0.0111829138,0.0250057554,False,False,1740239100000,7.670355488,3857564.395179898
26.33,0.0144063837,0.0322136532,False,False,1740215940000,4.5746169495,8992641.178760419
28.82,0.0045767267,0.010233872,False,False,1740264060000,11.2269388331,451174.579779346
23.72,0.0479242116,0.1071617948,False,False,1740110100000,20.3339786527,57070250.0000422
26.27,0.0148099972,0.0331161605,False,False,1740175140000,16.6721788629,1066006.820812985
22.98,0.067383719,0.1506745763,False,False,1740156480000,22.3498910075,71784376.96715167
25.25,0.0236894499,0.0529712204,False,False,1740155100000,8.222728285,43975800.32209111
27.5,0.008405334,0.0187948982,False,False,1740165960000,11.5823604501,48115814.0229096
25.3,0.0231502122,0.0517654482,False,False,1740123060000,10.4099866945,43476378.81357977
23.89,0.0443154309,0.099092316,False,False,1740099060000,18.1713061427,25486594.143603623
26.16,0.0155795524,0.0348369383,False,False,1740116340000,9.5598357129,13381082.32346657
23.54,0.0520660914,0.1164233197,False,False,1740145980000,15.4239273381,57289112.07280666
26.51,0.0132603497,0.0296510433,False,False,1740153540000,10.8004834342,50945763.227769926
26.22,0.0151549664,0.033887535,False,False,1740130680000,10.5178180726,4168098.920696335
29.93,0.0027450798,0.0061381851,False,False,1740160200000,6.6930029204,299199.898820786
24.87,0.0282198679,0.063101543,False,False,1740139200000,9.329281972,2170195.266629478
27.2,0.0096506147,0.0215794305,False,False,1740097140000,5.1884088726,2121594.494055571
24.5,0.0334622374,0.0748238376,False,False,1740140880000,10.8434601895,21167495.7255839
24.49,0.0336166921,0.0751692087,False,False,1740103200000,20.3170159726,5465517.48982936
26.67,0.0123184191,0.0275448225,False,False,1740117300000,7.1669381207,1203133.299822778
25.14,0.0249203981,0.0557237043,False,False,1740166920000,8.6016804763,8581633.013724806
27.38,0.0088829042,0.0198627775,False,False,1740179640000,6.1165377296,2717974.944848948
27.46,0.0085616008,0.0191443215,False,False,1740138480000,15.2755267178,1822227.299936764
24.57,0.0324007435,0.0724502651,False,False,1740098280000,15.8207433614,10012193.986353572
23.81,0.0459785188,0.1028110936,False,False,1740165900000,14.854711064,18933265.988288146
27.3,0.0092162655,0.0206081961,False,False,1740141420000,10.9148777305,16995575.925689895
26.88,0.0111829138,0.0250057554,False,False,1740167460000,7.3474138296,8538569.531510014
25.448,0.0216249433,0.0483548431,False,False,1740145320000,4.5718011178,21758844.34730132
24.8,0.0291443905,0.0651688382,False,False,1740094620000,22.0516156932,65360740.66566144
21.8,0.1160259082,0.2594418179,False,False,1740083580000,7.3016816492,29453387.214127008
23.13,0.0628861456,0.1406176963,False,False,1740018840000,9.1912906633,5724654.196436713
28.9,0.004411182,0.0098637028,False,False,1740074940000,4.1177050206,9170110.852316923
24.13,0.0396784754,0.0887237683,False,False,1740014700000,6.8885720054,17238026.515797023
22.24,0.0947447113,0.2118556149,False,False,1740063480000,18.5610690382,16319532.993464522
25.08,0.0256185754,0.0572848762,False,False,1740073020000,3.6661640977,15375635.673395628
26.42,0.0138214936,0.0309057992,False,False,1740071040000,9.251897338,64067162.67776556
25.01,0.026457876,0.0591616093,False,False,1740041040000,31.1873542239,4726711.234998884
23.75,0.0472666667,0.1056914799,False,False,1740089340000,20.4498141291,9314541.73156542
27.5,0.008405334,0.0187948982,False,False,1740022140000,6.7981832263,3484862.530012651
26.53,0.0131387781,0.0293792009,False,False,1740095520000,4.8906372233,9578692.22574561
21.79,0.1165614595,0.2606393469,False,False,1740083580000,7.3016816579,29453387.214127008
27.7,0.0076657557,0.0171411509,False,False,1740729360000,3.6961578244,15545534.453067811
21.36,0.1420872067,0.317716653,True,False,1740712320000,28.7525118688,27094717.360950846
26.6,0.0127219879,0.0284472297,False,False,1740750780000,20.3667687959,54539057.65991066
22.68,0.077366861,0.1729975604,False,False,1740787080000,28.0315643405,41883660.57153388
27.76,0.0074568426,0.016674007,False,False,1740733560000,9.3179422488,34092722.477119885
25.16,0.0246919266,0.0552128263,False,False,1740738120000,9.5561880944,60222931.74626153
24.61,0.0318093633,0.0711278987,False,False,1740781740000,3.5337495082,13867595.824644323
24.81,0.0290104841,0.0648694146,False,False,1740761940000,4.950982898,26303005.49027956
29.45,0.0034241673,0.0076566709,False,False,1740745680000,3.2064430243,685293.48107448
24.43,0.0345585074,0.0772751717,False,False,1740766500000,17.909035111,12685059.87763292
28.54,0.0052066091,0.011642332,False,False,1740746580000,10.0137764271,262122.081701073
25.95,0.0171614894,0.0383742569,False,False,1740754560000,11.4477191826,3780668.93579057
28.7,0.0048367649,0.0108153351,False,False,1740653580000,7.132276212,33769070.836367175
29.1,0.0040230458,0.0089958039,False,False,1740628860000,15.3375680981,18913001.924571335
26.7,0.0121494041,0.0271668934,False,False,1740688920000,20.7836753311,61737703.72355965
26.8,0.0116025908,0.0259441818,False,False,1740637740000,18.2997100887,73269220.78353204
24.26,0.0373727432,0.0835679943,False,False,1740638460000,15.1658785279,59048541.50799014
24.58,0.0322518756,0.0721173863,False,False,1740647820000,17.2700464857,51210540.23782968
25.78,0.0185590173,0.0414992243,False,False,1740665100000,10.4223140535,33249975.158460017
26.2,0.0152951935,0.0342010925,False,False,1740676560000,25.9796805031,65639675.52837927
26.32,0.0144728805,0.0323623447,False,False,1740678000000,11.1892495488,8591696.626997363
26.3,0.0146067964,0.0326617897,False,False,1740664680000,8.8142905836,16126990.676274888
24.39,0.035200998,0.0787118244,False,False,1740646080000,12.9765480458,74490680.89953448
26.36,0.0142087207,0.0317716653,False,False,1740625380000,8.2347294628,7931633.44004965
24.03,0.0415484643,0.0929051906,False,False,1740673560000,9.6828810377,45617257.894258104
22.02,0.1048467509,0.2344444622,False,False,1740678720000,8.9969082718,25467645.32940008
23.19,0.0611723235,0.1367854737,False,False,1740625200000,8.9922310572,13169194.264044916
25.31,0.0230438467,0.0515276076,False,False,1740645780000,6.4510634001,4955628.079801786
25.58,0.0203495578,0.0455029946,False,False,1740652740000,13.6480034295,11397647.521069733
26.95,0.0108281678,0.0242125192,False,False,1740663180000,4.5464351427,4682324.574583729
25.37,0.0224158379,0.0501233372,False,False,1740642060000,7.7470143237,12875879.006877597
27.1,0.0101054342,0.0225964377,False,False,1740627780000,15.6476792565,1069332.979854565
23.39,0.0557898221,0.1247498347,False,False,1740644940000,10.1064588111,7120215.505716657
24.55,0.0327005439,0.0731206391,False,False,1740575640000,18.2947751197,2508262.038457094
23.64,0.0497227313,0.1111834072,False,False,1740576780000,22.1029974323,53345755.917144485
24.46,0.0340843469,0.0762149166,False,False,1740609180000,9.6513980248,62559063.01978583
25.0,0.02658,0.0594346868,False,False,1740554100000,14.5809732707,61269520.135237455
26.6,0.0127219879,0.0284472297,False,True,1740568380000,21.6570577293,43424729.90960568
22.43,0.0868070458,0.1941064553,False,False,1740593280000,15.4936598204,29690660.85026449
22.8,0.0732073989,0.1636967205,False,False,1740543360000,16.1975427591,9629977.053383484
23.4,0.0555334912,0.1241766613,False,False,1740581880000,17.2407513181,66056453.3092661
25.49,0.0212106988,0.0474285643,False,False,1740611460000,9.2250676049,35060789.5022564
23.67,0.0490405098,0.1096579137,False,False,1740600120000,10.4541511884,41779099.25997568
25.5,0.0211132445,0.0472106499,False,False,1740575280000,3.6548261648,34566695.26365448
23.43,0.0547715431,0.1224728936,False,False,1740545700000,6.7041888382,19072267.915954977
28.66,0.0049266871,0.0110164072,False,True,1740567660000,7.8383759054,854413.708551823
26.04,0.0164647438,0.0368162863,False,False,1740535800000,14.1029805143,7511328.410664378
26.0,0.0167708462,0.0375007522,False,False,1740607380000,12.8083786704,3638561.535859979
30.17,0.0024578477,0.0054959146,False,True,1740592380000,5.9986719686,298312.125221058
29.14,0.0039496169,0.008831612,False,True,1740539880000,9.1366032314,385538.648954929
25.99,0.0168482569,0.0376738478,False,False,1740574800000,16.9352581414,2716476.108829631
26.57,0.0128989683,0.02884297,False,False,1740548220000,16.9719035804,24273548.458995078
20.17,0.2457847746,0.5495914639,True,False,1740852840000,23.2810457639,69970734.14650762
26.0,0.0167708462,0.0375007522,False,False,1740828840000,9.2899468185,41207184.50859549
23.8,0.046190746,0.1032856481,False,False,1740801660000,7.1053348142,60273612.796896085
24.49,0.0336166921,0.0751692087,False,False,1740816600000,8.1415048656,22121481.178016245
26.5,0.0133215567,0.0297879063,False,False,1740871800000,5.5141393963,58022295.72161276
21.32,0.1447288051,0.3236234466,True,False,1740857400000,11.0809651348,33198695.761224825
24.78,0.0294140602,0.0657718381,False,False,1740800880000,13.4086956584,24763928.137605533
27.59,0.0080640828,0.0180318372,False,True,1740831300000,18.249145105,73579831.85827854
25.93,0.0173202827,0.0387293295,False,False,1740866760000,11.6510868762,55651515.20279033
25.43,0.021804944,0.0487573371,False,False,1740860040000,23.5137728288,6203781.646858317
23.9,0.04411182,0.0986370281,False,False,1740808980000,12.7758398859,17464582.751090683
24.26,0.0373727432,0.0835679943,False,False,1740834900000,20.8402044616,9723769.24811421
25.06,0.0258556212,0.0578149266,False,False,1740857100000,6.6905133477,20209070.0438123
23.4,0.0555334912,0.1241766613,False,False,1740871140000,12.7994670189,21350746.42930911
26.95,0.0108281678,0.0242125192,False,False,1740826740000,13.1039566571,558382.412295933
24.55,0.0327005439,0.0731206391,False,False,1740818580000,9.7326874861,16711897.89794606
24.48,0.0337718597,0.0755161741,False,False,1740795540000,12.4605518082,3596297.744019059
26.23,0.0150853356,0.0337318359,False,False,1740789900000,32.144972255,3309823.058894509
25.69,0.0193443872,0.0432553648,False,False,1740818280000,11.2849407139,6852969.278094048
25.04,0.0260948603,0.0583498816,False,False,1740866700000,8.2599736266,7448954.850349773
26.8,0.0116025908,0.0259441818,False,False,1740839100000,7.1369697923,3297529.240575992
23.21,0.0606114923,0.1355314169,False,False,1740798600000,14.1133115498,12958745.306213088
26.5,0.0133215567,0.0297879063,False,False,1740863400000,9.8152075392,7536722.664056665
24.31,0.0365220357,0.0816657545,False,False,1740887280000,10.0777491143,9303846.875120612
21.04,0.1646474378,0.3681628631,False,False,1740883620000,15.2576280799,26977432.63087085
22.1,0.1010543415,0.2259643771,False,False,1740917520000,9.1227683636,20055830.841978204
26.6,0.0127219879,0.0284472297,False,False,1740946440000,15.3833948602,61249402.19872008
22.29,0.0925880583,0.2070331923,False,False,1740903240000,22.6963354878,35272064.07577297
27.1,0.0101054342,0.0225964377,False,False,1740921240000,16.812668502,54125880.46039813
24.19,0.0385971268,0.0863057993,False,False,1740916620000,4.6708900901,57935308.59935025
24.01,0.0419329075,0.0937648318,False,False,1740905040000,7.625051023,69391027.64990763
26.03,0.0165407416,0.0369862226,False,False,1740890400000,3.5131402805,10094734.326890118
23.87,0.0447254765,0.1000092059,False,False,1740922980000,25.2921960844,22354877.835754804
26.66,0.0123752784,0.0276719637,False,False,1740936420000,4.5058994489,57355099.4090277
24.23,0.0378926498,0.0847305409,False,False,1740918600000,10.320497765,6307693.494223703
28.51,0.0052790403,0.0118042929,False,False,1740878160000,7.3772193077,767637.190170699
25.08,0.0256185754,0.0572848762,False,False,1740939660000,7.5114534013,11801580.978436243
26.42,0.0138214936,0.0309057992,False,False,1740927000000,4.2696996043,1535527.245621059
27.15,0.0098754064,0.02208208,False,False,1740923760000,14.9739576294,1474403.440872221
24.66,0.0310852938,0.0695088301,False,False,1740885420000,13.7164679984,15351821.652223727
27.68,0.0077366861,0.017299756,False,False,1740883380000,10.9973105319,840362.698692499
25.56,0.02053785,0.0459240286,False,False,1740923340000,8.3525457896,5829868.053903857
26.32,0.0144728805,0.0323623447,False,False,1740905580000,6.3504974064,8140759.59367579
26.59,0.0127807099,0.0285785361,False,False,1740920400000,11.0897504819,2090399.478535525
24.98,0.0268259417,0.0599846292,False,False,1740904740000,8.9927608946,13631948.018158002
17.39,0.8842090927,1.9771516375,False,False,1741018320000,38.7813818691,16114897.603338124
24.7,0.0305179233,0.0682401509,False,False,1741030500000,12.5770663495,18380736.65249511
22.23,0.095182033,0.212833496,False,False,1741030020000,21.8630826106,11148642.704202807
27.63,0.0079168967,0.0177027191,False,True,1740965880000,7.933592095,8425525.631768348
25.0,0.02658,0.0594346868,False,False,1740965340000,13.3944012338,45360286.07826667
18.32,0.5761757511,1.2883681464,False,False,1741039620000,28.2067589909,25888491.768436663
23.69,0.0485909037,0.1086525639,False,False,1741033500000,10.7287672843,15050951.567983324
26.02,0.0166170902,0.0371569432,False,False,1740969960000,20.3150205118,73172388.56560569
24.42,0.0347180222,0.0776318577,False,False,1741004220000,14.0795339309,32471404.84731696
25.17,0.0245784775,0.0549591464,False,False,1740998880000,7.8275095656,14467371.608534368
26.12,0.0158691979,0.0354846053,False,False,1740995640000,19.6705344923,3215496.500572142
29.27,0.0037201031,0.0083184034,False,False,1741002780000,11.9648019821,342839.691869966
27.26,0.0093876087,0.0209913311,False,False,1740995460000,7.2233867815,3443376.018784677
23.2,0.0608912622,0.1361570015,False,False,1741005720000,14.8791169017,26002243.864494912
27.23,0.0095182033,0.0212833496,False,False,1741016640000,16.465926134,1770800.877914936
26.59,0.0127807099,0.0285785361,False,False,1741005360000,11.1996731382,787874.790024299
26.79,0.0116561459,0.0260639347,False,False,1740964380000,13.1083463722,2205417.800885025
27.28,0.0093015425,0.0207988814,False,False,1740965700000,12.7836145639,731934.102677351
24.31,0.0365220357,0.0816657545,False,False,1740987540000,4.6379551878,15457626.735432897
18.34,0.57089334,1.2765563162,False,False,1741039620000,28.2067590209,25888491.768436663
22.06,0.102933082,0.2301653685,True,False,1741105560000,21.681828484,22911213.898787007
27.4,0.0088014652,0.0196806745,False,False,1741128600000,5.6737295307,31183682.479087766
24.75,0.0298232505,0.0666868155,False,False,1741054440000,31.9097739848,66442206.70596342
24.15,0.039314701,0.0879103439,False,False,1741062480000,21.7931511431,35806786.68734118
23.83,0.0455569852,0.1018685158,False,False,1741103100000,7.2306370795,40390957.03266158
25.18,0.0244655496,0.0547066321,False,False,1741099260000,8.0224968793,6288495.135813206
24.98,0.0268259417,0.0599846292,False,True,1741076160000,17.9911161494,2440592.534027045
27.1,0.0101054342,0.0225964377,False,False,1741062180000,7.073869356,473253.624694137
23.63,0.049952241,0.1116966065,False,False,1741054860000,16.3876601946,13636533.282632224
27.52,0.0083282735,0.0186225856,False,False,1741103700000,8.8293990721,1605189.259041425
21.9,0.1108038821,0.2477650126,False,False,1741062660000,14.2634124142,2761146.167449714
28.26,0.0059231806,0.0132446345,False,True,1741053900000,11.7447060616,2259709.306353306
24.38,0.0353634784,0.0790751417,False,False,1741120140000,23.639014752,2098556.511834293
26.36,0.0142087207,0.0317716653,False,False,1741052220000,10.1371170679,5053311.674166101
21.89,0.1113153296,0.2489086439,True,False,1741172280000,7.8605001934,3672622.158419023
20.92,0.1740022951,0.38908096,False,False,1741207980000,22.0264590416,25973553.999946095
22.51,0.0836671502,0.1870854353,False,False,1741151880000,28.6792622453,73425700.02091396
21.44,0.1369477737,0.3062245314,True,False,1741165140000,19.2287766226,73742982.39771333
26.8,0.0116025908,0.0259441818,False,False,1741142460000,18.763283939,50504755.408994496
27.34,0.0090480497,0.0202320542,False,True,1741200660000,17.5994369088,70778548.11855444
25.7,0.0192555078,0.0430566244,False,False,1741205700000,8.7634469402,48528868.88128405
21.99,0.1063053145,0.2377059096,False,False,1741134840000,10.9107507471,23614600.569047567
24.87,0.0282198679,0.063101543,False,False,1741171860000,10.727400615,6427843.681744831
25.61,0.0200703514,0.0448786701,False,False,1741146360000,7.7317041905,11630551.059349414
21.49,0.1338304618,0.2992540101,False,False,1741609380000,17.3279837746,66336716.09243677
27.1,0.0101054342,0.0225964377,False,False,1741610880000,16.5818306912,63109087.8179589
24.2,0.0384197891,0.0859092601,False,False,1741628280000,17.8679370831,45217659.22965208
27.7,0.0076657557,0.0171411509,False,False,1741620120000,6.8791329628,36011593.24735043
27.2,0.0096506147,0.0215794305,False,False,1741619400000,4.3643246233,4087872.64977167
27.81,0.0072871041,0.0162944602,False,False,1741636440000,6.8057089383,31470147.260833327
26.26,0.014878357,0.0332690178,False,False,1741625040000,6.6948986969,63276467.68365581
25.85,0.0179702855,0.0401827799,False,False,1741602780000,15.6063349126,39253540.760668546
21.86,0.1128638801,0.2523713081,True,False,1741648080000,17.404994571,44499286.51796533
25.8,0.0183888672,0.0411187571,False,False,1741598700000,19.338702416,67496348.69530989
26.9,0.0110803882,0.0247765013,False,False,1741588560000,6.6609843032,53051609.239895076
23.21,0.0606114923,0.1355314169,False,False,1741649580000,4.48401435,29457538.809335884
27.85,0.0071540995,0.0159970528,False,False,1741593120000,2.0364405624,2268850.289722425
24.01,0.0419329075,0.0937648318,False,False,1741639080000,10.7860473529,2577511.894785823
26.84,0.0113908197,0.0254706471,False,False,1741570800000,7.9764848805,2732534.482747763
26.09,0.0160899605,0.0359782453,False,False,1741621200000,5.2382109722,18729944.620972466
20.04,0.2609486033,0.5834988155,False,False,1741725180000,14.6570433288,68587632.43990573
23.02,0.0661538275,0.1479244553,False,False,1741701120000,8.1651893234,18663027.429270856
29.05,0.0041167546,0.0092053431,False,True,1741704360000,8.7597448126,18387962.842967372
25.47,0.021406959,0.0478674154,False,False,1741691040000,8.2957885412,16266754.82004916
26.05,0.0163890951,0.0366471308,False,False,1741732860000,19.7953128377,39579811.65068793
24.39,0.035200998,0.0787118244,False,False,1741677720000,11.0946520506,52066456.28299098
29.95,0.0027199128,0.0060819099,False,False,1741686480000,7.4523563133,65236309.07685963
27.28,0.0093015425,0.0207988814,False,False,1741710540000,2.5837942977,3696072.522128743
25.53,0.0208235599,0.0465628955,False,False,1741675620000,7.902702197,7656040.474069326
25.39,0.0222103282,0.0496638037,False,False,1741716720000,5.7067657428,10830743.939299665
23.47,0.0537718498,0.1202375114,False,False,1741670280000,18.1173742601,26671275.279191468
24.04,0.0413575665,0.0924783301,False,False,1741732980000,24.0548880427,6610237.189674942
20.71,0.191670368,0.428587972,True,False,1741760160000,15.6420094725,23201645.776688367
23.0,0.0667659413,0.1492931834,False,False,1741788180000,11.2808376479,20877692.173696324
22.91,0.0695913044,0.1556108872,False,False,1741747020000,14.1570673402,19723643.76011456
26.9,0.0110803882,0.0247765013,False,False,1741778520000,14.6059872886,49976109.16370995
26.8,0.0116025908,0.0259441818,False,False,1741775580000,7.951242276,18718249.149254583
25.12,0.0251509837,0.0562393094,False,False,1741762440000,5.4541695173,16669020.650119632
19.5,0.3346223745,0.7482383761,False,False,1741816800000,16.9229957437,12936188.28114386
18.944,0.4322698811,0.9665848387,False,False,1741789320000,41.8286165052,69447542.71827644
27.12,0.010012787,0.0223892723,False,True,1741771500000,14.9819448757,10690495.906255092
24.92,0.0275775053,0.0616651765,False,False,1741761960000,10.0272228375,44434061.63720831
27.97,0.0067694748,0.0151370059,False,True,1741748520000,3.2220973568,18242488.728012647
25.84,0.0180532326,0.0403682552,False,False,1741799160000,5.8532535422,3544820.234324626
25.27,0.0234722638,0.0524855773,False,False,1741796820000,6.5313168539,11783253.788261903
24.17,0.0389542616,0.087104377,False,False,1741822620000,10.6369129169,7336530.614905221
25.5,0.0211132445,0.0472106499,False,False,1741788660000,8.4560649009,3729881.895065122
23.7,0.0483676488,0.1081533507,False,False,1741771500000,8.0235143356,17320983.23208514
25.57,0.0204434871,0.0457130269,False,True,1741802460000,9.919217697,2874791.959261538
24.91,0.0277047973,0.06194981,False,False,1741816260000,12.1900019846,9666207.398569645
24.41,0.0348782733,0.0779901901,False,False,1741738260000,9.6731949586,6756956.003787431
21.84,0.1139081967,0.2547064711,False,False,1741820820000,13.7665744604,18232950.41270081
27.27,0.0093444765,0.0208948847,False,False,1741757160000,6.4904240749,2134542.997532569
26.88,0.0111829138,0.0250057554,False,False,1741796460000,5.8924925808,5158854.302872144
26.77,0.0117639989,0.0263051013,False,False,1741814820000,6.8440924827,4310270.483153369
23.0,0.0667659413,0.1492931834,False,False,1741788180000,11.2808376499,20877692.173696324
24.31,0.0365220357,0.0816657545,False,False,1741848240000,3.2376323215,25631367.66181357
24.4,0.0350392641,0.0783501764,False,True,1741864920000,7.4591046663,17211967.61402811
21.3,0.1460679643,0.3266178974,False,False,1741841580000,29.9491027227,35658520.68717779
22.15,0.0987540639,0.2208207999,False,False,1741875120000,25.6796441907,69084011.87573062
22.34,0.0904804968,0.2023205415,False,False,1741826940000,28.5301102756,58837339.84847541
26.3,0.0146067964,0.0326617897,False,False,1741887360000,13.457724064,32910492.472712424
24.8,0.0291443905,0.0651688382,False,False,1741892760000,6.0853569379,56271611.52359311
24.78,0.0294140602,0.0657718381,False,False,1741878180000,10.7818800094,62509312.4379831
25.37,0.0224158379,0.0501233372,False,False,1741882860000,2.8664176909,7415287.445792024
23.53,0.0523064176,0.1169607054,False,False,1741872420000,8.5099653357,23020697.17474544
26.4,0.0139493823,0.0311917671,False,False,1741885980000,3.022140023,8416471.639560634
24.8,0.0291443905,0.0651688382,False,False,1741869480000,16.2427575239,5274328.405052173
25.75,0.0188171989,0.042076536,False,False,1741876620000,3.4747454978,3348862.627682467
25.25,0.0236894499,0.0529712204,False,True,1741853400000,15.7078655554,3433857.585029761
28.29,0.0058419115,0.0130629113,False,False,1741907640000,6.6760897715,730396.745206509
24.11,0.0400456158,0.0895447192,False,False,1741855260000,12.1398831557,19953878.621991307
25.74,0.0189040552,0.0422707525,False,False,1741879440000,11.1406299392,4006262.957584393
26.93,0.0109283596,0.0244365549,False,False,1741863180000,7.8596015665,4408535.848674327
22.82,0.0725362295,0.1621959399,False,False,1741827060000,11.4530818886,1218443.130878791
21.7,0.1214940408,0.2716689341,False,False,1741871040000,14.8870931893,27062954.02312268
27.9,0.0069912523,0.0156329154,False,False,1741223220000,5.8904597323,40674211.92283012
22.7,0.0766575574,0.1714115092,False,False,1741290420000,21.7138682615,64107970.04458331
26.5,0.0133215567,0.0297879063,False,False,1741235340000,10.9228964988,49735460.58466548
26.68,0.0122618211,0.0274182656,False,False,1741289160000,18.5639584466,18967837.02381984
22.8,0.0732073989,0.1636967205,False,False,1741253520000,10.2131682409,26252471.673868664
23.36,0.0565659358,0.1264852778,False,False,1741244460000,18.8452666003,49751603.85537484
24.25,0.0375452479,0.0839537266,False,False,1741224540000,17.4035573845,542170.550963181
25.15,0.0248058993,0.0554676771,False,True,1741259580000,8.5114283577,7402399.903447051
24.81,0.0290104841,0.0648694146,False,False,1741231260000,11.8392750358,6768503.927126128
25.16,0.0246919266,0.0552128263,False,True,1741246140000,16.7794493774,6535728.68397976
26.43,0.0137579896,0.0307638,False,False,1741242000000,3.3997049508,14446896.028389173
27.25,0.0094309399,0.0210882227,False,False,1741301040000,3.3909259603,355095.22809355
30.76,0.0018730742,0.0041883212,False,True,1741278120000,5.5679476963,218158.050228455
23.97,0.0427124985,0.0955080501,False,False,1741299300000,10.8053743634,4394529.299301967
28.56,0.0051588747,0.0115355944,False,False,1741253100000,11.7640993612,819643.28897899
25.94,0.0172407032,0.0385513844,False,False,1741239300000,9.6536550763,4584824.686403774
25.79,0.0184737464,0.0413085527,False,False,1741239000000,5.6802682429,13265269.277392482
25.95,0.0171614894,0.0383742569,False,False,1741283040000,7.6495874187,5775427.967831092
24.97,0.0269497646,0.0602615057,False,False,1741221300000,15.1134454441,29798861.803200856
22.48,0.0848310762,0.189688053,False,False,1741356480000,16.709719246,17087569.654827483
24.9,0.0278326768,0.0622357573,False,False,1741312740000,4.5673527948,68547729.6614883
22.44,0.0864082036,0.1932146172,False,False,1741351560000,14.2458455324,19213821.90848508
26.73,0.011982708,0.0267941497,False,False,1741372440000,8.1641304036,1168680.611166038
25.3,0.0231502122,0.0517654482,False,False,1741371120000,5.6786270434,64290973.14887389
22.86,0.0712122941,0.1592355304,False,False,1741388760000,15.5763147732,54252461.87531034
23.34,0.057089334,0.1276556316,False,False,1741310040000,22.0938476039,37059105.47797255
23.01,0.0664591797,0.1486072436,False,False,1741391340000,8.0503825419,71892275.17887852
21.72,0.1203801767,0.2691782583,False,False,1741344720000,8.9902993551,21603488.9339982
25.24,0.0237987955,0.0532157244,False,False,1741313160000,6.661775305,5050377.775699448
25.67,0.0195233786,0.0436556017,False,False,1741384080000,7.7692987059,3013007.989478115
24.46,0.0340843469,0.0762149166,False,False,1741327920000,10.1842979111,11117295.024056423
28.66,0.0049266871,0.0110164072,False,False,1741344060000,15.3380112651,447684.461472246
25.26,0.0235806068,0.0527278398,False,False,1741360920000,10.5420724829,13372420.561914207
18.08,0.6435095206,1.4389310323,True,False,1741397820000,18.6063389926,7902730.593013318
25.46,0.021505769,0.0480883614,False,False,1741449720000,3.9111215347,19684139.869457692
23.11,0.0634680239,0.1419188158,False,False,1741434300000,12.4858682671,756859.366747188
25.3,0.0231502122,0.0517654482,False,False,1741427160000,4.6990868684,11359577.361439165
27.1,0.0101054342,0.0225964377,False,False,1741400460000,11.2032509578,23445035.302866768
27.34,0.0090480497,0.0202320542,False,True,1741476420000,17.9347400878,56391377.24458833
20.15,0.2480589932,0.5546767711,False,False,1741432560000,36.7510472518,70407847.0500995
27.43,0.0086807046,0.0194106455,False,False,1741404180000,6.981663819,3683102.566317187
27.66,0.0078082728,0.0174598287,False,False,1741419360000,5.5923232615,1282734.820122749
24.81,0.0290104841,0.0648694146,False,False,1741399200000,16.8806766088,1507561.973315378
26.34,0.0143401923,0.0320656449,False,False,1741450920000,9.6600672933,4122617.562907668
28.32,0.0057617575,0.0128836815,False,False,1741398180000,2.4484621233,3604475.4068641
28.61,0.0050414443,0.0112730122,False,False,1741421580000,4.6842645133,1946286.360122696
26.4,0.0139493823,0.0311917671,False,False,1741462080000,10.3220243178,6409086.517372538
26.8,0.0116025908,0.0259441818,False,False,1741447920000,10.5463459098,144201.515794212
24.2,0.0384197891,0.0859092601,False,False,1741409880000,8.3010248646,15315816.51167106
25.56,0.02053785,0.0459240286,False,False,1741431600000,6.5430651693,2747026.267771255
15.93,1.7320282714,3.8729329538,False,False,1741558740000,34.0797637633,11613384.883284358
19.81,0.2901048414,0.648694146,False,False,1741492140000,16.6102602072,26530689.02032261
19.66,0.3108529381,0.6950883007,False,False,1741518720000,21.2936648097,44358829.70613337
24.64,0.0313729225,0.0701519874,False,False,1741516860000,10.2459462472,17691053.40144292
25.6,0.0201629919,0.0450858206,False,False,1741488060000,21.6404156216,62951998.17638802
24.25,0.0375452479,0.0839537266,False,False,1741502100000,14.3950006365,70074531.34206544
22.46,0.0856160085,0.1914432149,False,False,1741539720000,10.6158740561,50149223.02600524
27.53,0.0082900085,0.0185370226,False,True,1741501320000,22.3428878662,61697486.49041947
26.7,0.0121494041,0.0271668934,False,False,1741515240000,9.8537887876,14737221.452446245
22.51,0.0836671502,0.1870854353,False,False,1741550220000,24.0261946721,27568591.996322934
24.89,0.0279611466,0.0625230245,False,False,1741492200000,13.4695466155,7719477.824837501
25.03,0.0262153087,0.0586192124,False,False,1741562280000,9.8926844229,4999225.925608218
25.74,0.0189040552,0.0422707525,False,False,1741532400000,2.3149428116,14738665.386047272
26.61,0.0126635356,0.0283165265,False,False,1741517280000,4.3725777186,557071.441281762
20.66,0.1961349444,0.4385710684,True,False,1742468520000,18.3555186205,49188925.87487994
23.7,0.0483676488,0.1081533507,False,False,1742485500000,14.4129692253,55448221.33156316
24.1,0.040230458,0.0899580388,False,False,1742497140000,11.2133494046,44904232.423796415
24.76,0.0296862251,0.0663804174,False,False,1742459220000,13.7026966356,12660924.116322009
24.35,0.0358554334,0.0801751865,False,False,1742478300000,6.0173680138,66177846.04173567
21.67,0.1231841913,0.2754482254,False,False,1742474700000,19.1834225814,26475827.098176017
25.72,0.0190789723,0.0426618789,False,False,1742433900000,6.3726766369,10855946.198785596
22.48,0.0848310762,0.189688053,False,False,1742446380000,14.4595028058,8131553.206117907
26.6,0.0127219879,0.0284472297,False,False,1742485740000,6.2865908569,3945789.933489629
27.35,0.0090064777,0.0201390963,False,False,1742503500000,5.4973269063,2780183.21447699
26.24,0.0150160248,0.0335768522,False,False,1742499840000,8.9707953336,462186.673467277
28.08,0.0064350952,0.0143893103,False,False,1742501340000,13.0578992627,411301.137504221
25.53,0.0208235599,0.0465628955,False,False,1742509680000,13.1884800775,21586592.946646158
26.81,0.0115492818,0.0258249791,False,True,1742453940000,8.1588520702,619672.719474081
25.98,0.0169260249,0.0378477424,False,True,1742438220000,15.7364499824,1808443.262436242
25.09,0.0255008688,0.0570216761,False,False,1742482440000,17.2901995356,6748550.518346167
22.36,0.0896509666,0.2004656557,False,False,1742476860000,8.3457168823,29525812.68916073
25.919,0.0174082445,0.038926018,False,False,1742477160000,11.8298563442,25367127.364032015
18.98,0.425162524,0.9506923052,False,False,1742535720000,27.8620875196,64256255.85150469
26.9,0.0110803882,0.0247765013,False,False,1742588040000,5.6218824523,37440397.83626689
27.6,0.0080270317,0.0179489885,False,False,1742532840000,9.4659151018,15796534.90552054
25.3,0.0231502122,0.0517654482,False,False,1742563860000,13.8405515093,1489340.234679602
24.48,0.0337718597,0.0755161741,False,False,1742558280000,8.3440008241,43203072.76519792
25.22,0.024019003,0.0537081235,False,False,1742570160000,5.5578388749,14614057.98982864
27.92,0.0069271561,0.015489592,False,False,1742538900000,10.9697768999,934006.07346215
24.72,0.0302381333,0.0676145215,False,False,1742522520000,15.0158129868,3023064.03309845
25.09,0.0255008688,0.0570216761,False,False,1742585820000,11.967154814,7586228.877738747
26.95,0.0108281678,0.0242125192,False,False,1742562480000,9.8108693122,2145823.993391825
25.39,0.0222103282,0.0496638037,False,False,1742573100000,10.1216433214,3668307.546411205
30.73,0.0018991312,0.0042465865,False,True,1742558220000,8.0725215889,81966.139032126
24.08,0.0406027058,0.0907904103,False,False,1742553720000,7.0219951784,11031713.553300008
26.758,0.0118291892,0.0264508711,False,False,1742575980000,14.4673874052,27478777.758553375
23.77,0.0468333233,0.1047224945,False,False,1741967100000,12.0535175001,8465703.760025302
24.5,0.0334622374,0.0748238376,False,False,1741987320000,15.5225024255,38324285.99035653
21.01,0.1669379118,0.3732845187,True,False,1741991160000,17.1559905262,29647919.78137912
27.6,0.0080270317,0.0179489885,False,False,1741937460000,20.3141808196,65676911.26101055
25.4,0.022108281,0.0494356193,False,False,1741992660000,4.3449365227,54092292.86630402
24.5,0.0334622374,0.0748238376,False,False,1741987020000,15.0344278392,48110563.73606408
28.0,0.0066765941,0.0149293183,False,False,1741979700000,13.5470406836,59335472.75085414
22.11,0.100590039,0.2249261651,False,False,1741944300000,17.6158766376,19455122.270489346
27.2,0.0096506147,0.0215794305,False,False,1741957020000,7.1572686982,12413545.592859639
25.29,0.0232570687,0.0520043867,False,False,1741975080000,8.1382023603,73775922.7416631
26.48,0.0134448195,0.0300635304,False,False,1741996260000,4.8372521323,26900700.42763705
26.51,0.0132603497,0.0296510433,False,False,1741932900000,20.6843749343,70185458.40202703
27.0,0.0105816886,0.023661375,False,False,1741947180000,2.726635711,7480777.32421596
24.7,0.0305179233,0.0682401509,False,False,1741935600000,7.2962081482,17999439.1929134
24.58,0.0322518756,0.0721173863,False,False,1741911720000,1.6924691713,26254384.058239806
27.53,0.0082900085,0.0185370226,False,False,1741963440000,8.8642478299,2195198.186953632
26.5,0.0133215567,0.0297879063,False,False,1741935420000,7.6655728684,12247278.97467212
25.56,0.02053785,0.0459240286,False,False,1741984560000,6.2570496253,5436452.837736836
25.61,0.0200703514,0.0448786701,False,False,1741941300000,3.5588142111,11709759.870280849
26.82,0.0114962176,0.0257063241,False,False,1741965780000,5.7852550895,3898639.377627289
22.95,0.0683211199,0.1527706684,False,False,1742051640000,8.3471359512,59106593.72439278
25.9,0.0175612318,0.0392681082,False,False,1742046420000,20.5819347367,5121209.509825131
27.93,0.0068953287,0.0154184238,False,True,1742034060000,17.3209058824,74013144.22798309
25.53,0.0208235599,0.0465628955,False,False,1742043600000,10.985292795,12500899.199984074
24.46,0.0340843469,0.0762149166,False,False,1742001240000,22.1340488113,41181691.08677518
24.56,0.0325502986,0.0727846803,False,False,1742070660000,8.3788881882,7595100.884137606
25.47,0.021406959,0.0478674154,False,False,1742020920000,6.9860958718,6893555.404621853
23.22,0.0603330078,0.1349087066,False,False,1742041020000,20.9161600484,14794135.513294134
24.2,0.0384197891,0.0859092601,False,False,1742030700000,9.6454628768,8690067.758212412
24.32,0.0363542322,0.0812905344,False,False,1742019000000,15.2640888332,19923252.8413264
24.7,0.0305179233,0.0682401509,False,False,1742064300000,15.2332761476,6592732.473630076
23.77,0.0468333233,0.1047224945,False,False,1742072640000,18.0335926038,2274435.241962922
24.59,0.0321036917,0.0717860371,False,False,1741997340000,11.5865139708,7444486.436771808
22.55,0.0821400526,0.1836707413,False,False,1742030940000,18.3819178513,27833845.580317143
24.61,0.0318093633,0.0711278987,False,False,1742032380000,5.8532359152,458822.247290551
23.29,0.0584191154,0.1306291133,False,False,1742045520000,22.0343844252,7791790.24876087
23.69,0.0485909037,0.1086525639,False,False,1742058480000,12.3746035938,21703474.52542629
20.17,0.2457847746,0.5495914639,False,False,1742143680000,30.1770124086,69739452.48849533
24.9,0.0278326768,0.0622357573,False,False,1742115240000,18.6786907494,22143040.95376448
21.56,0.1295850727,0.2897610314,False,False,1742138700000,18.2207601929,28319636.14978812
20.8,0.1838886721,0.411187571,False,False,1742149800000,12.227234219,23280684.853876505
21.72,0.1203801767,0.2691782583,True,False,1742160360000,14.9425125029,27889165.990015708
23.47,0.0537718498,0.1202375114,False,False,1742098260000,11.8894074986,22378852.689596742
22.05,0.1034081995,0.2312277636,False,False,1742162340000,19.8013747064,74763912.85209133
24.87,0.0282198679,0.063101543,False,False,1742164920000,7.777261175,30238534.236589722
24.64,0.0313729225,0.0701519874,False,False,1742119740000,16.7378745713,44033322.677798
28.09,0.0064055286,0.0143231974,False,True,1742092020000,1.4092439415,20046190.60563753
26.32,0.0144728805,0.0323623447,False,False,1742153280000,6.4956830569,3283080.420060764
25.13,0.0250354255,0.0559809132,False,False,1742123220000,10.3997557702,9153082.455890138
26.34,0.0143401923,0.0320656449,False,False,1742104260000,10.8273236666,11226455.51269076
23.27,0.0589596608,0.1318378096,False,False,1742133900000,20.5843282739,7945735.567501153
26.0,0.0167708462,0.0375007522,False,False,1742094600000,10.5906441467,5867018.994462426
29.329,0.0036203868,0.0080954311,False,True,1742117760000,11.0052378955,29522442.503466014
27.187,0.0097085635,0.021709008,False,False,1742116860000,6.1274040252,12628376.960453968
26.1,0.0160160338,0.0358129403,False,False,1742222220000,16.2789116817,26025592.875647705
23.73,0.0477040198,0.1066694311,False,False,1742248200000,19.8101606607,41798940.08139867
26.5,0.0133215567,0.0297879063,False,False,1742185920000,20.7039822274,73826392.17115076
27.0,0.0105816886,0.023661375,False,False,1742175060000,6.8972264046,48738059.70606939
25.38,0.0223128464,0.0498930414,False,False,1742203440000,15.0917565033,53070093.94166674
26.18,0.0154367182,0.0345175513,False,False,1742206800000,4.3535741662,19128895.317364372
23.0,0.0667659413,0.1492931834,False,False,1742230620000,8.894959588,14996846.042587029
27.65,0.0078443141,0.0175404196,False,False,1742235000000,13.2589619489,2199377.457768461
25.23,0.0239086457,0.0534613571,False,False,1742202060000,7.6015682351,11209627.45773148
18.67,0.4904050984,1.0965791366,False,False,1742262780000,6.6943559001,29107278.838717114
20.51,0.2101623793,0.4699373665,True,False,1742312940000,7.250232849,25586138.42131521
24.12,0.0398616229,0.0891332986,False,False,1742314800000,11.9232910188,14658609.23782037
22.72,0.0759547566,0.1698399991,False,False,1742327520000,11.1457592011,17133778.940891784
24.5,0.0334622374,0.0748238376,False,False,1742324160000,14.8472655474,46406320.14729511
27.9,0.0069912523,0.0156329154,False,False,1742272680000,6.8309498324,56647272.85350298
25.8,0.0183888672,0.0411187571,False,False,1742296320000,8.3326483251,69827853.11615211
24.04,0.0413575665,0.0924783301,False,False,1742324820000,17.3430024795,36971497.79382569
28.31,0.0057883526,0.0129431498,False,False,1742329980000,5.0206961815,72476693.90366499
25.7,0.0192555078,0.0430566244,False,False,1742278200000,18.7303118917,16189487.265877781
23.81,0.0459785188,0.1028110936,False,False,1742309400000,14.2875016875,55989458.2123001
24.51,0.0333084924,0.0744800533,False,False,1742329680000,13.6636996006,51532624.12282437
27.2,0.0096506147,0.0215794305,False,False,1742301660000,5.3373366195,1114814.203005149
24.05,0.0411675457,0.0920534307,False,False,1742310720000,7.5106439776,12482498.003743446
28.75,0.0047266667,0.010569148,False,False,1742312520000,17.1753164081,66173.450931114
23.83,0.0455569852,0.1018685158,False,False,1742271960000,24.5559617613,1945412.274728073
27.23,0.0095182033,0.0212833496,False,False,1742295540000,8.9052944446,785782.603973201
20.95,0.1716148941,0.3837425691,True,False,1742327880000,22.0540687353,20194184.7116722
26.12,0.0158691979,0.0354846053,False,False,1742324400000,11.4442052835,2314849.495497884
27.04,0.010388551,0.0232295062,False,False,1742320620000,7.65464946,1099149.510841709
25.8,0.0183888672,0.0411187571,False,False,1742403600000,18.1233610962,52212414.04785941
23.57,0.0513517179,0.1148259319,False,False,1742376600000,8.7799979565,29904812.534896255
24.2,0.0384197891,0.0859092601,False,False,1742373180000,8.5119706044,72927066.57902199
27.66,0.0078082728,0.0174598287,False,True,1742349600000,16.3409066888,9310511.430309536
28.34,0.0057089334,0.0127655632,False,True,1742419380000,17.2112008625,34310532.08398954
25.16,0.0246919266,0.0552128263,False,False,1742414160000,9.0847815967,73932626.0616945
24.66,0.0310852938,0.0695088301,False,False,1742411820000,14.8237397756,58831928.205367304
25.21,0.0241298697,0.0539560289,False,False,1742368560000,4.3224806982,18183538.71495299
21.41,0.138852907,0.310484539,True,False,1742369760000,14.1470966724,17149718.833296873
26.77,0.0117639989,0.0263051013,False,True,1742411400000,6.1768988589,2008314.035202074
23.36,0.0565659358,0.1264852778,False,False,1742359620000,19.2483373933,22080622.27473228
27.68,0.0077366861,0.017299756,False,True,1742426760000,18.7567123766,640226.763702092
27.93,0.0068953287,0.0154184238,False,True,1742399580000,12.7831840769,1311503.911703514
27.3,0.0092162655,0.0206081961,False,False,1742346060000,23.7475456138,1013173.834738056
27.1,0.0101054342,0.0225964377,False,False,1742356020000,20.7359580781,1350106.400394693
22.74,0.0752583992,0.1682828966,False,False,1742387820000,14.4767485978,2733331.121325087
26.88,0.0111829138,0.0250057554,False,False,1742357640000,4.8626620722,765025.031843055
28.11,0.0063468024,0.0141918816,False,False,1742346240000,6.7518721527,5281572.502389479
24.23,0.0378926498,0.0847305409,False,False,1742361000000,10.5191927112,19876170.44225363
27.43,0.0086807046,0.0194106455,False,False,1742347980000,13.0820831281,4044259.619781433
21.32,0.1447288051,0.3236234466,False,False,1742629860000,6.1703881071,13740417.79846676
20.0,0.2658,0.5943468684,True,False,1742665380000,11.4864866293,10126125.345539438
19.91,0.2770479727,0.6194981001,True,False,1742665380000,11.4864419091,10126358.25446324
26.13,0.0157962856,0.0353215683,False,False,1742686980000,5.017554392,20476347.68698761
26.84,0.0113908197,0.0254706471,False,False,1742683020000,2.530408934,20644386.48642251
26.01,0.0166937912,0.0373284519,False,False,1742622300000,12.0851867895,62576445.23013495
24.38,0.0353634784,0.0790751417,False,False,1742613600000,13.736232396,56222786.51877186
27.53,0.0082900085,0.0185370226,False,False,1742686680000,7.1549396633,1268709.855252592
26.54,0.0130784109,0.0292442157,False,False,1742626380000,13.1589675572,3120745.622851307
29.4,0.0035039264,0.0078350176,False,False,1742628060000,20.8381915373,161563.694988542
27.28,0.0093015425,0.0207988814,False,False,1742612340000,10.2440380664,1397971.241206922
26.5,0.0133215567,0.0297879063,False,False,1742643960000,2.1887818442,9920965.12120572
22.64,0.0788052183,0.1762138252,False,False,1742653920000,25.7097765967,14622493.61924071
24.87,0.0282198679,0.063101543,False,False,1742606400000,12.2002118589,8169715.144041723
25.5,0.0211132445,0.0472106499,False,False,1742702940000,22.1706530604,52987376.3725336
26.1,0.0160160338,0.0358129403,False,True,1742693100000,19.1878407474,72221520.49342753
24.4,0.0350392641,0.0783501764,False,False,1742707740000,15.3135708394,25052654.061236564
22.51,0.0836671502,0.1870854353,False,False,1742719620000,9.491480233,73098359.580923
22.53,0.0829000851,0.1853702257,False,False,1742731980000,6.9241666743,27338979.4466256
23.12,0.0631764148,0.1412667581,False,False,1742703120000,18.4231377493,32662928.148695517
27.0,0.0105816886,0.023661375,False,False,1742724480000,13.1045784138,39363374.81371255
22.84,0.0718712133,0.1607089186,False,False,1742733300000,21.9699302414,26854911.3470298
24.26,0.0373727432,0.0835679943,False,False,1742739960000,12.7390348691,22884919.993724115
28.83,0.0045556985,0.0101868516,False,True,1742752380000,2.985372308,16681216.377114788
28.11,0.0063468024,0.0141918816,False,False,1742769360000,8.0366282789,25024387.64841857
25.79,0.0184737464,0.0413085527,False,True,1742690220000,23.1906848544,70241974.60733965
22.59,0.0806408277,0.1803183724,False,False,1742711160000,12.2095960092,27236782.948276777
24.94,0.0273246732,0.0610998267,False,False,1742745300000,7.7580068576,6482838.551518491
21.05,0.1638909515,0.3664713084,False,False,1742689680000,17.7017811337,12054854.166609371
28.39,0.0055789822,0.0124749835,False,False,1742767860000,13.4186739817,252897.14400731
26.8,0.0116025908,0.0259441818,False,False,1742764980000,14.3229845025,675099.164142904
30.91,0.0017480545,0.0039087688,False,False,1742758140000,23.4265928771,21944.257233921
25.23,0.0239086457,0.0534613571,False,False,1742702580000,6.2149222004,8345756.352416959
28.89,0.0044315431,0.0099092316,False,False,1742714340000,11.5977886192,490743.769906465
25.26,0.0235806068,0.0527278398,False,False,1742717400000,7.8896608766,6662985.278958646
23.41,0.0552783379,0.1236061213,False,False,1742763780000,6.3973682658,8748442.567461915
27.37,0.0089239058,0.01995446,False,False,1742725800000,11.3333032474,18176679.443176474
24.8,0.0291443905,0.0651688382,False,False,1742851680000,13.4593523451,39809222.19838141
20.1,0.2538370294,0.5675968529,False,False,1742779080000,18.0005428267,31072890.46112343
20.7,0.1925550782,0.4305662442,False,False,1742820060000,11.522293848,27228068.677872047
24.82,0.0288771931,0.0645713667,False,False,1742814660000,16.9735131674,41287279.85146434
27.59,0.0080640828,0.0180318372,False,True,1742853540000,21.8128865534,71877560.59774724
24.26,0.0373727432,0.0835679943,False,False,1742798580000,9.0276080751,67106818.32638976
25.49,0.0212106988,0.0474285643,False,False,1742853120000,24.0269791875,69139169.29854983
23.78,0.0466181437,0.1042413384,False,False,1742786340000,24.0732824596,32288129.340264905
26.02,0.0166170902,0.0371569432,False,False,1742827140000,7.6239479474,37274445.98695764
22.81,0.0728710415,0.1629446024,False,False,1742782260000,27.1442652276,52544012.61170248
26.0,0.0167708462,0.0375007522,False,False,1742810100000,13.6517379361,1168910.677730311
20.803,0.1836347959,0.4106198867,False,False,1742820060000,11.5219239201,27227180.739714663
29.05,0.0041167546,0.0092053431,False,True,1742803380000,20.5477563324,122133.526162014
27.72,0.0075954757,0.0169839999,False,False,1742804700000,6.8654911194,2720913.705246376
27.4,0.0088014652,0.0196806745,False,False,1742831340000,25.0810012257,274009.278049143
28.3,0.0058150704,0.0130028927,False,True,1742829720000,21.1576673265,350630.92845701
29.66,0.0031085294,0.006950883,False,True,1742795940000,8.4686835147,337101.327013784
19.22,0.3806755436,0.8512163929,True,False,1742931000000,11.3800144723,18287995.57727836
28.9,0.004411182,0.0098637028,False,False,1742903700000,7.2694805545,50451719.20917297
24.57,0.0324007435,0.0724502651,False,False,1742887920000,7.6944396185,66654931.750507936
20.98,0.1692602495,0.3784774237,True,False,1742917440000,18.8126070996,66986103.10771364
26.0,0.0167708462,0.0375007522,False,False,1742947080000,6.5167387906,53740640.57334937
23.59,0.0508809225,0.1137732014,False,False,1742909160000,18.8603745089,53340787.35300775
24.02,0.0417402433,0.0933340215,False,False,1742925660000,8.1935401524,12472641.523681693
24.0,0.0421264611,0.0941976306,False,False,1742873220000,6.7631029981,57855321.311022915
25.31,0.0230438467,0.0515276076,False,False,1742946960000,15.4502503556,47232216.9713152
25.71,0.0191670368,0.0428587972,False,False,1742862060000,4.8718173686,56190406.28420716
22.83,0.0722029558,0.1614507173,False,False,1742884560000,9.9469518563,14746789.762131019
24.22,0.0380675544,0.0851216393,False,False,1742945760000,23.4910407971,61434621.266339384
27.29,0.0092588058,0.0207033192,False,False,1742934240000,5.5761674974,36811278.72937208
25.26,0.0235806068,0.0527278398,False,False,1742876700000,12.7249844588,52796477.253307834
24.76,0.0296862251,0.0663804174,False,False,1742882700000,8.3944522848,34874273.82501844
27.16,0.009830033,0.0219806221,False,False,1742892720000,8.9925963066,1951844.429625954
25.74,0.0189040552,0.0422707525,False,False,1742875320000,11.7903428677,3678553.474607931
26.84,0.0113908197,0.0254706471,False,False,1742944440000,3.5089277615,4533534.248845776
26.22,0.0151549664,0.033887535,False,False,1742876760000,8.6246775469,5418819.377765048
27.65,0.0078443141,0.0175404196,False,False,1742930880000,10.5224430695,3280114.088775895
24.15,0.039314701,0.0879103439,False,False,1742880780000,6.0018241477,25005615.22506354
28.64,0.0049722731,0.0111183407,False,True,1742907360000,9.7083442608,248077.295113141
21.5,0.1332155667,0.2978790628,True,False,1742988840000,21.4671516983,5092311.165684686
22.32,0.0913177026,0.2041925905,False,False,1742958960000,24.1926916072,60229846.339330375
25.26,0.0235806068,0.0527278398,False,False,1742983980000,4.8474524156,37238134.06605296
25.25,0.0236894499,0.0529712204,False,False,1742969580000,15.2494072554,30402116.485557754
27.11,0.0100590039,0.0224926165,False,False,1743024720000,8.9280270689,34770471.887208134
24.74,0.0299609084,0.0669946278,False,False,1743027660000,5.6383600605,6330024.222594982
24.17,0.0389542616,0.087104377,False,False,1743026940000,21.1087076679,7374512.362194622
27.49,0.0084441313,0.0188816516,False,False,1743016800000,8.9431210424,2108351.911085727
23.32,0.0576175751,0.1288368146,False,False,1743015120000,14.4985837761,19699750.06311709
26.71,0.0120935826,0.0270420729,False,False,1742953440000,10.5333403965,2715715.987092374
24.69,0.0306587876,0.0685551332,False,False,1742967480000,17.3658263891,13388086.271343164
24.23,0.0378926498,0.0847305409,False,False,1742982540000,4.24983792,19635134.240168206
28.78,0.0046618144,0.0104241338,False,False,1743023400000,4.0589118405,498512.282577056
25.74,0.0189040552,0.0422707525,False,False,1743007800000,18.3774715164,2096840.325069653
29.35,0.0035855433,0.0080175186,False,False,1743032700000,17.9082331381,361783.509504658
27.59,0.0080640828,0.0180318372,False,False,1743028860000,5.9344070683,1860168.969956792
26.23,0.0150853356,0.0337318359,False,False,1743023040000,11.3914000728,1214087.947928629
23.61,0.0504144434,0.1127301225,False,False,1742979300000,11.3474819907,17878504.304724973
29.21,0.0038243266,0.0085514543,False,False,1743001380000,12.6819897248,165831.647420707
24.78,0.0294140602,0.0657718381,False,False,1743002400000,8.106674222,26859558.111188374
23.61,0.0504144434,0.1127301225,False,False,1743056880000,25.8512521409,7264722.261004817
24.68,0.0308003021,0.0688715693,False,False,1743109680000,2.4994935852,17445304.118463147
26.5,0.0133215567,0.0297879063,False,False,1743112080000,20.9474758417,31416957.304321002
23.27,0.0589596608,0.1318378096,False,False,1743038760000,13.9894451964,57326661.24289517
26.72,0.0120380177,0.0269178258,False,True,1743079680000,8.7539844898,36970871.5621821
26.47,0.013506878,0.0302022973,False,False,1743046200000,19.2767955636,53222611.78257169
26.08,0.0161642283,0.0361443134,False,False,1743085020000,4.979092343,24824602.325956088
23.9,0.04411182,0.0986370281,False,False,1743077340000,12.2216276012,6335912.873471366
25.79,0.0184737464,0.0413085527,False,False,1743062340000,11.3886731697,4305240.628769294
26.32,0.0144728805,0.0323623447,False,False,1743084540000,19.9965095435,1964229.397926662
27.47,0.0085222639,0.0190563613,False,False,1743082980000,12.5269124358,808463.511038576
24.87,0.0282198679,0.063101543,False,False,1743043440000,8.7935988062,2862482.911879855
25.7,0.0192555078,0.0430566244,False,False,1743057000000,18.6747805992,3927773.218734688
23.55,0.0518268695,0.1158884032,False,False,1743087480000,17.2070682597,9484569.6291592
24.68,0.0308003021,0.0688715693,False,False,1743109680000,2.4994936366,17445304.118463147
24.18,0.038775283,0.0867041687,False,False,1743177540000,27.6914130487,51438746.04395647
24.75,0.0298232505,0.0666868155,False,False,1743178980000,7.8153483261,11283838.293584935
25.0,0.02658,0.0594346868,False,False,1743135240000,8.8117337084,72737376.92865558
26.0,0.0167708462,0.0375007522,False,False,1743196080000,12.8922297106,53680563.17578161
26.37,0.0141434375,0.0316256878,False,False,1743182520000,3.0157544439,17917415.713017706
24.68,0.0308003021,0.0688715693,False,False,1743198540000,13.4071266131,57028828.085174486
27.51,0.008366715,0.0187085435,False,False,1743148860000,9.3718033764,25577834.3781896
28.69,0.0048590904,0.0108652564,False,False,1743144540000,13.0363947842,44039481.801623344
26.1,0.0160160338,0.0358129403,False,False,1743169140000,12.4239706557,34954912.103436865
22.55,0.0821400526,0.1836707413,False,False,1743191640000,2.9379468406,26315899.255895928
22.37,0.0892390579,0.1995445996,False,False,1743120300000,13.3663013958,19601011.29513652
28.48,0.0053524791,0.011968507,False,False,1743173040000,5.2112842588,118661.195041657
28.6,0.0050647146,0.0113250461,False,False,1743186480000,6.0142191797,1131873.745708469
24.4,0.0350392641,0.0783501764,False,False,1743190440000,13.7931166908,6363853.507007858
26.4,0.0139493823,0.0311917671,False,False,1743203220000,6.0326753362,6123854.33231706
26.64,0.0124897854,0.0279280092,False,False,1743179460000,7.3128729093,399421.959601983
24.07,0.0407901194,0.0912094798,False,False,1743131100000,18.0363746739,12523977.244514938
30.16,0.0024691927,0.0055212826,False,True,1743125460000,10.8706316671,101643.330304919
26.33,0.0144063837,0.0322136532,False,False,1743199860000,11.4557954434,1855416.784179224
25.3,0.0231502122,0.0517654482,False,False,1743195600000,6.2252440106,23843505.057066407
25.43,0.021804944,0.0487573371,False,False,1743153000000,18.174873661,3058445.739487677
20.71,0.191670368,0.428587972,False,False,1743245880000,10.0308486867,18198384.80757179
25.58,0.0203495578,0.0455029946,False,False,1743272160000,20.2372737676,70353054.00281227
25.62,0.0199781365,0.0446724713,False,False,1743228060000,7.6251447718,72467203.77382708
26.0,0.0167708462,0.0375007522,False,False,1743276900000,14.8397785008,29296720.02198122
27.97,0.0067694748,0.0151370059,False,False,1743245040000,6.565821125,34337479.28295072
23.93,0.0435065831,0.0972836774,False,False,1743241800000,7.746229129,24932876.985763002
26.85,0.0113384836,0.0253536201,False,False,1743222060000,9.4508679233,2465112.013874507
26.24,0.0150160248,0.0335768522,False,False,1743266100000,6.194052301,20890506.757160097
27.3,0.0092162655,0.0206081961,False,True,1743278460000,20.4692509459,400580.654944281
20.71,0.191670368,0.428587972,False,False,1743245880000,10.0308514965,18198381.336901207
26.9,0.0110803882,0.0247765013,False,False,1743368880000,3.2056986735,30347482.745042272
26.0,0.0167708462,0.0375007522,False,False,1743354420000,16.7577704784,23312095.948559977
27.3,0.0092162655,0.0206081961,False,True,1743361020000,8.950586705,70026078.44698602
26.7,0.0121494041,0.0271668934,False,False,1743300360000,19.8076403787,70834158.20956849
25.1,0.0253837029,0.0567596853,False,False,1743329340000,7.0758229437,16311206.211462663
25.6,0.0201629919,0.0450858206,False,False,1743349440000,18.7144143692,59285471.323343
27.1,0.0101054342,0.0225964377,False,False,1743360780000,6.5690297465,45082580.52108578
27.43,0.0086807046,0.0194106455,False,False,1743347160000,5.6356464964,4443922.087879015
26.44,0.0136947774,0.0306224531,False,False,1743340800000,8.3762971989,16479710.170514544
28.99,0.0042320908,0.0094632427,False,False,1743296460000,5.0002097951,26596673.334666684
23.51,0.0527904029,0.1180429295,False,False,1743319320000,10.8375071569,63022797.552494414
30.37,0.0022415838,0.0050123337,False,False,1743328020000,6.2814749453,56774129.63321451
23.62,0.0501828101,0.1122121746,False,False,1743296340000,12.4865742536,13094826.814181356
26.57,0.0128989683,0.02884297,False,False,1743323640000,5.2424208817,10551996.283356356
24.34,0.0360209346,0.0805452583,False,False,1743322440000,9.8477096568,19844643.334421974
23.4,0.0555334912,0.1241766613,False,False,1743347220000,17.6617268112,8496775.312423237
25.9,0.0175612318,0.0392681082,False,False,1743329400000,11.9996643285,2267317.375308322
25.6,0.0201629919,0.0450858206,False,False,1743295980000,2.6835085969,15324561.464598928
24.19,0.0385971268,0.0863057993,False,False,1743334920000,16.3311340846,1332409.451086877
27.21,0.0096062741,0.021480282,False,False,1743352680000,8.3795293553,1493490.483507651
25.85,0.0179702855,0.0401827799,False,False,1743372300000,15.1578979794,3268649.252094196
20.7,0.1925550782,0.4305662442,False,False,1743459900000,11.3561214687,23602490.786028728
22.4,0.0880146521,0.1968067451,False,False,1743431160000,9.5550308062,5510062.604308419
23.0,0.0667659413,0.1492931834,False,False,1743405360000,9.1667362824,71833036.0679351
21.65,0.1243240006,0.2779969165,False,False,1743428580000,17.0215350787,18662330.707110908
21.54,0.1307841086,0.2924421572,False,False,1743381240000,17.7983266694,28009402.71990463
23.06,0.0649463841,0.1452245297,False,False,1743428760000,15.6624345918,39192210.37622102
26.1,0.0160160338,0.0358129403,False,False,1743403620000,8.6558448751,60249226.92290632
24.73,0.0300992017,0.067303861,False,False,1743414000000,6.0517352544,45166227.4520265
27.3,0.0092162655,0.0206081961,False,False,1743462180000,32.4068895599,72417374.80274047
24.75,0.0298232505,0.0666868155,False,False,1743414300000,8.2171314411,46373400.35809268
25.35,0.0226232491,0.0505871228,False,False,1743452220000,10.6693082571,36445222.55510236
26.4,0.0139493823,0.0311917671,False,False,1743457920000,7.1314658535,3233044.869275474
27.07,0.0102460147,0.0229107855,False,True,1743393360000,14.6231490483,2858211.533656467
25.09,0.0255008688,0.0570216761,False,False,1743445800000,12.4978148396,6929486.793424608
23.57,0.0513517179,0.1148259319,False,False,1743430080000,17.7205749363,16367659.465991594
26.63,0.0125474356,0.028056919,False,False,1743416460000,4.6555269548,3615796.255595924
25.79,0.0184737464,0.0413085527,False,False,1743411900000,4.5741985847,4171118.134828249
24.27,0.037201031,0.0831840342,False,False,1743449340000,7.8122226044,2927097.328608764
23.7,0.0483676488,0.1081533507,False,False,1743393360000,10.1532405836,28308275.343465216
18.5,0.5303407233,1.1858779086,True,False,1743501780000,11.9802250041,23450596.738322098
24.21,0.0382432662,0.0855145429,False,False,1743531240000,5.888606379,14228541.167202944
24.43,0.0345585074,0.0772751717,False,False,1743536220000,6.7552161858,26632062.505989622
25.3,0.0231502122,0.0517654482,False,False,1743531300000,15.9504277334,62026612.09675293
26.42,0.0138214936,0.0309057992,False,False,1743539040000,13.8964665671,11080614.494000072
22.59,0.0806408277,0.1803183724,False,False,1743513540000,7.4363456686,2532351.15515214
27.69,0.0077011393,0.0172202709,False,True,1743471060000,7.2978590246,32074599.219823197
22.45,0.086011194,0.1923268766,False,False,1743488040000,22.9168121023,73295088.155148
23.2,0.0608912622,0.1361570015,False,False,1743526380000,18.2692894745,72840664.38443117
23.46,0.0540200494,0.1207925025,False,False,1743499800000,11.1247181735,24070970.42853564
22.38,0.0888290416,0.1986277755,False,False,1743501420000,9.8868871857,22558102.62268561
26.05,0.0163890951,0.0366471308,False,False,1743501300000,11.4092846768,4524128.447327183
26.71,0.0120935826,0.0270420729,False,False,1743497460000,7.5674458629,7635976.093589399
26.21,0.0152249185,0.0340439527,False,False,1743507360000,8.7352213615,4844882.317498847
24.79,0.0292789148,0.0654696439,False,False,1743492480000,7.0452886147,13989641.940770896
23.17,0.061738344,0.1380511341,False,False,1743478380000,12.2517371685,21366032.2349472
25.47,0.021406959,0.0478674154,False,False,1743502020000,6.0370253311,19104822.177721843
27.39,0.0088420909,0.0197715164,False,False,1743484320000,10.5839748992,1149656.48939473
25.88,0.0177237239,0.0396314515,False,False,1743498780000,8.3195806685,4008993.103752106
22.58,0.0810130488,0.1811506842,False,False,1743513540000,7.43634567,2532351.15515214
21.6,0.1272198785,0.2844722965,True,False,1743579780000,27.6306260962,54315588.85537762
20.49,0.2121069879,0.4742856434,False,False,1743602160000,31.8465682361,58886435.04200967
27.07,0.0102460147,0.0229107855,False,False,1743567360000,17.7681478247,33819619.83696188
22.85,0.0715409951,0.1599705282,False,False,1743630660000,17.3752934383,41398926.80629594
26.9,0.0110803882,0.0247765013,False,False,1743563280000,13.5351914482,27311710.32800796
26.8,0.0116025908,0.0259441818,False,False,1743613320000,7.8138330799,66524804.327524394
27.2,0.0096506147,0.0215794305,False,False,1743599100000,18.5912640548,49099588.34568293
25.41,0.0220067027,0.0492084832,False,False,1743581940000,4.9888320495,20594822.88699749
27.06,0.0102933082,0.0230165369,False,False,1743628320000,6.7114604986,55975021.598971054
25.78,0.0185590173,0.0414992243,False,False,1743596700000,10.4924175778,28027793.89308797
24.87,0.0282198679,0.063101543,False,False,1743592920000,9.8295567371,13746738.847026592
26.23,0.0150853356,0.0337318359,False,False,1743590880000,9.6791971463,46896431.178050615
22.45,0.086011194,0.1923268766,False,False,1743617700000,8.5108478519,10196752.0408245
25.7,0.0192555078,0.0430566244,False,False,1743600360000,10.0737417101,7395728.481715892
24.2,0.0384197891,0.0859092601,False,False,1743612180000,9.6551656701,11309635.443960706
29.27,0.0037201031,0.0083184034,False,False,1743569160000,12.8142268304,277546.654323376
24.49,0.0336166921,0.0751692087,False,False,1743565980000,18.9905831928,6123423.684928691
29.46,0.0034084347,0.0076214917,False,False,1743563460000,5.8326496904,434635.637663626
28.72,0.0047924212,0.0107161795,False,False,1743562080000,10.6541653466,85027.913758055
24.8,0.0291443905,0.0651688382,False,False,1743595680000,9.6978616077,9968074.911648484
20.81,0.1830437804,0.4092983358,True,False,1743683340000,7.4737596878,10390262.0617558
25.08,0.0256185754,0.0572848762,False,False,1743665640000,17.5064435688,59379197.33597604
28.71,0.004814542,0.0107656431,False,True,1743668400000,6.8525211069,58938723.67135524
27.36,0.0089650967,0.0200465656,False,False,1743711540000,4.163775013,34385657.321863584
24.8,0.0291443905,0.0651688382,False,False,1743643500000,8.4193430985,723468.284415116
28.44,0.0054519891,0.0121910182,False,False,1743712020000,5.8981736164,1450290.209000531
25.61,0.0200703514,0.0448786701,False,False,1743668280000,21.9311259525,2079577.254464198
27.19,0.0096951599,0.0216790366,False,False,1743679980000,6.4561822566,549537.363433248
26.26,0.014878357,0.0332690178,False,False,1743720720000,12.467115882,2091294.328114504
24.84,0.0286124454,0.0639793729,False,False,1743667320000,20.3196916224,9080652.98659328
25.23,0.0239086457,0.0534613571,False,False,1743642540000,10.5394426248,2784462.102513452
23.26,0.0592318063,0.1324463452,False,False,1743718560000,10.6703426658,29091977.714257132
24.17,0.0389542616,0.087104377,False,False,1743725040000,18.4545978029,7033760.802273477
27.1,0.0101054342,0.0225964377,False,True,1743737520000,13.6984760297,39063153.93934859
25.49,0.0212106988,0.0474285643,False,False,1743801660000,15.1551768302,4491937.813102926
25.0,0.02658,0.0594346868,False,False,1743744360000,13.037846748,52054702.36338529
28.4,0.0055533491,0.0124176661,False,False,1743807780000,2.9971164592,4898663.499753197
24.75,0.0298232505,0.0666868155,False,False,1743760260000,6.1824271522,5268995.480343265
27.29,0.0092588058,0.0207033192,False,False,1743775800000,6.2512111713,6612214.888476129
26.22,0.0151549664,0.033887535,False,False,1743742740000,27.4695236212,63158199.57197737
27.03,0.0104365024,0.0233367288,False,False,1743749160000,17.0300254997,65695070.06382242
31.77,0.0011763999,0.0026305101,False,True,1743729780000,11.8580568043,59766102.84570937
26.6,0.0127219879,0.0284472297,False,False,1743791940000,14.5927637688,55925146.087987095
23.79,0.0464039528,0.1037623929,False,False,1743734880000,20.3531672627,5079236.745680509
24.02,0.0417402433,0.0933340215,False,False,1743792300000,7.2968405943,8892985.719911847
24.86,0.0283501249,0.0633928065,False,False,1743777420000,11.2193333812,11211854.147227494
25.47,0.021406959,0.0478674154,False,False,1743760380000,5.622715522,10030984.107136624
24.65,0.031228777,0.0698296682,False,False,1743787560000,20.5519111061,903944.68068139
24.96,0.0270741591,0.0605396602,False,False,1743750420000,5.1422358552,20176146.73905993
22.14,0.0992098919,0.2218400624,False,False,1743835020000,25.5043250099,60596016.52213683
22.24,0.0947447113,0.2118556149,False,False,1743864840000,6.5763444835,4192064.394751826
29.2,0.0038419789,0.008590926,False,False,1743820920000,13.6714805055,44568211.17844425
26.8,0.0116025908,0.0259441818,False,False,1743881820000,5.9280320287,63275606.134562686
23.2,0.0608912622,0.1361570015,False,False,1743864300000,12.7150495829,59369123.29573194
25.8,0.0183888672,0.0411187571,False,False,1743877320000,19.4317316142,55173852.928867295
23.6,0.0506471459,0.1132504611,False,False,1743838980000,24.9649777842,50762304.95700009
26.9,0.0110803882,0.0247765013,False,False,1743854100000,7.8698202898,28473593.241880767
19.38,0.3536347843,0.7907514169,True,False,1743847920000,22.9232964424,3705982.64798668
26.06,0.0163137941,0.0364787526,False,False,1743813900000,7.9222419548,7578164.580159592
26.93,0.0109283596,0.0244365549,False,False,1743885240000,6.9913476369,4186965.695427977
24.7,0.0305179233,0.0682401509,False,False,1743885600000,11.6737403371,949804.446282222
28.32,0.0057617575,0.0128836815,False,True,1743888480000,9.9384598671,170834.888343709
22.76,0.0745684261,0.1667400697,False,False,1743857940000,17.0796324085,17157377.481291737
22.3,0.0921626549,0.2060819612,False,False,1743864840000,6.5763459996,4192070.124350247
27.9,0.0069912523,0.0156329154,False,True,1743975660000,24.3388479445,70498067.3413676
26.54,0.0130784109,0.0292442157,False,True,1743906060000,14.911868772,37016688.34831488
26.85,0.0113384836,0.0253536201,False,True,1743962820000,15.0772813268,24558765.11579165
25.74,0.0189040552,0.0422707525,False,False,1743914280000,27.166408434,70713371.51303008
22.83,0.0722029558,0.1614507173,False,False,1743934140000,16.675606865,29256449.247763377
22.75,0.0749126183,0.1675097069,False,False,1743909000000,13.1084778203,6428465.545130634
25.02,0.0263363131,0.0588897864,False,False,1743961500000,14.853757228,5057926.663737092
26.11,0.0159424468,0.0356483948,False,False,1743931260000,14.2262999436,4316101.688447673
28.42,0.0055024357,0.0123038203,False,False,1743960660000,9.2318534647,346160.689785031
25.5,0.0211132445,0.0472106499,False,False,1743948420000,4.6715424285,5239957.696028193
25.35,0.0226232491,0.0505871228,False,False,1743899400000,7.7263418351,8503197.698580207
24.43,0.0345585074,0.0772751717,False,False,1743956100000,11.2430515815,19101641.8915633
23.54,0.0520660914,0.1164233197,False,False,1744243800000,16.7862553792,50329194.035787284
25.1,0.0253837029,0.0567596853,False,False,1744296660000,18.0706602342,57292196.40689138
26.0,0.0167708462,0.0375007522,False,False,1744268160000,12.7247314194,49934823.84665734
27.8,0.0073207399,0.016369672,False,True,1744273440000,7.0238654145,19334957.61685419
22.1,0.1010543415,0.2259643771,False,False,1744319460000,18.1784521625,61372928.72040839
22.93,0.0689532874,0.154184238,False,False,1744243920000,37.3583202239,67113540.2972412
24.62,0.0316632126,0.0708010957,False,False,1744323540000,25.1589711844,74780501.70005646
23.95,0.0431077124,0.0963917753,False,False,1744299540000,8.9908269148,15715158.840326844
30.27,0.0023472264,0.0052485577,False,False,1744309800000,10.9152104226,46010438.211849645
26.52,0.0131994239,0.0295148091,False,False,1744285920000,11.417050269,49902919.37819861
24.94,0.0273246732,0.0610998267,False,False,1744280580000,7.5567099811,54824598.92912534
31.06,0.0016313794,0.0036478753,False,True,1744264680000,2.2410607394,18434173.774608243
22.78,0.0738847787,0.1652113876,False,False,1744245540000,9.6773023155,17994123.69635635
25.27,0.0234722638,0.0524855773,False,False,1744268340000,5.2532754847,8748983.303922817
22.68,0.077366861,0.1729975604,False,False,1744326660000,18.0592678167,25133089.36526498
26.13,0.0157962856,0.0353215683,False,False,1744269900000,12.438489461,3879002.547859822
27.67,0.007772397,0.0173796081,False,True,1744313940000,6.4454289922,2404331.865352633
26.1,0.0160160338,0.0358129403,False,False,1744370280000,18.3938138281,53627295.24885944
27.5,0.008405334,0.0187948982,False,False,1744406580000,16.3564187011,72914609.5344675
25.5,0.0211132445,0.0472106499,False,False,1744386720000,23.4261199988,39462157.3390701
26.5,0.0133215567,0.0297879063,False,False,1744381560000,5.5142728345,33446276.900042325
23.01,0.0664591797,0.1486072436,False,False,1744366080000,3.5722012707,58494612.39988729
21.6,0.1272198785,0.2844722965,False,False,1744382640000,8.5436491712,25690182.767514057
27.21,0.0096062741,0.021480282,False,False,1744371300000,7.8317493697,16403972.553759653
27.04,0.010388551,0.0232295062,False,False,1744349760000,8.576644054,1405234.531950949
22.28,0.0930154254,0.2079888141,False,False,1744385700000,18.0075097566,1057371.762480419
26.57,0.0128989683,0.02884297,False,False,1744387140000,4.6200229492,23277651.80194161
25.13,0.0250354255,0.0559809132,False,False,1744340580000,5.8674320881,11651953.832133085
23.5,0.0530340723,0.1185877909,False,False,1744373820000,9.9606299489,17881984.385014996
21.6,0.1272198785,0.2844722965,False,False,1744382640000,8.5436489622,25690182.767514057
27.1,0.0101054342,0.0225964377,False,False,1744497240000,7.4606411002,71776455.29618177
22.56,0.0817626533,0.1828268509,False,False,1744420440000,20.6995668593,5610110.697726593
26.2,0.0152951935,0.0342010925,False,False,1744493100000,5.2721143651,60969809.494328715
27.7,0.0076657557,0.0171411509,False,False,1744470840000,9.0616582291,26724028.035928715
28.2,0.0060891262,0.0136157002,False,False,1744440540000,14.4349590277,23826552.446920566
25.0,0.02658,0.0594346868,False,False,1744470540000,15.5261664743,54117496.9060046
26.2,0.0152951935,0.0342010925,False,False,1744444260000,15.9467532448,54497976.06523741
28.5,0.0053034072,0.0118587791,False,False,1744419840000,13.5630602618,61806736.648017086
25.65,0.0197040262,0.044059542,False,False,1744494480000,6.2456917779,15339115.407537406
26.15,0.0156514644,0.0349977383,False,False,1744462080000,18.4712835931,64392252.34300344
25.46,0.021505769,0.0480883614,False,False,1744441620000,29.709266862,55655630.041802555
22.15,0.0987540639,0.2208207999,False,False,1744427820000,10.3955100221,25371421.885045897
18.89,0.4431543091,0.9909231597,True,False,1744430100000,13.9559151812,4150006.359821304
23.46,0.0540200494,0.1207925025,False,False,1744431420000,21.3664520004,17275025.91371328
21.45,0.1363185559,0.3048175575,False,False,1744528440000,5.7135191156,22671461.54562192
24.2,0.0384197891,0.0859092601,False,False,1744559040000,20.7900633379,62187683.30059364
24.71,0.0303777061,0.0679266159,False,False,1744587900000,21.7574474975,62330347.862831265
23.71,0.0481454197,0.1076564312,False,False,1744588620000,5.0831063973,24625585.62238987
30.25,0.002368945,0.005297122,False,False,1744541040000,1.3788879427,6940661.305519998
24.88,0.0280902094,0.0628116177,False,False,1744565280000,14.1958519778,39774115.6174349
25.52,0.0209196771,0.04677782,False,False,1744540980000,5.0291873374,6977300.965438268
24.98,0.0268259417,0.0599846292,False,False,1744512600000,11.938405199,6639207.251034265
21.42,0.1382149359,0.3090579921,False,False,1744528440000,5.7135206406,22671461.20154682
22.35,0.0900647767,0.2013909631,False,False,1744540680000,13.9415745356,22910542.219310492
27.52,0.0083282735,0.0186225856,False,False,1744536180000,8.2973717432,3826118.952825472
22.9,0.0699125232,0.1563291544,False,False,1744613760000,15.3880124551,59053024.91127468
26.3,0.0146067964,0.0326617897,False,False,1744630380000,5.755252531,36398147.531204574
24.6,0.0319561887,0.0714562102,False,False,1744596780000,14.3363979576,59141956.40193294
28.1,0.0063760979,0.0142573883,False,False,1744630080000,10.5468432751,15749850.376942825
23.45,0.0542693946,0.1213500554,False,False,1744647900000,22.7684591704,71979124.61126149
25.79,0.0184737464,0.0413085527,False,False,1744657920000,17.378865053,70399452.64986041
24.9,0.0278326768,0.0622357573,False,False,1744654380000,5.3308942178,18382583.707476422
26.02,0.0166170902,0.0371569432,False,False,1744596780000,5.9028486215,2187915.418566931
21.34,0.1434019235,0.320656449,True,False,1744056060000,8.8976882542,7500278.15455981
22.95,0.0683211199,0.1527706684,False,False,1744023360000,21.372625545,59482628.27106874
23.6,0.0506471459,0.1132504611,False,False,1744006020000,2.9318309626,72892005.9844607
25.5,0.0211132445,0.0472106499,False,False,1743995940000,27.2543287877,58761758.77093169
24.16,0.0391340663,0.0875064325,False,False,1744030380000,16.9797979954,48429455.75602509
26.98,0.0106795998,0.023880311,False,False,1744019100000,16.3862889638,74734305.96755919
22.83,0.0722029558,0.1614507173,False,False,1744059000000,10.0310877118,25321654.2341262
24.87,0.0282198679,0.063101543,False,False,1744006860000,5.7523837226,11756151.486229105
23.24,0.0597798714,0.1336718562,False,False,1743999660000,7.3410169787,28634759.18605256
24.55,0.0327005439,0.0731206391,False,False,1743996660000,3.2715385448,23941250.27079338
27.09,0.0101520787,0.0227007381,False,True,1744036500000,7.6026275237,890333.039766256
23.09,0.0640552863,0.1432319745,False,False,1744014780000,21.6786466127,16490811.888286391
23.92,0.0437074004,0.0977327184,False,True,1744024920000,14.9850639448,22348223.78233635
20.69,0.193443872,0.4325536477,False,False,1744015080000,24.3240256065,29488390.213508327
18.1,0.6376097899,1.4257388333,False,False,1744091520000,18.9880533602,12078253.47256606
24.7,0.0305179233,0.0682401509,False,False,1744097040000,10.2958946173,30606735.330159727
25.5,0.0211132445,0.0472106499,False,False,1744097280000,17.518576502,64253465.94098791
25.3,0.0231502122,0.0517654482,False,False,1744111320000,32.878557264,70119118.56834489
28.86,0.004493192,0.0100470827,False,False,1744128780000,26.7679945245,12069538.573850276
28.98,0.0042516252,0.0095069231,False,True,1744115700000,15.0689981581,19087290.040387407
24.67,0.0309424699,0.069189466,False,False,1744092660000,5.5996301285,6208894.557979816
24.86,0.0283501249,0.0633928065,False,False,1744135200000,7.8944086011,5188277.256823105
25.84,0.0180532326,0.0403682552,False,False,1744085520000,7.5140273205,3293825.690987763
26.83,0.0114433973,0.0255882143,False,False,1744086540000,13.424012589,1779895.575703077
25.54,0.0207278843,0.0463489584,False,False,1744148040000,10.4637317249,1753191.114245756
24.92,0.0275775053,0.0616651765,False,False,1744077000000,11.1535964716,6274624.211869788
23.06,0.0649463841,0.1452245297,False,False,1744080360000,20.3260176512,7375825.816533435
26.22,0.0151549664,0.033887535,False,False,1744134180000,5.4676191178,4855651.793361212
24.85,0.0284809831,0.0636854144,False,False,1744153800000,10.5032478698,12122027.664341647
25.92,0.0174002295,0.038908096,False,False,1744072620000,5.0693927774,15283410.172278052
21.0,0.1677084622,0.3750075218,True,False,1744180920000,26.7882567653,65299890.65493427
22.91,0.0695913044,0.1556108872,False,False,1744158420000,8.7960662197,8937622.104051393
25.3,0.0231502122,0.0517654482,False,False,1744198140000,17.0576756053,66855344.86043188
24.29,0.0368599699,0.0824213984,False,False,1744239120000,15.9657424725,70863889.73904589
25.14,0.0249203981,0.0557237043,False,False,1744215840000,21.2398187362,71281026.5997001
26.87,0.0112345318,0.0251211767,False,False,1744215420000,2.9878578154,10527786.515979156
24.04,0.0413575665,0.0924783301,False,False,1744219800000,10.7233243178,70611388.13180687
24.47,0.0339277435,0.0758647409,False,False,1744186560000,16.9792878068,64958929.58319619
22.82,0.0725362295,0.1621959399,False,False,1744238880000,18.9307671988,21219321.155044593
26.76,0.0118182991,0.0264265201,False,False,1744218900000,5.2687791702,4794782.514428392
26.83,0.0114433973,0.0255882143,False,True,1744176600000,3.9539413554,3061344.572213602
24.54,0.0328514828,0.0734581487,False,False,1744204980000,9.0693486656,7531629.200658266
22.9,0.0699125232,0.1563291544,False,False,1744158420000,8.7960662208,8937622.104051393
19.42,0.3471802221,0.776318577,False,False,1745178060000,16.301271144,8490481.535555106
23.9,0.04411182,0.0986370281,False,False,1745130180000,7.5048307469,43325421.95164933
22.11,0.100590039,0.2249261651,False,False,1745120100000,14.1411920688,11234721.812273776
24.4,0.0350392641,0.0783501764,False,False,1745164320000,12.8278159542,51993480.15315757
26.6,0.0127219879,0.0284472297,False,False,1745131560000,17.2222535429,36255149.75467132
19.81,0.2901048414,0.648694146,True,False,1745109480000,13.5920231358,43706478.69329842
25.73,0.0189913123,0.0424658654,False,False,1745124480000,11.32472094,12682643.198842006
23.95,0.0431077124,0.0963917753,False,False,1745187720000,20.4303680653,54465763.93379923
30.22,0.0024019003,0.0053708123,False,True,1745108820000,18.0657247097,51803602.54802731
23.75,0.0472666667,0.1056914799,False,False,1745110500000,7.3009903594,11554294.7119803
26.02,0.0166170902,0.0371569432,False,False,1745156040000,7.3539288569,3640353.867940449
26.42,0.0138214936,0.0309057992,False,True,1745174940000,15.4463729238,464735.551895911
27.38,0.0088829042,0.0198627775,False,False,1745177760000,10.851589538,740197.09614744
25.88,0.0177237239,0.0396314515,False,False,1745179980000,16.4849123143,4659414.229265135
29.12,0.0039861623,0.0089133299,False,False,1745123820000,9.4892680274,444587.36668921
26.68,0.0122618211,0.0274182656,False,False,1745189100000,7.5521467518,7407777.109125479
25.71,0.0191670368,0.0428587972,False,False,1745154000000,17.7987275552,116299.583226689
25.48,0.0213086029,0.0476474846,False,False,1745175000000,10.6001797229,13781925.836828228
23.55,0.0518268695,0.1158884032,False,False,1745166480000,16.5977809693,24891122.48491071
17.82,0.7253622947,1.6219593992,False,False,1745275020000,11.6691798058,15290773.409359025
22.83,0.0722029558,0.1614507173,False,False,1745277480000,8.3997635008,48121779.881246686
22.34,0.0904804968,0.2023205415,False,False,1745194500000,19.4519278293,61825623.66334054
23.6,0.0506471459,0.1132504611,False,False,1745218200000,20.3802255934,59231306.7666272
25.3,0.0231502122,0.0517654482,False,False,1745252880000,8.8851224071,14998186.648939246
24.05,0.0411675457,0.0920534307,False,False,1745278020000,7.8250082603,19422661.522351015
21.02,0.1661709017,0.3715694322,False,False,1745246760000,22.1076615999,20285596.549974848
26.47,0.013506878,0.0302022973,False,False,1745263080000,8.8824992625,71673444.79094292
23.8,0.046190746,0.1032856481,False,False,1745234220000,13.9398037583,37217914.717139505
27.75,0.0074912618,0.0167509707,False,False,1745260260000,14.9442306528,63821334.5567083
24.65,0.031228777,0.0698296682,False,False,1745203080000,4.130666114,17572956.01085372
25.16,0.0246919266,0.0552128263,False,False,1745241720000,4.0855356972,17581925.764500838
25.34,0.0227276732,0.0508206223,False,False,1745216160000,3.2581021391,11984241.787840469
26.1,0.0160160338,0.0358129403,False,False,1745235420000,11.3299948436,3759075.8296369
26.04,0.0164647438,0.0368162863,False,False,1745268180000,13.4384421233,2774241.276839312
27.67,0.007772397,0.0173796081,False,False,1745234520000,10.6510607876,454655.572616376
23.92,0.0437074004,0.0977327184,False,False,1745196960000,15.9058936854,9205709.72993403
27.3,0.0092162655,0.0206081961,False,True,1745269380000,6.9837914297,2195817.552055006
28.22,0.0060333008,0.0134908707,False,False,1745249040000,4.073180325,905971.238146919
25.28,0.0233644185,0.052244428,False,False,1745255820000,6.891507603,14119956.331172368
25.63,0.0198863453,0.04446722,False,False,1745205720000,16.5588497541,5031679.77728474
23.16,0.0620233153,0.1386883492,False,False,1745316660000,8.8864840109,4169551.321536804
27.7,0.0076657557,0.0171411509,False,False,1745292180000,10.9362608632,43596759.96525239
26.0,0.0167708462,0.0375007522,False,False,1745280900000,6.4005840125,54811157.65026456
25.8,0.0183888672,0.0411187571,False,False,1745289960000,7.3570169337,70811221.729502
28.9,0.004411182,0.0098637028,False,False,1745342280000,25.2067700237,70350543.93007112
21.29,0.1467421834,0.3281254972,False,False,1745320560000,16.6506438116,12802209.206680784
24.97,0.0269497646,0.0602615057,False,False,1745328840000,3.581199391,10147733.381560534
25.71,0.0191670368,0.0428587972,False,False,1745364120000,5.8900179656,1594303.09684046
27.48,0.0084831076,0.0189688053,False,True,1745285220000,8.5838317828,1261644.452571001
24.8,0.0291443905,0.0651688382,False,False,1745341620000,6.5100351486,23015314.778020926
25.07,0.0257368254,0.0575492912,False,False,1745329080000,14.7802438478,8313661.490749076
27.06,0.0102933082,0.0230165369,False,False,1745322060000,6.2065288043,4098469.519611629
23.6,0.0506471459,0.1132504611,False,False,1745335680000,19.3394048448,9691033.7934072
24.9,0.0278326768,0.0622357573,False,False,1744701720000,9.998088955,44923732.47623135
25.5,0.0211132445,0.0472106499,False,False,1744707660000,17.3931037346,63938523.215036176
26.29,0.0146742183,0.0328125497,False,False,1744711140000,20.4493072087,61402059.50971923
23.18,0.0614546821,0.1374168468,False,False,1744756740000,13.4967384962,15645293.239165194
20.02,0.263363131,0.5888978636,False,False,1744722000000,52.920394635,66052706.017260686
26.53,0.0131387781,0.0293792009,False,False,1744691700000,16.1899147584,7583481.138861522
28.37,0.0056306039,0.0125904131,False,False,1744705140000,20.1542695088,18910506.99113463
29.16,0.0039134066,0.0087506433,False,False,1744684500000,7.7597055986,38880884.89684632
24.75,0.0298232505,0.0666868155,False,False,1744695360000,8.1745527125,14348171.068292
26.13,0.0157962856,0.0353215683,False,False,1744676460000,10.9577490641,3383491.37807241
26.53,0.0131387781,0.0293792009,False,False,1744738500000,8.2067299147,23506065.48926856
26.03,0.0165407416,0.0369862226,False,False,1744730640000,7.6787418747,16683019.67471913
23.82,0.0457672667,0.1023387195,False,False,1744729020000,4.9257050224,5430737.675510291
29.45,0.0034241673,0.0076566709,False,False,1744752960000,10.5425639496,37989.915333103
25.84,0.0180532326,0.0403682552,False,False,1744713240000,9.8314276524,1052192.220467622
25.35,0.0226232491,0.0505871228,False,False,1744690800000,6.803894734,4138253.008687523
26.67,0.0123184191,0.0275448225,False,False,1744701540000,10.054337778,2788644.440084616
25.91,0.0174805453,0.0390876876,False,False,1744761540000,9.7789839527,4139086.927054051
22.38,0.0888290416,0.1986277755,False,False,1744806240000,23.7554264314,4659617.637488974
24.72,0.0302381333,0.0676145215,False,False,1744777080000,12.5771165166,7478728.521547162
25.2,0.0242412481,0.0542050786,False,True,1744803780000,13.3917922168,27101471.65990199
27.79,0.0073545309,0.016445231,False,True,1744846920000,7.1447917863,39196605.097888224
25.29,0.0232570687,0.0520043867,False,False,1744822260000,14.7169487738,18154340.187726606
26.31,0.0145396843,0.0325117225,False,False,1744780800000,18.5842977399,44238434.71665779
24.36,0.0356906927,0.079806815,False,False,1744772940000,8.2966534145,63000158.188757546
25.05,0.0259749653,0.0580817882,False,False,1744786560000,16.5018503314,14482348.98824388
21.7,0.1214940408,0.2716689341,True,False,1744892100000,21.9338338418,56689685.62986264
21.42,0.1382149359,0.3090579921,False,False,1744926660000,16.6276357517,29919422.726633854
28.9,0.004411182,0.0098637028,False,True,1744890480000,8.6632834639,4190118.201262061
26.25,0.0149470324,0.0334225806,False,False,1744864320000,11.8537870714,21799959.97548999
23.5,0.0530340723,0.1185877909,False,False,1744899240000,21.3181496857,21038913.843074683
22.1,0.1010543415,0.2259643771,False,False,1744894920000,32.4840178326,32389361.90473837
22.91,0.0695913044,0.1556108872,False,False,1744891800000,10.5590165176,8555617.166222882
26.82,0.0114962176,0.0257063241,False,False,1744895940000,7.2251174235,68481643.00724135
24.69,0.0306587876,0.0685551332,False,False,1744875660000,4.8306742548,18594214.59319976
28.0,0.0066765941,0.0149293183,False,False,1744859280000,6.4920181514,52091856.69981551
27.52,0.0083282735,0.0186225856,False,True,1744867800000,5.335176714,9667937.3782579
24.12,0.0398616229,0.0891332986,False,False,1744898280000,16.7738908124,72031091.29103103
23.38,0.0560473362,0.1253256538,False,False,1744876920000,7.5501376037,38203532.908459514
31.16,0.0015579552,0.0034836938,False,False,1744910820000,5.5202223952,31663579.93966584
27.02,0.0104846751,0.0234444462,False,False,1744858920000,6.6403379237,22822827.76716383
27.09,0.0101520787,0.0227007381,False,False,1744903740000,3.3705547712,5012512.595070351
25.65,0.0197040262,0.044059542,False,False,1744861200000,3.8643308632,11675864.717925811
24.7,0.0305179233,0.0682401509,False,False,1744888140000,17.3785725982,6096757.595325025
30.77,0.0018644682,0.0041690776,False,True,1744932240000,9.2674309191,27855.467469101
26.4,0.0139493823,0.0311917671,False,False,1744879500000,9.4074938194,2055603.447807348
25.24,0.0237987955,0.0532157244,False,False,1744886160000,12.7083298779,5055335.299513378
25.49,0.0212106988,0.0474285643,False,False,1744898280000,18.3627968493,11486357.08328785
27.86,0.0071212294,0.015923553,False,False,1744910400000,7.841750678,2658433.451730887
28.74,0.004748484,0.010617933,False,False,1744873620000,4.15664388,22665963.49478411
20.8,0.1838886721,0.411187571,False,False,1744989300000,8.2598829536,21878260.832069032
22.69,0.0770113926,0.1722027088,False,False,1744964640000,8.0296781818,24027527.20708764
22.24,0.0947447113,0.2118556149,False,False,1744959840000,22.8958135141,26260632.70143056
25.76,0.0187307418,0.0418832119,False,False,1744960860000,12.2654787413,24851857.277655438
26.94,0.0108781483,0.0243242791,False,False,1744936560000,6.7660329697,32569693.924100313
28.21,0.0060611492,0.0135531417,False,False,1745000340000,8.4530056689,48279518.98701039
25.01,0.026457876,0.0591616093,False,False,1744954020000,18.4209961762,11901577.04171523
25.99,0.0168482569,0.0376738478,False,False,1744942920000,3.3288610148,28322662.095824186
22.69,0.0770113926,0.1722027088,False,False,1745010600000,9.075150356,21581762.057429176
23.82,0.0457672667,0.1023387195,False,False,1745002980000,2.3535542465,21038178.479784913
25.32,0.0229379698,0.0512908597,False,False,1744989000000,4.3221757037,7798278.368221918
23.44,0.0545198907,0.1219101818,False,False,1744982700000,16.320132597,6659490.612876298
26.37,0.0141434375,0.0316256878,False,False,1744978740000,12.4827001188,2249682.509116556
26.79,0.0116561459,0.0260639347,False,False,1744985220000,3.2013651184,6685303.36630991
26.52,0.0131994239,0.0295148091,False,False,1745011860000,12.772567972,1270022.696240138
25.77,0.0186446818,0.041690776,False,False,1744959120000,6.7784230613,2162503.243349818
20.8,0.1838886721,0.411187571,False,False,1744989300000,8.259882968,21878260.832069032
24.5,0.0334622374,0.0748238376,False,False,1745036460000,23.3567622051,51986746.22943632
25.7,0.0192555078,0.0430566244,False,False,1745106660000,15.6048581463,53913770.66701356
23.39,0.0557898221,0.1247498347,False,False,1745071200000,13.5691540005,42145817.95833227
25.69,0.0193443872,0.0432553648,False,False,1745029680000,17.9053500241,41184493.638311975
23.7,0.0483676488,0.1081533507,False,False,1745022840000,14.2333480094,31347068.814685244
25.77,0.0186446818,0.041690776,False,False,1745100600000,20.7989772533,59213611.19361979
27.99,0.0067074119,0.0149982289,False,False,1745022300000,14.8596341855,17049103.86866991
26.75,0.0118728499,0.0265484994,False,False,1745048820000,12.083759884,39320939.32839623
25.22,0.024019003,0.0537081235,False,False,1745065920000,9.1807181264,3612447.342718317
23.73,0.0477040198,0.1066694311,False,False,1745062020000,6.3473143154,23667602.89991134
26.62,0.012605352,0.0281864239,False,True,1745045520000,12.5342867182,661930.602199136
27.72,0.0075954757,0.0169839999,False,False,1745039520000,6.1375465022,592206.071828897
29.33,0.00361872,0.0080917038,False,True,1745058900000,11.4774096174,187099.602603932
24.24,0.0377185489,0.0843412394,False,False,1745068980000,11.0335403169,5456471.082233655
23.88,0.0445199816,0.0995497053,False,False,1745038140000,9.2013989888,11863584.044666003
25.4,0.022108281,0.0494356193,False,False,1746027240000,17.4916267485,66614387.72082075
22.97,0.0676947481,0.1513700585,False,False,1746044460000,16.5206928986,41114716.83844596
27.4,0.0088014652,0.0196806745,False,False,1746052800000,14.9102692274,30005556.8717612
25.1,0.0253837029,0.0567596853,False,False,1745971200000,22.4118723769,34723968.731088005
27.2,0.0096506147,0.0215794305,False,False,1746030300000,17.6144665219,72709123.57573165
25.32,0.0229379698,0.0512908597,False,False,1745984160000,18.1069221051,35614251.64060803
26.4,0.0139493823,0.0311917671,False,False,1746055800000,25.965855272,53347319.48416216
25.88,0.0177237239,0.0396314515,False,False,1746044880000,11.1413653341,32641107.638819657
25.55,0.0206326484,0.0461360043,False,False,1745975340000,9.6929746162,29933439.28410372
26.46,0.0135692229,0.0303417048,False,False,1745973300000,8.3571967745,67076760.314520866
24.0,0.0421264611,0.0941976306,False,False,1745983440000,9.1718162956,13467363.418581616
26.19,0.0153657929,0.0343589575,False,True,1746057300000,18.9392136248,767144.31006841
26.64,0.0124897854,0.0279280092,False,False,1745996520000,8.3543206485,8285537.56990226
25.33,0.0228325794,0.0510551996,False,False,1745991780000,10.7461562639,2139986.519946768
23.47,0.0537718498,0.1202375114,False,False,1745980800000,10.3455949676,22520840.6805075
18.29,0.5841911542,1.3062911326,False,False,1745381940000,7.6402433621,26648300.157995164
18.94,0.4330668855,0.9683669947,True,False,1745406720000,22.5641456338,28314051.392024852
24.34,0.0360209346,0.0805452583,False,False,1745424360000,6.257793733,23833519.35436455
25.37,0.0224158379,0.0501233372,False,False,1745370240000,10.2193617216,22648352.833527707
25.03,0.0262153087,0.0586192124,False,False,1745411340000,4.6566705977,14743029.425191335
23.38,0.0560473362,0.1253256538,False,False,1745393460000,14.5320605773,64314496.815539904
25.0,0.02658,0.0594346868,False,False,1745399220000,7.3460047773,19321953.747205503
25.04,0.0260948603,0.0583498816,False,False,1745375100000,12.858170609,52018468.57744812
26.1,0.0160160338,0.0358129403,False,False,1745394000000,8.8086163335,55564173.024943165
18.8,0.4619074603,1.0328564805,True,False,1745391420000,21.596122323,28919645.411073875
25.1,0.0253837029,0.0567596853,False,False,1745403600000,15.8630731929,60525676.994923025
25.06,0.0258556212,0.0578149266,False,False,1745418000000,9.5831873144,26258433.822178576
26.07,0.016238839,0.0363111479,False,False,1745427180000,17.7616487333,64735146.77273404
25.62,0.0199781365,0.0446724713,False,False,1745418720000,18.723560538,50821577.921941504
25.52,0.0209196771,0.04677782,False,False,1745425620000,19.9240100209,73690144.38514997
24.34,0.0360209346,0.0805452583,False,False,1745380740000,13.1187333908,7873181.348540503
26.83,0.0114433973,0.0255882143,False,False,1745405100000,11.4979035479,2001649.465053361
25.64,0.0197949759,0.0442629117,False,False,1745374620000,9.1213699778,888170.916710933
24.83,0.0287445144,0.0642746882,False,False,1745403120000,1.3904730266,28879302.979476295
27.38,0.0088829042,0.0198627775,False,False,1745451060000,10.174801531,1144385.228927836
25.21,0.0241298697,0.0539560289,False,False,1745422620000,17.9454648737,5279652.368848668
24.72,0.0302381333,0.0676145215,False,False,1745366640000,19.9169762665,4590051.665901148
27.05,0.01034082,0.0231227764,False,False,1745374140000,9.5850268265,13905286.648955936
18.8,0.4619074603,1.0328564805,True,False,1745391420000,21.5961222294,28919645.5008326
19.8,0.2914439045,0.6516883822,False,False,1745530980000,26.9784968038,56162827.886953086
20.79,0.1847374636,0.4130855266,True,False,1745462940000,6.3979967425,20010962.955134835
21.96,0.1077841687,0.2410127282,True,False,1745480160000,17.5500001746,14680317.5792133
21.5,0.1332155667,0.2978790628,False,False,1745527560000,13.8879842497,74695030.64748791
23.4,0.0555334912,0.1241766613,False,False,1745519820000,28.3879284459,55154696.36810168
27.4,0.0088014652,0.0196806745,False,False,1745498100000,5.3145499688,4885087.298573466
24.5,0.0334622374,0.0748238376,False,False,1745471820000,6.9425271417,69299819.21982883
26.3,0.0146067964,0.0326617897,False,False,1745527020000,8.9174585708,30196849.223948047
25.8,0.0183888672,0.0411187571,False,False,1745530920000,12.9057804777,23140536.15381761
28.25,0.0059505208,0.013305769,False,False,1745521020000,14.5086369519,49388439.63232902
26.0,0.0167708462,0.0375007522,False,False,1745517540000,8.9078440722,25779029.540898535
25.02,0.0263363131,0.0588897864,False,False,1745528940000,36.8110000407,36306755.46974034
27.57,0.0081386988,0.0181986838,False,False,1745532240000,15.4192111669,52601051.28757608
26.69,0.0122054832,0.0272922901,False,True,1745506380000,14.6647219121,30662419.502038985
28.69,0.0048590904,0.0108652564,False,True,1745478000000,11.4578601433,23163503.01721149
20.9,0.1756123185,0.3926810818,True,False,1745515080000,13.3697823871,26931126.375467215
22.62,0.079534394,0.1778443116,False,False,1745465280000,11.6163415335,5798018.278426395
27.55,0.0082140053,0.0183670741,False,True,1745538180000,12.638367862,1358625.340860565
26.27,0.0148099972,0.0331161605,False,False,1745493120000,14.7485571078,394026.069149592
28.32,0.0057617575,0.0128836815,False,False,1745512320000,10.9255423832,1576125.848611222
23.87,0.0447254765,0.1000092059,False,False,1745532120000,12.0563341032,26906698.165280245
21.08,0.1616422833,0.3614431336,True,False,1745595900000,9.4841474625,4930682.81449673
27.8,0.0073207399,0.016369672,False,True,1745598960000,21.8451742674,73671137.69153053
21.8,0.1160259082,0.2594418179,False,False,1745556060000,16.98171255,40281446.60468974
23.12,0.0631764148,0.1412667581,False,False,1745577060000,9.6708911552,24935803.374416582
26.8,0.0116025908,0.0259441818,False,False,1745597880000,8.3650716841,34926053.05865687
26.9,0.0110803882,0.0247765013,False,False,1745588220000,21.1509189768,54690947.26456055
28.48,0.0053524791,0.011968507,False,False,1745570460000,8.2799298551,73872184.1090773
28.26,0.0059231806,0.0132446345,False,False,1745617560000,8.7834008925,16756009.56755658
26.77,0.0117639989,0.0263051013,False,False,1745620320000,15.1537242222,60682127.2851171
23.37,0.056306039,0.1259041307,False,False,1745584200000,9.8799824372,18106683.58714941
22.61,0.0799015081,0.1786652037,False,False,1745580300000,20.0335959953,10214166.788710348
26.52,0.0131994239,0.0295148091,False,False,1745551020000,6.7869263283,1251974.40137484
23.76,0.0470494961,0.1052058716,False,False,1745605860000,11.9222677617,6369615.777603666
28.83,0.0045556985,0.0101868516,False,False,1745600520000,7.0744499299,408896.965095238
23.31,0.0578835257,0.1294314984,False,False,1745603160000,6.009289415,16294692.47658804
26.62,0.012605352,0.0281864239,False,False,1745599860000,9.1424997599,1995743.266346826
27.49,0.0084441313,0.0188816516,False,False,1745565540000,6.4876415008,1038585.45644305
27.4,0.0088014652,0.0196806745,False,True,1745682720000,5.7662189249,45426389.26307825
20.87,0.1780553292,0.3981438198,False,False,1745642820000,17.8451062954,14547385.480403207
21.39,0.1401376972,0.3133574171,False,False,1745676420000,15.3184115236,10433838.156031936
24.12,0.0398616229,0.0891332986,False,False,1745653920000,16.6924912458,58364930.44944104
23.1,0.063760979,0.1425738833,False,False,1745640840000,18.5123036462,65929930.35720149
27.35,0.0090064777,0.0201390963,False,False,1745691420000,13.5119795621,28557190.74568525
25.32,0.0229379698,0.0512908597,False,False,1745695980000,11.8337990826,69724014.70638111
25.27,0.0234722638,0.0524855773,False,False,1745631960000,9.136198309,45543898.56948069
28.76,0.0047049496,0.0105205872,False,False,1745705220000,10.7144400799,59765649.45944476
23.48,0.0535247906,0.1196850702,False,False,1745674320000,7.7133590317,31882102.18590881
24.93,0.0274507982,0.0613818507,False,False,1745644020000,13.1596676282,25842471.09536686
21.02,0.1661709017,0.3715694322,False,False,1745695740000,23.0709960899,26710340.982727315
26.89,0.011131533,0.0248908644,False,False,1745704800000,8.4994414789,3536352.650807525
24.74,0.0299609084,0.0669946278,False,False,1745642640000,8.3518086891,11931442.35656778
26.38,0.0140784543,0.0314803809,False,False,1745649120000,9.7362070942,4321960.389830483
24.69,0.0306587876,0.0685551332,False,False,1745702880000,9.1056766969,20655675.396009088
25.1,0.0253837029,0.0567596853,False,False,1745640060000,3.2922836642,26369130.935254198
21.38,0.1407845434,0.3148038092,False,False,1745676420000,15.3184115285,10433838.141072148
20.87,0.1780553292,0.3981438198,False,False,1745642820000,17.845106306,14547385.7197598
20.05,0.2597496533,0.580817882,True,False,1745714100000,7.4511219749,26121615.469901625
20.75,0.1881719895,0.42076536,True,False,1745779620000,8.3719955179,27635738.820754986
24.4,0.0350392641,0.0783501764,False,False,1745740080000,24.2638084478,72787524.96207935
25.38,0.0223128464,0.0498930414,False,False,1745726760000,15.149080471,29603553.675711304
20.89,0.1764229081,0.3944936153,False,False,1745729040000,37.8742826785,66913938.12745094
24.64,0.0313729225,0.0701519874,False,False,1745766960000,6.5861598582,72825528.8648133
22.3,0.0921626549,0.2060819612,False,False,1745734440000,13.5622217834,18827053.535119172
24.38,0.0353634784,0.0790751417,False,False,1745712180000,16.536172566,5601377.413432585
25.92,0.0174002295,0.038908096,False,False,1745754660000,10.9984711203,8466285.830377685
25.34,0.0227276732,0.0508206223,False,False,1745723640000,11.3114881668,5553883.709976039
25.66,0.0196134944,0.0438571068,False,False,1745796780000,12.9245953937,4890469.85985564
25.26,0.0235806068,0.0527278398,False,False,1745728200000,9.3390861727,7601165.895942933
26.52,0.0131994239,0.0295148091,False,False,1745743380000,10.7259447972,4100775.376300448
24.28,0.0370301078,0.0828018383,False,False,1745723040000,7.8714833031,2675255.986528766
24.75,0.0298232505,0.0666868155,False,False,1745761260000,12.1610825131,19874142.328970253
23.7,0.0483676488,0.1081533507,False,False,1745805240000,16.4024415337,27126275.15130565
24.02,0.0417402433,0.0933340215,False,False,1745874000000,13.1234619456,58127216.561731935
21.41,0.138852907,0.310484539,False,False,1745803140000,7.5938051356,20147965.4175104
22.63,0.0791689667,0.1770271912,False,False,1745818980000,4.7329703518,20027367.229247976
26.9,0.0110803882,0.0247765013,False,False,1745869800000,12.7524987272,16127555.976706045
21.39,0.1401376972,0.3133574171,True,False,1745869140000,9.0091840475,62271728.26658708
23.24,0.0597798714,0.1336718562,False,False,1745819280000,10.2490992952,63742405.83786886
25.37,0.0224158379,0.0501233372,False,False,1745844780000,11.8056137345,27266045.563230675
24.37,0.0355267088,0.079440136,False,False,1745815980000,14.0109573839,30806251.79533025
30.76,0.0018730742,0.0041883212,False,True,1745859240000,9.8954136483,46856006.30306689
28.74,0.004748484,0.010617933,False,False,1745809320000,5.7870594074,31009890.90852181
25.69,0.0193443872,0.0432553648,False,False,1745862060000,19.6662863777,1212566.402952646
27.15,0.0098754064,0.02208208,False,False,1745842140000,7.9959793144,650060.893842069
27.4,0.0088014652,0.0196806745,False,False,1745858760000,6.7726735119,2088936.755442026
27.63,0.0079168967,0.0177027191,False,False,1745855520000,4.8962386104,2455698.283668804
27.64,0.0078805218,0.0176213825,False,False,1745814120000,10.1236501651,338927.572931383
26.04,0.0164647438,0.0368162863,False,False,1745834820000,13.3617663278,1847901.899737431
25.8,0.0183888672,0.0411187571,False,False,1745824920000,8.353462124,4004824.708702426
24.49,0.0336166921,0.0751692087,False,False,1745820720000,7.5548061664,5359321.941219702
24.67,0.0309424699,0.069189466,False,False,1745801340000,8.5502992951,13564710.746853745
24.84,0.0286124454,0.0639793729,False,False,1745868420000,8.644102739,4137636.111951004
22.64,0.0788052183,0.1762138252,False,False,1745818980000,4.732970331,20027367.199328404
21.42,0.1382149359,0.3090579921,False,False,1745803140000,7.5938051584,20147965.252952736
17.46,0.8561600847,1.9144321491,False,False,1745905620000,19.6263157923,17545847.261152726
19.83,0.2874451443,0.6427468824,False,False,1745951280000,15.3121252183,20314016.973800004
26.4,0.0139493823,0.0311917671,False,False,1745945160000,8.7534146922,71506094.21650895
23.96,0.0429096504,0.0959488953,False,False,1745887260000,30.5085115072,66538556.066844776
26.4,0.0139493823,0.0311917671,False,False,1745945700000,5.7303796325,66754088.524856865
27.1,0.0101054342,0.0225964377,False,False,1745927460000,12.9058285671,19765943.91919768
23.92,0.0437074004,0.0977327184,False,False,1745928900000,14.1575482177,50172698.34263968
25.86,0.0178877195,0.0399981568,False,False,1745952120000,8.8544499645,43868236.26712648
27.39,0.0088420909,0.0197715164,False,False,1745968080000,11.0059684711,9352890.54714844
26.77,0.0117639989,0.0263051013,False,False,1745946360000,26.1306350302,71187790.2956945
23.4,0.0555334912,0.1241766613,False,False,1745892660000,7.0926688423,18068304.881911967
23.9,0.04411182,0.0986370281,False,False,1745943720000,10.3373340774,10508267.015821127
24.23,0.0378926498,0.0847305409,False,False,1745913300000,6.1473396865,20232212.819341514
26.48,0.0134448195,0.0300635304,False,False,1745965620000,9.1088822568,503446.05024923
27.12,0.010012787,0.0223892723,False,False,1745969940000,10.7984249821,1986906.071372316
26.78,0.0117099483,0.0261842403,False,False,1745961720000,3.4412486087,8559708.967163121
25.67,0.0195233786,0.0436556017,False,False,1745967780000,8.3847921912,630999.088367308
24.59,0.0321036917,0.0717860371,False,False,1745961780000,12.6771088119,2765278.554292085
27.34,0.0090480497,0.0202320542,False,True,1745968260000,8.2743469961,1898780.733715911
26.47,0.013506878,0.0302022973,False,False,1745886780000,3.2541498438,4980597.101248598
25.1,0.0253837029,0.0567596853,False,False,1746098040000,13.4878899214,69098808.07745978
27.4,0.0088014652,0.0196806745,False,False,1746098340000,14.5152218623,31464966.07324396
22.91,0.0695913044,0.1556108872,False,False,1746086100000,19.4987747275,60630567.42179523
24.51,0.0333084924,0.0744800533,False,False,1746137880000,4.5606837455,3635347.530341538
24.98,0.0268259417,0.0599846292,False,False,1746092220000,11.0745778949,4308271.017862097
24.42,0.0347180222,0.0776318577,False,False,1746110340000,10.0983583555,12766392.664162828
24.51,0.0333084924,0.0744800533,False,False,1746139440000,13.3715312739,20306711.810612164
27.52,0.0083282735,0.0186225856,False,False,1746102660000,14.2480936362,199574.539063658
25.37,0.0224158379,0.0501233372,False,False,1746059940000,6.2540075052,13368128.613983696
23.83,0.0455569852,0.1018685158,False,False,1746061620000,6.5966037052,28340909.026741266
28.56,0.0051588747,0.0115355944,False,True,1746079920000,22.6995031207,173735.381605991
21.75,0.1187284988,0.2654849942,False,False,1746292260000,16.5679222764,51908028.38375444
23.7,0.0483676488,0.1081533507,False,False,1746252960000,16.1809956235,62423130.70577331
25.1,0.0253837029,0.0567596853,False,False,1746283320000,22.9476002368,35156445.67148753
31.14,0.0015723708,0.003515928,False,True,1746310440000,7.275686235,61954138.84015952
24.11,0.0400456158,0.0895447192,False,False,1746300180000,20.9747416619,66218775.420576185
21.63,0.1254743564,0.2805691903,False,False,1746312240000,36.9167559605,69017178.90762983
23.53,0.0523064176,0.1169607054,False,False,1746290280000,9.6837067643,39538620.46061513
22.93,0.0689532874,0.154184238,False,False,1746256260000,22.1856848317,21693283.245331477
24.8,0.0291443905,0.0651688382,False,False,1746232380000,17.3858330781,71678728.67747004
20.62,0.1997813652,0.4467247133,True,False,1746297600000,11.458304295,9694857.021291427
23.78,0.0466181437,0.1042413384,False,False,1746262560000,11.2602720548,2902752.234998361
25.0,0.02658,0.0594346868,False,False,1746262980000,6.6732493827,8952297.954294132
25.35,0.0226232491,0.0505871228,False,False,1746234540000,10.0431992633,14055242.760975225
23.61,0.0504144434,0.1127301225,False,False,1746242700000,12.4978620062,15204593.322725805
26.17,0.0155079709,0.0346768771,False,False,1746285540000,10.6183562084,3066057.189354555
25.6,0.0201629919,0.0450858206,False,False,1746271020000,10.6493160265,3825112.189079946
23.47,0.0537718498,0.1202375114,False,False,1746158820000,15.2742817,38591185.13596095
23.9,0.04411182,0.0986370281,False,False,1746206820000,6.1373410288,23280141.843527976
24.6,0.0319561887,0.0714562102,False,False,1746218220000,11.6274169593,61623817.991724126
23.3,0.058150704,0.130028927,False,False,1746166980000,20.3979491241,70395021.65070973
21.56,0.1295850727,0.2897610314,False,False,1746210120000,25.3065791243,9590520.211256733
20.48,0.2130860292,0.4764748465,True,False,1746198720000,23.8972147635,16396369.256976692
23.98,0.0425162524,0.0950692305,False,False,1746197760000,9.2568314876,20835342.707155254
22.97,0.0676947481,0.1513700585,False,False,1746225900000,16.244496061,21823731.10695256
26.9,0.0110803882,0.0247765013,False,False,1746176580000,22.8650145876,70746267.17209607
19.87,0.2821986791,0.6310154296,False,False,1746192900000,37.0602656037,26859482.96817828
24.66,0.0310852938,0.0695088301,False,False,1746153000000,8.5065507397,69561775.24789421
20.91,0.1748054532,0.3908768761,True,False,1746204720000,45.1307634229,72780519.09935
27.31,0.0091739206,0.0205135101,False,False,1746166080000,3.756638964,50051697.6912276
23.54,0.0520660914,0.1164233197,False,False,1746197700000,15.5440350691,38122709.06884313
26.22,0.0151549664,0.033887535,False,False,1746195120000,19.4440499923,660069.305500596
27.11,0.0100590039,0.0224926165,False,False,1746214860000,6.3330828259,4807623.187760694
26.83,0.0114433973,0.0255882143,False,True,1746168660000,7.7737571419,4160595.390732875
28.47,0.005377185,0.0120237511,False,False,1746147420000,10.8625262776,493330.870590884
28.14,0.006259721,0.0139971617,False,False,1746157620000,5.3232197222,510178.193755822
24.17,0.0389542616,0.087104377,False,False,1746187560000,3.9561075322,29915624.945347317
19.8,0.2914439045,0.6516883822,False,False,1746406080000,9.9796968621,41368211.1921101
24.4,0.0350392641,0.0783501764,False,False,1746417180000,14.2830155391,66673217.03831889
24.0,0.0421264611,0.0941976306,False,False,1746476400000,31.181919441,42100639.95510439
19.01,0.4193290755,0.9376483177,False,False,1746468660000,10.7588692294,19896771.7145292
28.82,0.0045767267,0.010233872,False,False,1746476820000,6.7573113879,37289913.19497289
28.8,0.0046190746,0.0103285648,False,False,1746454740000,8.0034510889,30889564.49470982
23.43,0.0547715431,0.1224728936,False,False,1746437940000,18.0768412211,53088046.329337575
25.93,0.0173202827,0.0387293295,False,False,1746425820000,5.7503208931,64865700.863802604
25.32,0.0229379698,0.0512908597,False,False,1746408840000,13.979793473,35770836.03033277
26.27,0.0148099972,0.0331161605,False,False,1746473460000,8.2505388631,30936179.475237772
28.39,0.0055789822,0.0124749835,False,True,1746482640000,5.9663458658,34298383.77951917
24.63,0.0315177333,0.0704757942,False,False,1746433380000,13.4111675164,36186981.20670673
26.54,0.0130784109,0.0292442157,False,False,1746488040000,7.3138128834,55379624.02114337
23.67,0.0490405098,0.1096579137,False,False,1746427440000,8.4723901829,11015645.500399688
23.14,0.06259721,0.1399716167,False,False,1746406740000,13.4932468746,27324926.806149486
24.24,0.0377185489,0.0843412394,False,False,1746425940000,8.6603532585,12126669.117775843
22.78,0.0738847787,0.1652113876,False,False,1746420480000,12.1824845944,2745399.001980543
23.9,0.04411182,0.0986370281,False,False,1746367620000,11.2761095741,46661265.675097175
23.84,0.0453476699,0.1014004725,False,False,1746329280000,4.9598349901,18701690.99877236
26.03,0.0165407416,0.0369862226,False,False,1746401100000,16.3779389932,68116244.8541626
26.5,0.0133215567,0.0297879063,False,False,1746400500000,4.1387060039,32565747.068536315
27.4,0.0088014652,0.0196806745,False,False,1746349620000,16.9334462612,56357283.18690535
20.04,0.2609486033,0.5834988155,False,False,1746323100000,12.1419822142,72351619.98648877
26.5,0.0133215567,0.0297879063,False,False,1746384900000,31.4063196521,72045099.0820657
27.7,0.0076657557,0.0171411509,False,False,1746327000000,19.8313884331,61713317.61021329
25.43,0.021804944,0.0487573371,False,False,1746371520000,14.2400035334,52502683.92622736
24.42,0.0347180222,0.0776318577,False,False,1746317580000,6.1182245293,67642657.67109774
25.32,0.0229379698,0.0512908597,False,False,1746345900000,13.6972358297,22325532.08926455
25.39,0.0222103282,0.0496638037,False,False,1746356580000,13.9987578982,3041147.692900216
25.3,0.0231502122,0.0517654482,False,False,1746317820000,11.2459954795,6552564.57786743
24.18,0.038775283,0.0867041687,False,False,1746393960000,12.8303958457,8638310.350903207
20.99,0.1684825693,0.3767384779,False,False,1746606840000,13.6710764496,19375860.681429375
25.4,0.022108281,0.0494356193,False,False,1746583980000,12.04496786,67673610.47270647
22.11,0.100590039,0.2249261651,False,False,1746583560000,22.7211251741,46709919.37539749
27.9,0.0069912523,0.0156329154,False,True,1746595140000,18.5651173984,54268604.98146204
24.11,0.0400456158,0.0895447192,False,True,1746659580000,19.55778415,11635344.39950102
28.88,0.0044519982,0.0099549705,False,True,1746628980000,5.3496510535,60939368.9906258
22.74,0.0752583992,0.1682828966,False,False,1746613740000,17.94788983,72648953.29284641
24.45,0.0342416731,0.0765667087,False,False,1746604020000,9.3224718102,14920290.230201747
24.81,0.0290104841,0.0648694146,False,False,1746602400000,13.6009898282,6815703.147175579
25.92,0.0174002295,0.038908096,False,False,1746642180000,16.7008136913,4572432.313008501
25.63,0.0198863453,0.04446722,False,False,1746576180000,4.1670864327,4249563.158874611
18.93,0.4350658314,0.9728367737,False,False,1746552900000,9.1715507702,23782605.783760656
26.1,0.0160160338,0.0358129403,False,False,1746502200000,8.5993203245,11196273.005474448
22.55,0.0821400526,0.1836707413,False,False,1746528420000,7.5763956588,69671299.33415158
25.71,0.0191670368,0.0428587972,False,False,1746531780000,16.9943786741,72121576.04141371
22.14,0.0992098919,0.2218400624,False,False,1746508380000,24.8728899902,64161859.99944893
24.76,0.0296862251,0.0663804174,False,False,1746513840000,19.8792677095,55137393.11550833
24.77,0.0295498293,0.0660754271,False,False,1746567720000,16.332283291,7004295.272768714
26.48,0.0134448195,0.0300635304,False,False,1746573420000,18.3125277876,45440383.81470143
23.0,0.0667659413,0.1492931834,False,False,1746493020000,11.1127841953,54791570.39723121
24.7,0.0305179233,0.0682401509,False,False,1746494400000,8.1801363134,26665868.28857712
25.82,0.0182202771,0.0407417781,False,False,1746541860000,4.2824495917,1359101.839996089
26.6,0.0127219879,0.0284472297,False,False,1746546540000,5.5413723224,5066370.685589668
24.73,0.0300992017,0.067303861,False,False,1746506640000,5.9750649012,11171388.4918644
23.22,0.0603330078,0.1349087066,False,False,1746568200000,21.2827414825,3543319.378734064
25.6,0.0201629919,0.0450858206,False,False,1746675120000,9.7775700009,46531564.18716909
28.6,0.0050647146,0.0113250461,False,False,1746673320000,25.184028203,30897777.07369772
26.7,0.0121494041,0.0271668934,False,False,1746718560000,12.3629859921,37479922.850143
24.34,0.0360209346,0.0805452583,False,False,1746665460000,7.7863788611,11379639.168835726
25.37,0.0224158379,0.0501233372,False,False,1746668580000,10.1870513294,7647451.132845832
20.52,0.2091967709,0.4677782004,True,False,1746723360000,25.8030550261,63086400.38842639
24.8,0.0291443905,0.0651688382,False,False,1746729780000,23.9983120969,52847252.4159624
25.87,0.0178055329,0.039814382,False,False,1746677580000,9.5702625478,43332204.34508046
23.93,0.0435065831,0.0972836774,False,False,1746735540000,24.3310921096,8031764.470526952
28.62,0.005018281,0.0112212175,False,True,1746700620000,6.0965970149,366503.771096768
23.46,0.0540200494,0.1207925025,False,False,1746698160000,10.0571479941,17016162.91136888
24.31,0.0365220357,0.0816657545,False,False,1746674580000,6.3133183506,13316853.360609503
24.67,0.0309424699,0.069189466,False,False,1746701400000,4.7991367043,15332152.569155488
22.61,0.0799015081,0.1786652037,False,False,1746871140000,23.4284759733,42896640.79670858
26.2,0.0152951935,0.0342010925,False,False,1746878160000,18.1272738296,69612402.84720981
27.2,0.0096506147,0.0215794305,False,False,1746899940000,16.8802770314,25876391.91871639
25.61,0.0200703514,0.0448786701,False,False,1746892440000,13.8196663532,40460116.99563023
26.35,0.0142743051,0.0319183166,False,False,1746843120000,7.2445983121,6991011.10159101
25.24,0.0237987955,0.0532157244,False,False,1746891720000,16.9620122408,54463032.06725602
29.49,0.0033616692,0.0075169209,False,False,1746905040000,7.6367481022,35563387.5868991
23.67,0.0490405098,0.1096579137,False,False,1746878160000,12.9852081981,39413562.07169781
23.0,0.0667659413,0.1492931834,False,False,1746900600000,15.6143598988,36620074.37065237
24.36,0.0356906927,0.079806815,False,False,1746850500000,14.2355142298,18962936.466874804
26.45,0.0136318556,0.0304817558,False,False,1746854940000,8.024219934,1240453.734768057
27.0,0.0105816886,0.023661375,False,False,1746862200000,15.5942118753,1431516.663661473
24.06,0.040978398,0.0916304836,False,False,1746904020000,6.5820304362,10495408.495462935
23.25,0.0595052079,0.1330576898,False,False,1746876780000,16.26482046,19942214.76030336
25.13,0.0250354255,0.0559809132,False,False,1746867480000,6.7648594334,850377.393461566
21.56,0.1295850727,0.2897610314,False,False,1746911460000,18.0676639101,17940960.278506164
27.05,0.01034082,0.0231227764,False,False,1746910980000,5.4638041061,3786461.81411058
25.96,0.0170826395,0.0381979432,False,False,1746862560000,12.2998922472,1162986.362721719
22.39,0.0884209093,0.1977151638,False,False,1747092900000,15.7792302929,2513733.535672983
23.65,0.0494942761,0.1106725658,False,False,1747084200000,5.3682978052,40229879.39611245
23.0,0.0667659413,0.1492931834,False,False,1747068060000,13.5282197689,32385533.51572763
21.94,0.1087814834,0.2432427915,False,False,1747086480000,12.0257146777,28214109.57293353
27.5,0.008405334,0.0187948982,False,False,1747017720000,14.4911176981,46707768.17298668
28.1,0.0063760979,0.0142573883,False,False,1747049940000,19.797863524,52689144.83568511
23.0,0.0667659413,0.1492931834,False,False,1747067340000,17.4280712738,13274490.280662265
27.46,0.0085616008,0.0191443215,False,False,1747031460000,14.9589829391,47499606.52865705
23.47,0.0537718498,0.1202375114,False,False,1747048440000,12.7211833672,12014186.09036838
24.46,0.0340843469,0.0762149166,False,False,1747042980000,6.1776940806,13263331.34170514
25.73,0.0189913123,0.0424658654,False,False,1747059480000,22.6861284566,30220351.99179163
26.38,0.0140784543,0.0314803809,False,False,1747013520000,6.9104075417,33988821.580318585
22.29,0.0925880583,0.2070331923,False,False,1747044060000,4.6101618388,23363728.815642405
22.35,0.0900647767,0.2013909631,False,False,1747092420000,17.9613511516,29381208.126785167
25.45,0.0216050351,0.0483103272,False,False,1747023660000,12.5592453823,1529528.745028734
22.32,0.0913177026,0.2041925905,False,False,1747092900000,15.7792302946,2513733.520713196
21.94,0.1087814834,0.2432427915,False,False,1747086480000,12.0257146908,28214109.57293353
23.79,0.0464039528,0.1037623929,False,False,1746953220000,7.2128687032,20693899.491847888
23.6,0.0506471459,0.1132504611,False,False,1746927240000,26.6551760153,7943557.078438852
26.7,0.0121494041,0.0271668934,False,False,1746976620000,20.4937551914,54270478.515266344
24.8,0.0291443905,0.0651688382,False,False,1746979260000,12.1709192917,14098102.460971503
21.75,0.1187284988,0.2654849942,False,False,1746930780000,9.2601447008,20013126.54424928
26.82,0.0114962176,0.0257063241,False,False,1746939300000,9.6411469753,71568609.64048368
27.07,0.0102460147,0.0229107855,False,False,1746996120000,30.207399041,46521884.3971516
22.67,0.0777239702,0.1737960809,False,False,1746965520000,28.7456838368,57029895.27149971
25.04,0.0260948603,0.0583498816,False,False,1746991740000,9.2404331269,12613764.584587468
24.65,0.031228777,0.0698296682,False,False,1747000500000,10.0321903617,3285092.242136098
21.75,0.1187284988,0.2654849942,False,False,1746930780000,9.2601446547,20013126.54424928
25.61,0.0200703514,0.0448786701,False,False,1747252980000,8.4146804652,37611393.87143616
24.8,0.0291443905,0.0651688382,False,False,1747256040000,21.6256044449,68410900.08937109
24.4,0.0350392641,0.0783501764,False,False,1747262700000,18.8163320956,50627538.86310273
28.22,0.0060333008,0.0134908707,False,True,1747264200000,18.0512720725,67749303.50929609
24.55,0.0327005439,0.0731206391,False,False,1747209360000,8.5048414448,15247712.111273136
23.53,0.0523064176,0.1169607054,False,False,1747259760000,12.4516529377,33754501.29037086
22.32,0.0913177026,0.2041925905,False,False,1747219140000,6.3957704839,6142084.627951
21.56,0.1295850727,0.2897610314,False,False,1747243440000,29.5439018489,12394050.701551229
24.09,0.0404161533,0.0903732663,False,False,1747263180000,2.705762416,15384190.72678732
22.85,0.0715409951,0.1599705282,False,False,1747144800000,5.0216467073,4363318.261850044
23.9,0.04411182,0.0986370281,False,False,1747112340000,7.3740433565,26641284.451725986
22.14,0.0992098919,0.2218400624,False,False,1747098240000,11.2603498319,36483645.22715379
23.14,0.06259721,0.1399716167,False,False,1747176540000,17.2872984214,32350643.118663058
24.93,0.0274507982,0.0613818507,False,False,1747167600000,16.788215946,39835582.31546157
23.49,0.0532788665,0.1191351672,False,False,1747111740000,7.5105168955,23412726.44144585
24.1,0.040230458,0.0899580388,False,False,1747144020000,18.274602859,6945501.724121292
26.3,0.0146067964,0.0326617897,False,False,1747382700000,17.3108294688,48918482.306941606
24.0,0.0421264611,0.0941976306,False,False,1747393920000,7.4834570568,18086005.705804616
23.1,0.063760979,0.1425738833,False,False,1747416180000,14.7541995566,52546048.96782849
26.45,0.0136318556,0.0304817558,False,False,1747417980000,5.3970659525,55415931.34939344
25.31,0.0230438467,0.0515276076,False,False,1747429740000,11.7769078814,39706358.014819205
22.11,0.100590039,0.2249261651,False,False,1747364340000,13.0848526109,23885983.64152908
23.82,0.0457672667,0.1023387195,False,False,1747404900000,12.761702393,11972710.469865343
26.66,0.0123752784,0.0276719637,False,False,1747358460000,3.866747375,70676439.41919553
26.08,0.0161642283,0.0361443134,False,False,1747396260000,4.9848995296,25349500.426527362
25.57,0.0204434871,0.0457130269,False,False,1747428540000,10.4475651765,7800479.057608127
23.13,0.0628861456,0.1406176963,False,False,1747366680000,6.192296533,24105038.411309887
22.8,0.0732073989,0.1636967205,False,False,1747380900000,10.9675962339,23948475.623517573
27.51,0.008366715,0.0187085435,False,True,1747365720000,15.2100174605,1360709.508465831
17.61,0.7990150812,1.7866520367,True,False,1747334160000,22.9393969732,10540965.594653184
21.79,0.1165614595,0.2606393469,True,False,1747338540000,19.0568167503,49057849.23845146
23.02,0.0661538275,0.1479244553,False,False,1747332480000,29.8512072488,72597042.57764003
23.39,0.0557898221,0.1247498347,False,False,1747337460000,14.6166030275,11616037.612554345
23.3,0.058150704,0.130028927,False,False,1747306260000,9.1101398502,63210537.852855995
27.4,0.0088014652,0.0196806745,False,False,1747305840000,11.7114583425,31244993.146536022
26.8,0.0116025908,0.0259441818,False,False,1747315560000,11.8763535779,66664526.22486017
25.8,0.0183888672,0.0411187571,False,True,1747305060000,22.4082922528,60473577.86119938
25.67,0.0195233786,0.0436556017,False,False,1747333800000,2.3905409127,13884825.355407324
26.04,0.0164647438,0.0368162863,False,False,1747308180000,20.6858417012,33203439.09080849
26.21,0.0152249185,0.0340439527,False,False,1747281360000,10.1163565174,39616353.02480561
24.61,0.0318093633,0.0711278987,False,False,1747276200000,17.6449926776,54490940.2530145
27.98,0.0067383719,0.0150674576,False,True,1747311300000,13.3167924011,26546995.592066854
21.36,0.1420872067,0.317716653,False,False,1747279500000,14.8837579791,13979193.26258096
26.01,0.0166937912,0.0373284519,False,False,1747304040000,4.974737853,3739849.436585565
25.55,0.0206326484,0.0461360043,False,False,1747283760000,8.8767958947,10009441.594982589
20.43,0.2180494405,0.4875733714,True,False,1746788580000,5.1377182414,4206591.948626035
22.88,0.0705594158,0.1577756503,False,False,1746776940000,20.1505868655,58220493.85555391
28.3,0.0058150704,0.0130028927,False,False,1746813000000,10.1603634928,50055116.19703433
22.58,0.0810130488,0.1811506842,False,False,1746775020000,30.0429597117,71558598.05735031
22.41,0.0876102615,0.1959025002,False,False,1746756420000,2.5422801951,26442634.098383613
21.79,0.1165614595,0.2606393469,False,False,1746766380000,36.9288811728,69973458.47331819
30.35,0.0022623249,0.0050587123,False,False,1746829020000,9.7930687884,60623372.12328312
25.68,0.0194336768,0.0434550225,False,False,1746791640000,10.870918893,63781662.30860854
19.99,0.2670268771,0.5970902489,True,False,1746788520000,5.1376950261,4206653.328632096
25.81,0.018304378,0.0409298336,False,False,1746832320000,9.0444428986,8350773.31146464
26.97,0.0107288945,0.0239905375,False,False,1746773580000,7.2110708452,58445657.28979851
18.76,0.4704949611,1.0520587161,False,False,1746828780000,17.5043802175,12546332.581735833
23.34,0.057089334,0.1276556316,False,False,1746798060000,16.1722369023,15271152.57160386
26.31,0.0145396843,0.0325117225,False,False,1746794460000,9.6058351308,5150344.353238259
23.89,0.0443154309,0.099092316,False,False,1746804900000,24.6140175537,11309651.061978335
25.06,0.0258556212,0.0578149266,False,False,1746785580000,9.8818899051,21103780.706209216
22.41,0.0876102615,0.1959025002,False,False,1746756420000,2.5422802644,26442634.098383613
21.4,0.1394938229,0.3119176705,True,False,1747840020000,19.5225729356,67751436.655244
26.3,0.0146067964,0.0326617897,False,False,1747799220000,15.6964457347,50274048.25168238
25.2,0.0242412481,0.0542050786,False,False,1747810260000,19.7739485735,59719558.02658245
26.9,0.0110803882,0.0247765013,False,False,1747789080000,8.1825233064,70757223.6901753
25.8,0.0183888672,0.0411187571,False,False,1747833660000,14.470822481,59219620.67469577
24.96,0.0270741591,0.0605396602,False,False,1747858680000,7.646580437,55399940.20475808
21.34,0.1434019235,0.320656449,True,False,1747840020000,19.5225691203,67751425.9440365
28.05,0.0065246163,0.0145894856,False,False,1747785840000,14.440638351,34574486.72463833
27.9,0.0069912523,0.0156329154,False,False,1747852680000,4.4648058696,24127213.019344036
24.37,0.0355267088,0.079440136,False,False,1747825140000,3.0335154405,24625320.16096956
22.32,0.0913177026,0.2041925905,False,False,1747866420000,18.3508452417,12681394.176305803
27.13,0.0099667824,0.022286403,False,False,1747848360000,11.5828553233,115160.260808556
25.13,0.0250354255,0.0559809132,False,False,1747815240000,6.727328146,7685419.73048246
25.25,0.0236894499,0.0529712204,False,False,1747832520000,8.2816506031,2889257.699295863
31.36,0.0014208721,0.0031771665,False,True,1747847400000,8.2401781393,139790.876913641
24.19,0.0385971268,0.0863057993,False,False,1747840500000,22.4360387926,4432844.171128284
25.15,0.0248058993,0.0554676771,False,False,1747848660000,9.8471983072,15068265.84593968
20.36,0.2251930467,0.5035469604,False,False,1747713540000,8.0696755439,17390907.430732466
27.1,0.0101054342,0.0225964377,False,True,1747704120000,2.5334067007,5184852.797021148
22.73,0.0756057762,0.1690596552,False,False,1747743900000,16.039266019,14107085.42411054
22.9,0.0699125232,0.1563291544,False,False,1747766880000,11.167832478,64668591.92203336
29.53,0.0033003118,0.0073797216,False,True,1747738440000,16.4263602574,70750673.1285633
23.82,0.0457672667,0.1023387195,False,False,1747730100000,21.8417497375,17030484.36425759
27.6,0.0080270317,0.0179489885,False,False,1747710180000,12.3426289375,30370434.723448087
28.73,0.004770402,0.0106669431,False,True,1747781760000,11.0069172219,55151931.50026833
29.1,0.0040230458,0.0089958039,False,False,1747705380000,11.5047275884,22119927.09550353
22.7,0.0766575574,0.1714115092,False,False,1747759620000,21.0701439102,25507255.73374038
25.55,0.0206326484,0.0461360043,False,False,1747707420000,1.1154524861,54524685.627982095
25.19,0.0243531406,0.0544552779,False,False,1747726200000,5.8877342915,8758069.025838759
25.79,0.0184737464,0.0413085527,False,False,1747775940000,1.3561466847,4349662.818678574
23.28,0.0586887658,0.1312320699,False,False,1747699800000,5.9529499874,22156609.301056035
18.37,0.5630603897,1.2590413069,False,False,1747964400000,9.8223143964,25254946.284965362
27.1,0.0101054342,0.0225964377,False,False,1747996980000,18.9069664367,66278299.84457728
26.3,0.0146067964,0.0326617897,False,True,1748001600000,22.6513790832,67108797.07237604
23.3,0.058150704,0.130028927,False,False,1748024100000,14.3456596643,19789114.699448157
25.93,0.0173202827,0.0387293295,False,False,1747980780000,7.6419320295,58483976.3354054
24.11,0.0400456158,0.0895447192,False,False,1748024880000,7.7334377115,70892275.84511967
25.62,0.0199781365,0.0446724713,False,False,1748037300000,6.2270724776,68204918.76720831
25.09,0.0255008688,0.0570216761,False,False,1748019720000,19.7755255025,70653780.21878108
26.43,0.0137579896,0.0307638,False,False,1747978560000,5.9901825963,26996140.577543914
24.06,0.040978398,0.0916304836,False,False,1747958760000,15.9851097417,46745231.9376512
27.85,0.0071540995,0.0159970528,False,False,1748014200000,7.5536852765,10948799.203128677
23.73,0.0477040198,0.1066694311,False,False,1748036340000,4.7355107566,19496916.90845016
23.14,0.06259721,0.1399716167,False,False,1747972680000,10.5363754985,26716570.088436242
26.8,0.0116025908,0.0259441818,False,False,1748026320000,7.5289688996,1023936.189741809
26.54,0.0130784109,0.0292442157,False,False,1747963860000,18.6521777217,192990.856483254
28.7,0.0048367649,0.0108153351,False,False,1748019420000,6.3263190939,279631.539998418
23.92,0.0437074004,0.0977327184,False,False,1747973220000,6.5779252858,10355017.117739327
22.22,0.0956213733,0.2138158908,False,False,1747982580000,10.8663912369,24341852.58750924
26.74,0.0119276525,0.0266710417,False,False,1748027700000,4.8020333122,8288012.696580984
21.3,0.1460679643,0.3266178974,False,False,1747919580000,25.0540423588,45169847.79527944
25.88,0.0177237239,0.0396314515,False,False,1747956420000,9.5627659626,20325461.884045415
21.06,0.163137941,0.3647875257,False,False,1747897740000,20.6489826893,52492924.99893663
22.3,0.0921626549,0.2060819612,False,False,1747887600000,33.489117301,67117702.73829564
24.4,0.0350392641,0.0783501764,False,False,1747883400000,21.6479399181,71916595.28964463
28.35,0.0056827032,0.0127069107,False,True,1747949280000,26.361734544,52355900.5157546
27.63,0.0079168967,0.0177027191,False,False,1747913520000,6.94750856,10502731.251360288
23.93,0.0435065831,0.0972836774,False,False,1747926000000,27.3153299644,69751719.7980713
26.78,0.0117099483,0.0261842403,False,True,1747945380000,7.0234406226,32859644.42597559
21.85,0.1133848361,0.2535362011,False,False,1747946700000,20.2409809944,27563680.41401488
29.9,0.0027832677,0.0062235757,False,False,1747891500000,3.1338429576,367600.338443655
26.72,0.0120380177,0.0269178258,False,False,1747927620000,6.0465791075,146113.974964292
27.2,0.0096506147,0.0215794305,False,False,1747906140000,8.8464164064,3365069.342848491
27.41,0.0087610261,0.01959025,False,False,1747902540000,11.3780611378,1106623.809381371
20.13,0.2503542548,0.5598091321,True,False,1748083020000,8.3499414487,6676622.037356153
25.0,0.02658,0.0594346868,False,False,1748074380000,20.6161115958,50443586.76976402
28.45,0.0054269395,0.0121350055,False,True,1748114160000,6.2879777426,11181224.566776687
27.48,0.0084831076,0.0189688053,False,False,1748066760000,7.9327817254,72249664.22103235
23.91,0.0439091446,0.0981838322,False,False,1748069940000,2.5682299199,34717880.78592921
26.98,0.0106795998,0.023880311,False,False,1748113200000,22.5474582793,61924222.7368301
21.13,0.1579628558,0.3532156834,False,False,1748109480000,11.7673858954,25271324.78336551
26.43,0.0137579896,0.0307638,False,False,1748105400000,2.7874488467,18222682.553456336
24.08,0.0406027058,0.0907904103,False,False,1748117880000,5.387034818,22641063.542673875
26.39,0.0140137697,0.0313357417,False,False,1748094600000,4.4723601372,8691616.60479967
26.88,0.0111829138,0.0250057554,False,False,1748084220000,8.1733813229,3070380.208762667
28.68,0.0048815189,0.0109154081,False,True,1748104200000,21.7056523402,505696.256530409
25.21,0.0241298697,0.0539560289,False,False,1748048700000,19.1238642365,10423460.312433444
20.09,0.2550086879,0.5702167609,False,False,1747575420000,10.2184879709,28876568.046176743
20.6,0.2016299194,0.4508582062,False,False,1747598580000,32.8200323909,70481605.6067126
21.7,0.1214940408,0.2716689341,True,False,1747563840000,17.2579755841,68944524.86201052
24.62,0.0316632126,0.0708010957,False,False,1747545900000,17.9792841802,31126287.835082505
26.1,0.0160160338,0.0358129403,False,False,1747586100000,18.3228119313,19038091.848719653
24.4,0.0350392641,0.0783501764,False,False,1747582020000,15.9444998446,65011233.50144408
21.48,0.1344481952,0.3006353038,True,False,1747563840000,17.2579825841,68944569.36737685
25.93,0.0173202827,0.0387293295,False,False,1747598940000,8.9017070732,58554737.98292899
24.13,0.0396784754,0.0887237683,False,False,1747572900000,14.8538292618,8032814.692453713
25.07,0.0257368254,0.0575492912,False,False,1747540260000,19.0961080227,71030296.57531697
20.7,0.1925550782,0.4305662442,False,False,1747598580000,32.8200323676,70481605.57679303
27.25,0.0094309399,0.0210882227,False,False,1747547340000,8.3456321609,66657967.809360005
25.71,0.0191670368,0.0428587972,False,False,1747584720000,8.6809386207,8137089.030417896
25.66,0.0196134944,0.0438571068,False,False,1747556700000,5.0917642477,9040991.763856538
25.81,0.018304378,0.0409298336,False,False,1747544760000,6.6957521288,1374177.535425765
27.06,0.0102933082,0.0230165369,False,False,1747581600000,10.6785099208,1457528.053146871
24.71,0.0303777061,0.0679266159,False,False,1747589940000,5.8563043276,14427477.297356378
21.18,0.1543671822,0.3451755128,False,False,1747515420000,13.9155549474,24803536.896369267
24.62,0.0316632126,0.0708010957,False,False,1747452240000,9.7855306993,8477080.363883276
22.12,0.1001278698,0.2238927232,False,False,1747502460000,11.8633437483,29601285.622404233
25.41,0.0220067027,0.0492084832,False,False,1747504140000,10.6729779349,73016052.49338534
27.79,0.0073545309,0.016445231,False,False,1747500900000,15.4271229173,53244247.68867597
25.11,0.0252670754,0.0564988982,False,False,1747459680000,16.7971534583,27717860.43685341
25.47,0.021406959,0.0478674154,False,False,1747485300000,9.0421115912,2813735.159398673
27.7,0.0076657557,0.0171411509,False,True,1747512480000,8.2198446958,883826.444968263
25.94,0.0172407032,0.0385513844,False,False,1747491060000,11.8395472915,1620409.211697142
23.08,0.0643509521,0.1438931032,False,False,1747478400000,11.4326355868,11560917.005770952
24.39,0.035200998,0.0787118244,False,False,1747512540000,12.8766845523,26609397.366539743
21.0,0.1677084622,0.3750075218,False,False,1747630080000,17.4147987281,17832345.986654986
23.5,0.0530340723,0.1185877909,False,False,1747644360000,18.6824803752,69419945.56144948
24.4,0.0350392641,0.0783501764,False,False,1747622460000,18.6391120875,35269843.774106
27.1,0.0101054342,0.0225964377,False,False,1747660560000,12.0947443876,54669679.62353285
29.1,0.0040230458,0.0089958039,False,True,1747664160000,26.1838357327,64477765.28297561
23.7,0.0483676488,0.1081533507,False,False,1747614240000,16.2696775182,32116699.590950925
30.43,0.0021804944,0.0048757337,False,True,1747641120000,7.6310375187,74360017.04850869
25.36,0.0225193047,0.050354696,False,False,1747681560000,16.6791236456,74104460.42836745
24.61,0.0318093633,0.0711278987,False,False,1747649460000,34.3981227545,70579007.5232475
28.95,0.0043107712,0.0096391775,False,False,1747654260000,8.8440074957,30376268.067991927
27.09,0.0101520787,0.0227007381,False,False,1747676100000,6.3980426741,18717258.39248115
28.47,0.005377185,0.0120237511,False,True,1747643700000,9.8812766042,44373131.53178155
24.26,0.0373727432,0.0835679943,False,False,1747683300000,16.9686874084,10862109.152316412
27.28,0.0093015425,0.0207988814,False,False,1747640280000,14.6514082635,745636.085746178
23.87,0.0447254765,0.1000092059,False,False,1747698540000,7.8117277806,4636495.7607822
26.31,0.0145396843,0.0325117225,False,False,1747667940000,18.0721120943,821197.984842965
22.66,0.0780827277,0.1745982871,False,False,1748569260000,9.6873181661,21366571.20615324
19.91,0.2770479727,0.6194981001,True,False,1748599980000,17.7896581956,14394302.802820493
23.9,0.04411182,0.0986370281,False,False,1748579460000,8.6607106959,26911906.190727487
24.9,0.0278326768,0.0622357573,False,False,1748591640000,8.2359525468,10699975.773679122
27.1,0.0101054342,0.0225964377,False,False,1748566500000,19.9380134892,58204669.22830765
28.43,0.0054771543,0.0122472894,False,False,1748637900000,7.7313644873,3910591.170335625
28.33,0.0057352846,0.0128244863,False,False,1748608140000,5.8271426131,45730372.97266632
27.44,0.0086408204,0.0193214617,False,True,1748580960000,15.8146453191,69033825.64997067
26.99,0.0106305314,0.023770591,False,False,1748580780000,11.3221157242,19545030.934434447
27.57,0.0081386988,0.0181986838,False,True,1748565600000,4.5321198031,730947.729121506
24.65,0.031228777,0.0698296682,False,False,1748618400000,17.6101816633,5728649.790986756
25.09,0.0255008688,0.0570216761,False,False,1748611080000,12.4008645302,5582870.361739145
24.86,0.0283501249,0.0633928065,False,False,1748616900000,17.1549451603,8596244.851038974
23.94,0.0433066885,0.0968366995,False,False,1748591040000,9.4634190675,3267294.927617299
19.91,0.2770479727,0.6194981001,True,False,1748599980000,17.7896582009,14394302.802820493
25.8,0.0183888672,0.0411187571,False,False,1748702160000,7.4195052447,28121086.894686293
31.7,0.0012149404,0.0027166893,False,True,1748710800000,12.4236966521,33903421.49697954
28.0,0.0066765941,0.0149293183,False,False,1748733660000,17.9011162298,45352466.02912986
28.47,0.005377185,0.0120237511,False,True,1748659020000,9.8325902236,20416171.8390616
25.63,0.0198863453,0.04446722,False,False,1748693280000,6.5302665987,30543347.122291848
23.97,0.0427124985,0.0955080501,False,False,1748688960000,11.1950603536,7918213.91271917
26.01,0.0166937912,0.0373284519,False,False,1748658240000,8.8133708771,2032946.476401173
25.3,0.0231502122,0.0517654482,False,False,1748650920000,11.333737858,1242306.04063461
25.25,0.0236894499,0.0529712204,False,False,1748676420000,18.8719274292,5820258.335528667
28.17,0.0061738344,0.0138051134,False,False,1748677620000,2.6142830105,690415.173590948
25.03,0.0262153087,0.0586192124,False,False,1748673660000,13.4215258177,7591479.987372552
29.26,0.0037372743,0.0083567994,False,True,1748731260000,3.5961470941,1051901.16285175
22.71,0.0763053479,0.1706239449,False,False,1748719860000,31.2522221628,26729068.4668822
24.33,0.0361871997,0.0809170384,False,False,1748665680000,8.569804854,16438385.643860204
22.6,0.0802703167,0.1794898848,False,False,1748803620000,12.1795072264,42546601.58766657
26.4,0.0139493823,0.0311917671,False,False,1748769180000,5.9449354884,52836418.927171454
28.1,0.0063760979,0.0142573883,False,False,1748748000000,5.5104921484,73526422.71096712
22.7,0.0766575574,0.1714115092,False,False,1748739240000,18.7490383814,69708588.09922777
26.1,0.0160160338,0.0358129403,False,False,1748768100000,11.1388579249,27734097.101513006
24.95,0.0271991277,0.0608190985,False,False,1748775000000,6.4745335175,26404653.71243483
21.24,0.1501602479,0.3357685218,False,False,1748779440000,12.946671524,20655271.57151881
23.5,0.0530340723,0.1185877909,False,False,1748813040000,17.9509540503,19453555.12808259
26.21,0.0152249185,0.0340439527,False,False,1748793240000,10.3129981119,2449276.884857776
18.98,0.425162524,0.9506923052,False,False,1748193600000,23.5482882501,68931132.41189452
19.69,0.3065878759,0.6855513317,True,False,1748183280000,13.4664383423,7028371.090213117
20.7,0.1925550782,0.4305662442,True,False,1748182860000,16.2834658955,8709357.072127867
27.3,0.0092162655,0.0206081961,False,False,1748187060000,16.5354356772,38902200.15487604
26.4,0.0139493823,0.0311917671,False,False,1748168640000,11.4960953712,3475910.384034833
26.6,0.0127219879,0.0284472297,False,False,1748131920000,6.2361510682,52624013.767752364
25.66,0.0196134944,0.0438571068,False,False,1748213280000,18.0968383766,33805866.67646173
25.45,0.0216050351,0.0483103272,False,False,1748159460000,3.5322477719,70414875.20291147
25.18,0.0244655496,0.0547066321,False,False,1748187240000,8.4908342853,10174904.423814598
24.98,0.0268259417,0.0599846292,False,False,1748133840000,9.8740985001,7725487.590149437
28.16,0.0062023315,0.0138688349,False,False,1748155260000,3.5530015761,1545295.552698236
21.16,0.1557955241,0.3483693825,True,False,1748141220000,16.8274765084,19428788.961347494
25.03,0.0262153087,0.0586192124,False,False,1748196660000,10.4812139412,7004325.880492916
25.42,0.0219055911,0.0489823908,False,False,1748172840000,11.6124467725,3860974.703023353
22.01,0.1053307015,0.2355266087,True,False,1748330160000,12.907211181,24037264.068692543
27.1,0.0101054342,0.0225964377,False,False,1748355240000,4.8211300272,13507942.349451872
26.8,0.0116025908,0.0259441818,False,False,1748329080000,8.8221501299,11379695.312916337
26.0,0.0167708462,0.0375007522,False,True,1748311560000,6.8160465013,10449691.191913703
25.4,0.022108281,0.0494356193,False,False,1748350380000,4.6322076736,55705990.57900063
28.02,0.0066153828,0.0147924455,False,False,1748380980000,12.2343018104,17695227.556010596
25.71,0.0191670368,0.0428587972,False,False,1748320800000,11.0860923831,37376455.502928734
23.19,0.0611723235,0.1367854737,False,False,1748347620000,4.3305353355,73665647.49458088
26.2,0.0152951935,0.0342010925,False,True,1748312280000,9.7395078115,60733939.340528205
22.26,0.0938760865,0.2099133109,False,False,1748334780000,15.0587142551,52588333.20969824
25.29,0.0232570687,0.0520043867,False,True,1748362440000,7.0151732006,5139243.951927667
25.3,0.0231502122,0.0517654482,False,False,1748358300000,5.240449756,9064911.431044236
21.66,0.1237527837,0.2767196367,True,False,1748326260000,22.4988526762,7132263.833930504
22.6,0.0802703167,0.1794898848,False,False,1748294940000,27.1426660284,73755116.68486328
23.6,0.0506471459,0.1132504611,False,False,1748266200000,23.0803798041,66413495.86779323
27.1,0.0101054342,0.0225964377,False,False,1748290980000,10.62758074,28643242.552144945
24.1,0.040230458,0.0899580388,False,False,1748259780000,9.9080689635,15657879.506359775
28.2,0.0060891262,0.0136157002,False,False,1748259720000,17.3074418652,63923140.9636513
26.68,0.0122618211,0.0274182656,False,True,1748290140000,11.7649880811,21588553.05273783
23.6,0.0506471459,0.1132504611,False,False,1748247600000,14.5163086196,61463475.64366584
25.25,0.0236894499,0.0529712204,False,False,1748251380000,12.5850620609,14635523.070125164
21.64,0.1248978541,0.2792800919,True,False,1748263440000,28.1574365601,52777752.37215589
21.04,0.1646474378,0.3681628631,False,False,1748219280000,12.9506271944,25223873.505864896
25.0,0.02658,0.0594346868,False,False,1748220540000,3.1909028524,14561741.684877118
29.24,0.0037718549,0.0084341239,False,False,1748263320000,3.4796422378,22942119.098353505
20.81,0.1830437804,0.4092983358,False,False,1748281680000,12.5769172716,22290795.030016728
27.15,0.0098754064,0.02208208,False,False,1748265420000,9.4410411306,1999501.04516293
29.77,0.0029549829,0.0066075427,False,False,1748223240000,10.5730915824,162056.97900508
19.15,0.3931470096,0.8791034386,False,False,1748536080000,14.8381091952,71899686.0479213
22.6,0.0802703167,0.1794898848,False,False,1748550840000,14.333534337,53762184.13268849
22.38,0.0888290416,0.1986277755,False,False,1748522580000,21.9013171545,15258208.436384669
22.4,0.0880146521,0.1968067451,False,False,1748560680000,22.0552576442,55680799.58423431
28.12,0.0063176415,0.0141266758,False,True,1748508720000,10.7464916827,33293626.50046476
27.3,0.0092162655,0.0206081961,False,False,1748554140000,4.6846992379,28103368.4032852
24.6,0.0319561887,0.0714562102,False,False,1748539680000,8.2364083536,11330178.373066977
26.29,0.0146742183,0.0328125497,False,True,1748520780000,9.1713715046,47752057.54189645
24.48,0.0337718597,0.0755161741,False,True,1748482980000,13.7851114637,4947175.111996584
23.33,0.0573528464,0.1282448632,False,False,1748554200000,12.0770894551,7538488.472434784
24.62,0.0316632126,0.0708010957,False,False,1748485800000,13.7323884101,21348598.667649306
26.7,0.0121494041,0.0271668934,False,False,1748411940000,15.0074879221,38390951.69307888
25.55,0.0206326484,0.0461360043,False,False,1748400240000,5.5630499979,15933384.164717436
22.63,0.0791689667,0.1770271912,False,False,1748408040000,15.3592339569,14531388.62112922
25.57,0.0204434871,0.0457130269,False,False,1748413620000,13.3296492551,56213372.59408892
25.25,0.0236894499,0.0529712204,False,False,1748449260000,23.4176067095,10787576.60624352
28.41,0.0055278338,0.0123606121,False,False,1748421240000,18.0907862788,72400273.44743247
24.24,0.0377185489,0.0843412394,False,False,1748442360000,15.1841830919,8831759.545340568
23.18,0.0614546821,0.1374168468,False,False,1748454300000,7.328415378,5147636.886107638
23.25,0.0595052079,0.1330576898,False,False,1748401800000,11.3330878714,4620597.770740495
26.32,0.0144728805,0.0323623447,False,False,1748422020000,3.4238380391,7373079.558675123
25.45,0.0216050351,0.0483103272,False,False,1748401740000,13.5155465404,4940996.779804732
25.56,0.02053785,0.0459240286,False,False,1748469120000,19.4908918726,1917535.758838663
27.61,0.0079901508,0.0178665204,False,False,1748447580000,7.9408236841,339701.622230337
27.04,0.010388551,0.0232295062,False,False,1748441820000,13.7431086066,1318438.685525021
25.6,0.0201629919,0.0450858206,False,False,1748878860000,13.7531262564,50442662.030530624
24.3,0.0366906138,0.0820427065,False,False,1748894580000,3.3194961751,70450034.09823312
26.1,0.0160160338,0.0358129403,False,False,1748887740000,7.1481065701,54278219.47200928
23.0,0.0667659413,0.1492931834,False,False,1748907960000,22.3942403678,23118633.903665584
26.7,0.0121494041,0.0271668934,False,False,1748845740000,11.3886266855,36304847.90242061
21.62,0.1260535197,0.2818642388,False,False,1748854920000,17.9559765286,13826677.560925543
24.84,0.0286124454,0.0639793729,False,False,1748827500000,7.4375236135,67730585.46476682
25.89,0.0176422908,0.0394493615,False,False,1748862060000,12.5905061155,27072512.953021
24.93,0.0274507982,0.0613818507,False,False,1748876880000,10.1573395963,2587637.710852726
25.97,0.0170041519,0.0380224396,False,False,1748893440000,6.669470485,4082303.674583689
25.07,0.0257368254,0.0575492912,False,False,1748825040000,4.7899041098,5766483.735580597
23.63,0.049952241,0.1116966065,False,False,1748858880000,7.3451859329,16611229.75127631
20.63,0.1988634532,0.4446721997,True,False,1749017820000,25.2606244903,66243008.33074388
27.35,0.0090064777,0.0201390963,False,True,1749029340000,3.9400870276,58557627.226431444
20.6,0.2016299194,0.4508582062,False,False,1749051780000,3.0955018238,69348781.22637944
22.78,0.0738847787,0.1652113876,False,False,1749073080000,11.5088853724,49937060.75368788
20.07,0.2573682542,0.5754929116,False,False,1749023340000,28.6486406746,69227973.69085772
25.0,0.02658,0.0594346868,False,False,1749023820000,13.8326452446,25770914.84379698
24.7,0.0305179233,0.0682401509,False,False,1749011100000,13.5137898141,54590609.130792014
24.1,0.040230458,0.0899580388,False,False,1749016800000,9.9948760439,44951204.19524433
29.3,0.0036690614,0.0082042706,False,False,1748998800000,11.2597847908,42412367.9574679
24.44,0.0343997255,0.0769201245,False,False,1749031680000,7.5297967306,19768333.161739238
24.21,0.0382432662,0.0855145429,False,False,1749013200000,4.1601960021,29000928.05239776
26.65,0.0124324001,0.0277996916,False,False,1749073260000,3.4360190716,5832804.136499412
21.97,0.1072889455,0.2399053753,False,False,1749055440000,23.6446993121,20691877.96087079
26.79,0.0116561459,0.0260639347,False,True,1749020820000,11.2066509782,152003.987181293
25.81,0.018304378,0.0409298336,False,False,1749007260000,9.2670126023,1794956.206627244
24.89,0.0279611466,0.0625230245,False,False,1749053340000,8.2608097291,3205943.255392877
22.5,0.0840533402,0.1879489824,False,False,1748975160000,6.2534104709,69924864.9263214
23.14,0.06259721,0.1399716167,False,False,1748954700000,9.2997196482,33146837.165916357
23.17,0.061738344,0.1380511341,False,False,1748994300000,17.1029969193,55665601.053993575
27.5,0.008405334,0.0187948982,False,False,1748987940000,5.7791739459,69302682.46322148
23.74,0.0474848397,0.1061793296,False,False,1748982060000,11.2139383151,21749792.793538883
23.72,0.0479242116,0.1071617948,False,False,1748988600000,19.6000628489,49398365.09196863
27.89,0.0070235225,0.0157050737,False,False,1748924820000,18.1472565146,67420520.16792941
22.77,0.0742258153,0.1659739687,False,False,1748934660000,9.7224624383,18516683.612139095
24.11,0.0400456158,0.0895447192,False,False,1748928720000,4.7068126193,17801084.175685983
26.81,0.0115492818,0.0258249791,False,False,1748986200000,13.4656812447,501381.569723656
26.54,0.0130784109,0.0292442157,False,False,1748934900000,11.2006989769,613849.113751573
25.64,0.0197949759,0.0442629117,False,False,1748994960000,16.5508640904,1630798.948326299
23.07,0.0646479826,0.1445572836,False,False,1748914380000,7.4266878415,15001999.045937687
26.58,0.012839703,0.0287104486,False,False,1748924160000,5.7117979378,27051816.716017555
23.5,0.0530340723,0.1185877909,False,False,1749172500000,8.9820447865,58265060.30268923
18.95,0.4310771239,0.9639177525,True,False,1749250800000,15.0465989383,10816893.884259112
24.41,0.0348782733,0.0779901901,False,False,1749179580000,15.1702457854,46953482.46502466
25.7,0.0192555078,0.0430566244,False,False,1749193980000,11.135002373,39838100.18225175
25.1,0.0253837029,0.0567596853,False,False,1749182280000,11.7537961729,6625739.17919497
25.41,0.0220067027,0.0492084832,False,False,1749213420000,2.6819427272,13860709.610291418
23.75,0.0472666667,0.1056914799,False,False,1749205260000,14.5402705408,18550780.721618637
23.97,0.0427124985,0.0955080501,False,False,1749203460000,18.4925521971,4568792.118118217
18.92,0.437074004,0.9773271842,True,False,1749124980000,15.168589307,25195990.49742793
20.44,0.2170475943,0.4853331752,True,False,1749149220000,17.4631359924,71725470.59179069
19.59,0.3210369174,0.7178603705,True,False,1749167940000,6.2083872964,3492786.83390506
22.66,0.0780827277,0.1745982871,False,False,1749141360000,2.5368981298,20138069.15937501
24.6,0.0319561887,0.0714562102,False,False,1749118560000,16.2080636502,44501835.33655482
23.6,0.0506471459,0.1132504611,False,False,1749091860000,16.1377296257,70574450.74220772
23.3,0.058150704,0.130028927,False,False,1749122040000,19.9918831301,59563175.3695854
25.0,0.02658,0.0594346868,False,False,1749151560000,4.4894225779,62157240.47812375
26.04,0.0164647438,0.0368162863,False,False,1749100140000,6.79749576,1120269.304294486
26.83,0.0114433973,0.0255882143,False,False,1749105120000,3.7730619493,2772278.642543634
24.35,0.0358554334,0.0801751865,False,False,1749114180000,12.1210269388,3515439.721289384
18.57,0.5135171787,1.1482593191,False,False,1749350340000,24.410632276,62239210.74605708
25.3,0.0231502122,0.0517654482,False,False,1749370380000,5.2196278113,3077409.304041209
27.4,0.0088014652,0.0196806745,False,False,1749348480000,7.1170562356,14485675.820475876
22.5,0.0840533402,0.1879489824,False,False,1749350100000,27.9901067536,46913632.24033896
27.0,0.0105816886,0.023661375,False,False,1749347100000,6.1493684223,52298571.694812134
28.95,0.0043107712,0.0096391775,False,False,1749378300000,7.5702432987,73738204.6307
24.52,0.0331554538,0.0741378485,False,False,1749362400000,8.1446739308,8781697.859807389
24.11,0.0400456158,0.0895447192,False,False,1749416100000,13.705923991,5225485.672883328
26.9,0.0110803882,0.0247765013,False,True,1749412140000,10.2605723312,99232.515750508
24.13,0.0396784754,0.0887237683,False,False,1749359160000,16.7897127222,5461023.12102095
27.23,0.0095182033,0.0212833496,False,False,1749386040000,6.7530401082,2326650.553392408
27.49,0.0084441313,0.0188816516,False,False,1749378420000,5.6691160542,25713853.653443944
21.09,0.1608996045,0.3597824532,True,False,1749301500000,26.3258700233,67983274.24886078
23.92,0.0437074004,0.0977327184,False,False,1749269760000,13.3993365696,5087201.261480374
25.22,0.024019003,0.0537081235,False,False,1749291240000,6.2537764638,17799461.90646413
24.75,0.0298232505,0.0666868155,False,False,1749280860000,10.0819624122,74461204.7037016
22.92,0.0692715614,0.1548959201,False,False,1749309660000,16.9832776318,28434814.212743208
24.56,0.0325502986,0.0727846803,False,False,1749283260000,13.3013156382,37878370.10482299
29.4,0.0035039264,0.0078350176,False,True,1749295860000,19.1636153741,65471482.553379536
28.89,0.0044315431,0.0099092316,False,False,1749317460000,8.932894701,246821.465873852
24.6,0.0319561887,0.0714562102,False,False,1749446880000,7.1462419314,66793064.91846432
22.9,0.0699125232,0.1563291544,False,False,1749501600000,19.713438091,68669808.44978967
27.0,0.0105816886,0.023661375,False,False,1749442800000,17.0631097025,71193948.34241517
19.7,0.3051792326,0.6824015094,False,False,1749477240000,12.8460919296,63279226.68725265
25.4,0.022108281,0.0494356193,False,False,1749466860000,16.5580685465,66882339.182722114
28.4,0.0055533491,0.0124176661,False,True,1749440040000,10.6116260154,46608660.69113592
23.59,0.0508809225,0.1137732014,False,False,1749473220000,14.7105678055,46221179.54375861
23.54,0.0520660914,0.1164233197,False,False,1749496140000,9.918450583,28117654.700674456
22.48,0.0848310762,0.189688053,False,False,1749500700000,11.0051246828,14200239.823282309
23.53,0.0523064176,0.1169607054,False,False,1749443100000,11.36576016,12142002.570335528
25.15,0.0248058993,0.0554676771,False,False,1749496200000,5.1310227301,14035772.942269824
27.0,0.0105816886,0.023661375,False,False,1749663660000,24.9194555416,69889419.23692317
27.4,0.0088014652,0.0196806745,False,True,1749660180000,13.107460829,37303881.89608414
20.98,0.1692602495,0.3784774237,True,False,1749655380000,31.8550477348,13213182.276056096
27.22,0.0095621373,0.0213815891,False,False,1749656640000,6.5582579196,52113133.167117536
24.26,0.0373727432,0.0835679943,False,False,1749631800000,22.3877434988,71186001.40436503
31.77,0.0011763999,0.0026305101,False,True,1749649740000,13.7514829977,63756603.184364624
24.59,0.0321036917,0.0717860371,False,False,1749607560000,6.2413038543,12470053.73484707
16.53,1.313877806,2.9379200884,False,False,1749525660000,18.753012209,26537111.167122986
27.0,0.0105816886,0.023661375,False,False,1749536520000,4.3586702778,37482070.25276791
27.3,0.0092162655,0.0206081961,False,False,1749595200000,17.0337734817,64336298.44616457
23.05,0.065246163,0.1458948557,False,False,1749565800000,18.2642365712,9469827.16298495
23.9,0.04411182,0.0986370281,False,False,1749535860000,16.002206687,59958024.88525062
26.21,0.0152249185,0.0340439527,False,False,1749526980000,10.4793683468,17074966.82714869
27.1,0.0101054342,0.0225964377,False,False,1749596520000,5.5682414043,33586362.73907624
30.87,0.0017805533,0.0039814382,False,True,1749593340000,7.529417596,61236476.76323463
25.78,0.0185590173,0.0414992243,False,False,1749598380000,24.4136196314,74704902.82036622
27.36,0.0089650967,0.0200465656,False,False,1749590580000,14.9976428099,32130385.13321384
27.56,0.0081762653,0.0182826851,False,False,1749590460000,28.202577853,54695717.476881444
25.2,0.0242412481,0.0542050786,False,False,1749537000000,18.0191032012,20290541.028854515
21.83,0.1144339731,0.2558821427,True,False,1749543900000,14.8047581454,19565629.843063675
30.76,0.0018730742,0.0041883212,False,True,1749553020000,8.6610726394,67196078.01981501
21.65,0.1243240006,0.2779969165,False,False,1749569640000,10.1244788991,29365645.056454815
23.66,0.0492668706,0.1101640716,False,False,1749516420000,6.6846920288,28312655.18014436
20.18,0.2446554962,0.5470663205,False,False,1749856680000,28.901026655,13073708.36710941
21.79,0.1165614595,0.2606393469,False,False,1749838020000,28.4093993546,54427184.976853006
29.3,0.0036690614,0.0082042706,False,True,1749784320000,2.9054355799,9645070.924954364
21.7,0.1214940408,0.2716689341,False,False,1749841740000,16.329839592,66586902.52303968
21.38,0.1407845434,0.3148038092,True,False,1749818100000,28.4655308554,72065798.50550377
23.59,0.0508809225,0.1137732014,False,False,1749797760000,29.0883576075,64924136.604264565
24.1,0.040230458,0.0899580388,False,False,1749776760000,14.3556592875,55187339.71540013
25.0,0.02658,0.0594346868,False,False,1749846240000,15.0431808377,69508888.39162628
20.92,0.1740022951,0.38908096,False,False,1749818760000,14.691219523,64897800.781878494
26.51,0.0132603497,0.0296510433,False,False,1749822600000,3.5610468389,49401045.16772925
27.06,0.0102933082,0.0230165369,False,False,1749782340000,15.5296279069,42748798.84666749
24.85,0.0284809831,0.0636854144,False,False,1749846240000,16.1860688034,1787801.194821523
25.09,0.0255008688,0.0570216761,False,False,1749858000000,13.0762327188,2961968.876341717
23.55,0.0518268695,0.1158884032,False,False,1749854880000,9.3344335903,12828554.483652236
24.52,0.0331554538,0.0741378485,False,False,1749829560000,9.2021577223,11955087.721101046
21.28,0.1474195145,0.3296400556,False,False,1749716220000,12.2497917096,25701584.937648013
23.21,0.0606114923,0.1355314169,False,False,1749715260000,12.6469332649,6932810.873055795
25.4,0.022108281,0.0494356193,False,False,1749690000000,4.2230591087,38666686.91167378
25.4,0.022108281,0.0494356193,False,False,1749710340000,5.4866303371,72487093.64839165
26.57,0.0128989683,0.02884297,False,True,1749726540000,9.6605744443,49781716.7995816
29.1,0.0040230458,0.0089958039,False,False,1749745800000,5.063457811,5202068.340383304
25.78,0.0185590173,0.0414992243,False,False,1749750300000,13.9589406661,47456514.05437505
25.13,0.0250354255,0.0559809132,False,False,1749735480000,18.2896827667,60425759.24612898
25.13,0.0250354255,0.0559809132,False,False,1749714000000,20.2167322291,58950237.42654043
22.56,0.0817626533,0.1828268509,False,False,1749728640000,4.8516464111,27442005.465163562
24.77,0.0295498293,0.0660754271,False,False,1749771540000,9.7231352305,3095406.660831772
24.37,0.0355267088,0.079440136,False,False,1749763440000,8.1841636185,11284957.46516998
25.6,0.0201629919,0.0450858206,False,False,1749749100000,8.0128451403,1560522.566373417
26.59,0.0127807099,0.0285785361,False,False,1749721980000,4.3552014996,4698484.375857721
25.0,0.02658,0.0594346868,False,False,1749983640000,13.7646253083,18834127.614477225
24.43,0.0345585074,0.0772751717,False,False,1750004760000,19.4686764329,72169025.2843833
25.1,0.0253837029,0.0567596853,False,False,1749959040000,7.3610038984,21299578.153371755
25.5,0.0211132445,0.0472106499,False,False,1750029240000,12.683645797,57913082.23045309
20.09,0.2550086879,0.5702167609,False,False,1750008180000,36.2544748535,68879028.2965618
26.8,0.0116025908,0.0259441818,False,False,1750007700000,17.6174910605,48814895.251511775
27.2,0.0096506147,0.0215794305,False,True,1749949560000,13.8339169932,55552233.03550677
21.12,0.1586919792,0.3548460529,True,False,1750006740000,16.1855522412,13248958.157872984
23.44,0.0545198907,0.1219101818,False,False,1749957240000,25.4338549749,59191347.41029534
25.82,0.0182202771,0.0407417781,False,False,1749950700000,3.4204009285,6813752.1366344
24.32,0.0363542322,0.0812905344,False,False,1750019700000,8.0883090017,10482597.6669057
27.78,0.0073884779,0.0165211388,False,False,1750024620000,12.3583311738,210748.198451189
23.31,0.0578835257,0.1294314984,False,False,1750018200000,9.179868771,18086531.736794896
20.91,0.1748054532,0.3908768761,True,False,1749942240000,4.9167734825,15938368.870464345
27.6,0.0080270317,0.0179489885,False,True,1749908460000,7.4264530707,32545085.149284247
18.6,0.5064714588,1.1325046106,False,False,1749886560000,16.262706784,51756863.61070427
27.9,0.0069912523,0.0156329154,False,True,1749887220000,22.9395932608,45317398.553066574
24.25,0.0375452479,0.0839537266,False,False,1749892380000,9.3776877578,21774834.639228813
26.54,0.0130784109,0.0292442157,False,False,1749882840000,14.4284539745,38270618.38280508
24.61,0.0318093633,0.0711278987,False,False,1749868140000,12.6668383717,53662134.48345248
24.07,0.0407901194,0.0912094798,False,False,1749906720000,6.1564530235,25876458.69920556
27.04,0.010388551,0.0232295062,False,False,1749942660000,18.9739410256,54691691.00533104
22.33,0.0908981358,0.2032544107,False,False,1749917160000,6.8984397304,23390738.755950265
24.29,0.0368599699,0.0824213984,False,False,1749890580000,5.5708771578,12919897.013261711
21.61,0.1266353563,0.283165265,True,False,1750203420000,14.4862985685,7249056.5066965
27.0,0.0105816886,0.023661375,False,True,1750164120000,2.8499362485,32785340.3008904
24.63,0.0315177333,0.0704757942,False,False,1750118700000,5.9667604042,18937512.398627028
25.33,0.0228325794,0.0510551996,False,False,1750146960000,8.6170408341,22508348.046619754
25.6,0.0201629919,0.0450858206,False,True,1750173600000,9.2233333325,56936977.99991168
28.63,0.0049952241,0.0111696606,False,True,1750197840000,8.6469868415,198681.604337415
25.46,0.021505769,0.0480883614,False,False,1750106640000,4.1309593096,12383475.01476966
24.0,0.0421264611,0.0941976306,False,False,1750035840000,11.4250625781,19935117.328717805
20.5,0.2111324448,0.4721064988,True,False,1750107000000,21.1505794512,37598301.69416481
24.35,0.0358554334,0.0801751865,False,False,1750102800000,17.0559986779,69161482.77828668
28.17,0.0061738344,0.0138051134,False,False,1750100520000,2.1309945904,12195745.216178566
25.73,0.0189913123,0.0424658654,False,False,1750098300000,13.7255233449,34695348.758664064
24.16,0.0391340663,0.0875064325,False,False,1750048380000,6.5386015133,52350020.99034829
25.82,0.0182202771,0.0407417781,False,False,1750090920000,23.9452383087,47799633.53914128
23.3,0.058150704,0.130028927,False,False,1750065660000,9.9494536739,14174327.12351175
21.21,0.152249185,0.3404395273,False,False,1750058100000,23.0077777671,48190891.793379486
22.36,0.0896509666,0.2004656557,False,False,1750051740000,16.1789925385,55922319.795268334
25.93,0.0173202827,0.0387293295,False,False,1750041900000,2.275253295,2437709.304358961
22.16,0.0983003302,0.2198062205,False,False,1750042200000,12.9159651595,18023114.59669896
24.87,0.0282198679,0.063101543,False,False,1750100400000,8.2788646975,4599583.114670754
27.96,0.0068007213,0.0152068751,False,False,1750091460000,29.494903577,413556.220675962
24.93,0.0274507982,0.0613818507,False,False,1750081320000,6.5303720223,29736980.404918764
21.19,0.1536579294,0.3435895754,True,False,1750415400000,22.2981542522,65489118.092761725
20.22,0.2401900301,0.5370812349,False,False,1750426680000,23.7547036294,25560687.02153659
17.7,0.7665755735,1.7141150923,False,False,1750440780000,17.6039643462,58009644.16990771
21.5,0.1332155667,0.2978790628,False,False,1750380480000,19.4688339584,20616406.374008123
27.4,0.0088014652,0.0196806745,False,False,1750414860000,17.6002600764,35659352.16709904
24.9,0.0278326768,0.0622357573,False,False,1750450500000,10.2575284933,29606494.276162528
21.35,0.1427430515,0.3191831664,True,False,1750390980000,18.4759710375,25437833.017072864
24.29,0.0368599699,0.0824213984,False,False,1750388640000,10.2420298937,40912704.84144725
29.93,0.0027450798,0.0061381851,False,True,1750417320000,6.5141217466,23111566.66093019
22.34,0.0904804968,0.2023205415,False,False,1750387380000,24.6464555553,60163295.93168644
20.1,0.2538370294,0.5675968529,False,False,1750434240000,15.2950027233,29031980.725544497
23.94,0.0433066885,0.0968366995,False,False,1750428060000,8.5585078371,11365538.761759728
21.73,0.1198270801,0.2679414966,False,False,1750432080000,14.6924828902,14470778.894500848
24.85,0.0284809831,0.0636854144,False,False,1750429800000,7.4401933553,7851448.458137105
25.16,0.0246919266,0.0552128263,False,False,1750385640000,13.9248105201,19075616.02100409
19.82,0.2887719308,0.6457136672,True,False,1750565340000,15.9489696724,5429696.234978499
25.75,0.0188171989,0.042076536,False,False,1750562880000,13.9818292435,847203.25577548
28.89,0.0044315431,0.0099092316,False,False,1750595040000,6.5610778859,593517.551475826
23.11,0.0634680239,0.1419188158,False,False,1750555020000,12.9351512911,5016874.345367006
29.16,0.0039134066,0.0087506433,False,False,1750629180000,12.2760942457,539678.609483869
19.81,0.2901048414,0.648694146,True,False,1750565340000,15.948995616,5429820.490969321
25.7,0.0192555078,0.0430566244,False,False,1750608420000,7.0123775751,9370902.654288985
23.76,0.0470494961,0.1052058716,False,False,1750616400000,5.2190223943,9101282.353348836
23.763,0.0469845397,0.1050606247,False,False,1750616700000,5.2185364509,9102631.995412404
21.45,0.1363185559,0.3048175575,False,False,1750531320000,10.4522826945,28793777.57800156
20.01,0.2645787599,0.5916160926,False,False,1750481280000,7.9912240262,17751976.715126384
24.6,0.0319561887,0.0714562102,False,False,1750501020000,4.8707241741,37807003.1693576
26.0,0.0167708462,0.0375007522,False,False,1750504560000,7.3738733666,12108570.393468568
27.52,0.0083282735,0.0186225856,False,True,1750520220000,3.8928928881,10328685.214817457
24.56,0.0325502986,0.0727846803,False,False,1750467960000,10.8123871827,1911453.004725954
25.66,0.0196134944,0.0438571068,False,False,1750464480000,12.3229407126,5598329.551308566
21.31,0.1453968429,0.3251172245,True,False,1750537920000,26.232539625,7058757.24500986
25.19,0.0243531406,0.0544552779,False,False,1750525560000,8.0246576582,4119132.141973686
22.94,0.0686364759,0.1534758258,False,False,1750486920000,17.3277448018,15274763.579949709
21.62,0.1260535197,0.2818642388,False,False,1750472760000,16.0949931697,19304126.30367569
20.03,0.2621530873,0.5861921237,False,False,1750481280000,7.9912244635,17751977.777271263
19.95,0.2719912773,0.6081909854,True,False,1750736520000,14.7861183452,11514602.35792681
25.0,0.02658,0.0594346868,False,False,1750724940000,9.820242189,37562216.32427447
26.0,0.0167708462,0.0375007522,False,False,1750755420000,17.5925031932,52989118.23029273
22.88,0.0705594158,0.1577756503,False,False,1750758000000,21.3133044099,8287424.866710606
25.6,0.0201629919,0.0450858206,False,False,1750806960000,17.6333358112,73434446.32022266
26.0,0.0167708462,0.0375007522,False,False,1750729440000,15.2997856,68137426.8952891
25.15,0.0248058993,0.0554676771,False,False,1750800480000,14.9528879604,37849924.249359936
24.56,0.0325502986,0.0727846803,False,False,1750735200000,12.0003623165,4298556.356581102
29.85,0.0028480983,0.0063685414,False,False,1750765200000,6.3304417119,314094.132034152
22.91,0.0695913044,0.1556108872,False,False,1750743120000,8.0099196428,26103362.689707823
22.973,0.0676012889,0.1511610774,False,False,1750743120000,8.0111563903,26107285.37025603
26.6,0.0127219879,0.0284472297,False,False,1750698720000,16.2278449326,58936104.45200813
26.6,0.0127219879,0.0284472297,False,False,1750717740000,14.8896561783,64643417.27831423
27.0,0.0105816886,0.023661375,False,False,1750685100000,21.62705291,65185184.603178605
28.77,0.0046833323,0.0104722495,False,False,1750685280000,13.4187096427,51408976.50166029
23.88,0.0445199816,0.0995497053,False,False,1750700520000,11.2013437964,28334700.95449286
24.23,0.0378926498,0.0847305409,False,False,1750665720000,16.3006127357,72861504.80386174
24.56,0.0325502986,0.0727846803,False,False,1750671660000,14.4742387387,1287353.878755804
24.91,0.0277047973,0.06194981,False,False,1750666380000,14.6036031892,3049637.012987828
27.57,0.0081386988,0.0181986838,False,False,1750673160000,13.26036059,582858.927635131
25.48,0.0213086029,0.0476474846,False,True,1750697040000,7.0690483647,1616027.475125055
26.14,0.0157237082,0.0351592805,False,False,1750645440000,15.3463780765,997619.695400546
22.52,0.0832827346,0.1862258558,False,False,1750699500000,15.0159893736,17197166.490529034
24.28,0.0370301078,0.0828018383,False,False,1750678320000,15.9602459839,10450741.039845793
23.31,0.0578835257,0.1294314984,False,False,1750708440000,14.7269546723,25730126.40110979
27.1,0.0101054342,0.0225964377,False,False,1750845000000,18.8185850679,45792910.17809092
21.8,0.1160259082,0.2594418179,False,False,1750863300000,14.5275944323,74158512.96619819
23.6,0.0506471459,0.1132504611,False,False,1750845360000,10.7359731057,24836834.01627919
27.9,0.0069912523,0.0156329154,False,False,1750812720000,7.9462101559,61851994.012915
24.31,0.0365220357,0.0816657545,False,False,1750829280000,7.2767693296,10483984.753316127
20.98,0.1692602495,0.3784774237,False,False,1750823820000,15.4423990034,49490106.38966037
23.24,0.0597798714,0.1336718562,False,False,1750842300000,9.3130402975,18336965.57235521
26.6,0.0127219879,0.0284472297,False,False,1750874160000,9.3281716951,13698569.454870619
24.39,0.035200998,0.0787118244,False,False,1750814040000,10.5597723812,9294477.171568047
21.69,0.1220548318,0.2729229009,True,False,1750868520000,13.9100623151,29578140.004515488
28.82,0.0045767267,0.010233872,False,True,1750817580000,16.5060661556,55800561.26608705
29.93,0.0027450798,0.0061381851,False,False,1750891440000,13.894103088,54480563.53140004
24.86,0.0283501249,0.0633928065,False,False,1750845600000,12.0066194185,33598772.01703083
26.21,0.0152249185,0.0340439527,False,False,1750844400000,11.1004868586,42865393.85576785
28.96,0.004290965,0.0095948895,False,False,1750873380000,6.0454722068,21604223.41466054
23.14,0.06259721,0.1399716167,False,False,1750814520000,13.5845551519,25971061.34039701
23.55,0.0518268695,0.1158884032,False,False,1750857000000,14.8266354386,23411642.50015919
26.88,0.0111829138,0.0250057554,False,False,1750844520000,6.5191115146,7941019.255292811
26.57,0.0128989683,0.02884297,False,False,1750887060000,5.4022299218,1042219.383182581
24.75,0.0298232505,0.0666868155,False,False,1750875120000,12.8494562151,8231570.243018269
26.14,0.0157237082,0.0351592805,False,False,1750870200000,8.5784332777,1147560.92243177
23.7,0.0483676488,0.1081533507,False,False,1750878420000,11.4860913929,11443221.315382274
24.37,0.0355267088,0.079440136,False,False,1750867740000,16.910166776,8067096.944257162
26.04,0.0164647438,0.0368162863,False,False,1750880220000,13.076350673,1635969.349909239
25.448,0.0216249433,0.0483548431,False,False,1750835100000,5.1351577074,26197719.721116308
22.69,0.0770113926,0.1722027088,False,False,1750329660000,4.8275847705,22981062.221394673
26.13,0.0157962856,0.0353215683,False,False,1750335360000,7.0672548195,20323177.853685834
21.31,0.1453968429,0.3251172245,True,False,1750306680000,7.520065992,29215703.485348493
23.41,0.0552783379,0.1236061213,False,False,1750306740000,6.4449806315,23096505.865448367
23.46,0.0540200494,0.1207925025,False,False,1750355520000,9.1511256898,2698381.393745272
23.9,0.04411182,0.0986370281,False,False,1750351560000,9.146902341,8494106.037628828
24.96,0.0270741591,0.0605396602,False,False,1750320000000,13.5363721987,6048151.003393975
21.96,0.1077841687,0.2410127282,True,False,1750224180000,17.549270805,11910040.466411544
26.7,0.0121494041,0.0271668934,False,True,1750279440000,13.5500054272,60661119.4806298
23.64,0.0497227313,0.1111834072,False,False,1750249860000,20.6466894529,58669875.145826414
24.71,0.0303777061,0.0679266159,False,False,1750208880000,19.7098078047,16104645.421950432
27.27,0.0093444765,0.0208948847,False,False,1750218780000,12.7313108277,53070029.62954242
21.44,0.1369477737,0.3062245314,False,False,1750234080000,23.9369766058,19427766.83390072
24.19,0.0385971268,0.0863057993,False,False,1750284420000,7.7041600892,16627005.100984188
25.23,0.0239086457,0.0534613571,False,False,1750211640000,15.6236673131,4241557.53358007
23.23,0.0600558028,0.1342888574,False,False,1750216200000,9.3736274334,20398727.94951068
24.04,0.0413575665,0.0924783301,False,False,1750236780000,13.7502769035,9953112.95547937
25.76,0.0187307418,0.0418832119,False,False,1750271820000,7.3357526555,1564084.47669833
29.76,0.0029686225,0.0066380417,False,True,1750225560000,7.6355580676,134974.453810695
26.34,0.0143401923,0.0320656449,False,True,1750260120000,9.1510261458,1008174.932153284
24.14,0.0394961694,0.0883161196,False,False,1750257000000,9.2334723854,8571459.68537439
21.44,0.1369477737,0.3062245314,False,False,1750234080000,23.9369766031,19427766.83390072
26.16,0.0155795524,0.0348369383,False,False,1750276680000,3.0120420515,15179905.246078853
25.13,0.0250354255,0.0559809132,False,False,1750274700000,3.7934791579,25633720.522153143
19.19,0.385971268,0.8630579925,False,False,1751262300000,14.0354129029,26837505.560056362
23.73,0.0477040198,0.1066694311,False,False,1751242440000,8.3491711074,10751391.155378144
21.59,0.1278070988,0.285785361,False,False,1751294460000,15.8119531409,18504527.87265459
24.46,0.0340843469,0.0762149166,False,False,1751272380000,11.3807668951,12227046.565864608
23.54,0.0520660914,0.1164233197,False,False,1751254860000,17.6918748567,56560680.385381326
22.19,0.0969515991,0.2167903661,False,False,1751307660000,13.5193768056,68508776.03667666
22.8,0.0732073989,0.1636967205,False,False,1751287560000,12.224367079,24092521.228411674
26.36,0.0142087207,0.0317716653,False,False,1751248680000,7.4022234822,42344950.74984561
27.97,0.0067694748,0.0151370059,False,False,1751290920000,3.4564174992,19306270.699383415
27.24,0.0094744711,0.0211855615,False,False,1751291640000,4.001264927,2092700.578012078
23.857,0.0449940386,0.1006097289,False,False,1751242920000,8.3781846687,10788013.312345624
27.47,0.0085222639,0.0190563613,False,True,1751250600000,12.1049332393,297255.126510786
27.04,0.010388551,0.0232295062,False,False,1751301300000,3.9133513695,26229425.822799426
25.63,0.0198863453,0.04446722,False,False,1751258400000,5.5966789236,15548235.577248747
21.53,0.1313877806,0.2937920088,False,False,1751342280000,9.5148232886,9892076.32140938
28.4,0.0055533491,0.0124176661,False,False,1751406600000,10.1945221369,46880269.177687936
26.1,0.0160160338,0.0358129403,False,False,1751346720000,13.9912093089,28429087.591319814
24.16,0.0391340663,0.0875064325,False,False,1751393880000,10.487352805,52650282.61517204
25.61,0.0200703514,0.0448786701,False,False,1751352480000,15.7734677614,44215012.028554015
30.46,0.0021505769,0.0048088361,False,False,1751332800000,23.8113421473,49340647.69055884
24.63,0.0315177333,0.0704757942,False,False,1751395620000,4.7923585153,42785788.760078795
27.25,0.0094309399,0.0210882227,False,False,1751391480000,7.6205530418,73968032.5115714
25.64,0.0197949759,0.0442629117,False,False,1751367900000,7.5900593293,31264789.746828653
24.77,0.0295498293,0.0660754271,False,False,1751398860000,10.6729249363,2076437.569167573
27.61,0.0079901508,0.0178665204,False,True,1751345160000,3.0036495559,529087.364523822
23.39,0.0557898221,0.1247498347,False,False,1751388240000,14.8982590244,29050624.569530264
23.99,0.042320908,0.0946324271,False,False,1751365500000,12.7756417396,26784996.258892756
27.442,0.0086328655,0.0193036742,False,False,1751351100000,2.9315907411,15446899.296572002
23.2,0.0608912622,0.1361570015,False,False,1750902240000,21.3545501267,57245843.4919121
22.28,0.0930154254,0.2079888141,False,False,1750913460000,19.4506956048,56614154.547927074
25.25,0.0236894499,0.0529712204,False,False,1750916640000,10.5626903331,46556904.19637372
24.8,0.0291443905,0.0651688382,False,False,1750965480000,7.2213542353,61579924.73500381
26.1,0.0160160338,0.0358129403,False,False,1750965840000,3.768806588,27496195.33383897
26.9,0.0110803882,0.0247765013,False,False,1750909320000,6.5334545598,31344826.77644777
23.7,0.0483676488,0.1081533507,False,False,1750896000000,7.1662239948,28553150.31665357
24.49,0.0336166921,0.0751692087,False,False,1750977540000,6.5713090955,64242979.19014005
24.6,0.0319561887,0.0714562102,False,False,1750974300000,6.4193603536,64839828.25626121
24.81,0.0290104841,0.0648694146,False,False,1750935480000,12.487014406,10999722.766870284
23.58,0.0511157782,0.1142983547,False,False,1750960440000,13.0891781071,31029109.07369029
21.56,0.1295850727,0.2897610314,False,False,1750899780000,16.4876205708,40420079.54921021
26.47,0.013506878,0.0302022973,False,False,1750937220000,15.6369810426,42016725.498292744
28.16,0.0062023315,0.0138688349,False,False,1750907820000,5.7398846778,19506606.153053045
27.17,0.0097848681,0.0218796303,False,False,1750914960000,4.7207445063,2733528.321237321
26.33,0.0144063837,0.0322136532,False,True,1750938420000,8.5665694684,2112372.249123468
27.7,0.0076657557,0.0171411509,False,False,1751475240000,22.0221333947,60854043.21254879
24.5,0.0334622374,0.0748238376,False,False,1751451660000,10.3354111112,24677510.624192838
28.77,0.0046833323,0.0104722495,False,False,1751467320000,18.5367600586,69483681.58436511
21.1,0.160160338,0.358129403,False,False,1751456700000,11.2344918054,16516264.679325208
27.52,0.0083282735,0.0186225856,False,True,1751491740000,8.8290879798,612413.43795297
25.38,0.0223128464,0.0498930414,False,False,1751489520000,9.3867000292,5290594.869607475
30.25,0.002368945,0.005297122,False,True,1751494980000,9.653218034,160279.861027989
30.17,0.0024578477,0.0054959146,False,True,1751469360000,11.5923832284,607095.847025737
31.2,0.0015295194,0.0034201092,False,True,1751466720000,9.2964685548,256204.947390241
27.68,0.0077366861,0.017299756,False,False,1751468580000,6.6134200034,1771587.852469858
23.58,0.0511157782,0.1142983547,False,False,1751498220000,5.9292933222,21747134.843303237
23.2,0.0608912622,0.1361570015,False,False,1751575500000,9.9875369644,69183234.68257937
21.48,0.1344481952,0.3006353038,False,False,1751517180000,14.5285722557,69609964.880642
24.7,0.0305179233,0.0682401509,False,False,1751519040000,9.069084692,50402861.03850394
26.5,0.0133215567,0.0297879063,False,False,1751541480000,3.1202972212,24271461.47894985
24.13,0.0396784754,0.0887237683,False,False,1751571060000,9.6232206118,61527006.40334404
22.08,0.1019893859,0.2280551997,False,False,1751540940000,8.1442668629,25624598.687311385
23.78,0.0466181437,0.1042413384,False,False,1751506500000,6.3630625401,8388367.480592445
26.0,0.0167708462,0.0375007522,False,False,1751581440000,4.1279895332,8077527.625823338
23.04,0.0655473256,0.1465682757,False,False,1751541000000,14.7510675039,29880472.73705045
23.88,0.0445199816,0.0995497053,False,False,1751583720000,6.2984481444,27555273.178278536
25.2,0.0242412481,0.0542050786,False,False,1751110260000,6.9957392033,52337841.0608882
26.6,0.0127219879,0.0284472297,False,False,1751076840000,12.0555312143,6557208.888620941
26.14,0.0157237082,0.0351592805,False,False,1751092380000,4.9062815756,47589297.09386748
23.18,0.0614546821,0.1374168468,False,False,1751093520000,12.6514354176,55200137.693500325
25.77,0.0186446818,0.041690776,False,False,1751148780000,7.9166615745,52394852.25563308
26.23,0.0150853356,0.0337318359,False,False,1751152500000,10.5155625718,42764164.91156284
20.4,0.2210828104,0.4943561926,False,False,1751094180000,13.262196092,28953734.89106204
21.82,0.1149621763,0.257063241,False,False,1751121600000,9.8870921573,19617471.50389326
25.79,0.0184737464,0.0413085527,False,False,1751122020000,11.6654258778,2551350.802711916
26.8,0.0116025908,0.0259441818,False,False,1751078220000,4.6399100341,1287168.182919773
26.03,0.0165407416,0.0369862226,False,False,1751111220000,10.1214916319,1675518.030168381
25.64,0.0197949759,0.0442629117,False,False,1751000160000,9.1893014332,9631541.308551352
26.23,0.0150853356,0.0337318359,False,False,1751018580000,2.3696733866,5921886.347011698
21.35,0.1427430515,0.3191831664,True,False,1751230320000,16.482484919,22507794.369943097
23.2,0.0608912622,0.1361570015,False,False,1751192520000,11.155417688,40170861.49553938
24.6,0.0319561887,0.0714562102,False,False,1751186040000,14.6144665719,51563989.82951408
21.36,0.1420872067,0.317716653,False,False,1751176800000,20.6037480348,54242276.609049894
27.5,0.008405334,0.0187948982,False,False,1751230800000,10.4094666989,30731495.660280857
20.15,0.2480589932,0.5546767711,False,False,1751214000000,13.9696365767,14258213.096888948
23.39,0.0557898221,0.1247498347,False,False,1751196060000,17.8530961136,45310807.674828626
29.3,0.0036690614,0.0082042706,False,True,1751237700000,8.0018741704,63230142.758438
20.31,0.2304384666,0.5152760759,False,False,1751197920000,7.1486960368,56090732.43978037
28.18,0.0061454682,0.0137416847,False,False,1751231640000,7.4863027602,29317048.3230234
22.24,0.0947447113,0.2118556149,False,False,1751223780000,18.487484147,24849923.171673562
23.62,0.0501828101,0.1122121746,False,False,1751168580000,21.4379112128,10770678.419802781
23.86,0.04493192,0.1004708274,False,False,1751238480000,13.5797937065,14034059.912020242
25.05,0.0259749653,0.0580817882,False,False,1751179680000,21.739707517,3505933.958474057
20.05,0.2597496533,0.580817882,False,False,1751214000000,13.9696355598,14258207.457049249
24.32,0.0363542322,0.0812905344,False,False,1751166600000,13.7715471011,1388873.536501594
27.51,0.008366715,0.0187085435,False,True,1751202660000,7.5056313362,70069.727455264
23.03,0.0658498783,0.1472448042,False,False,1751178360000,9.9559789297,11907085.669122452
24.82,0.0288771931,0.0645713667,False,False,1751235840000,3.7139928327,26762490.156938475
19.76,0.2968622513,0.6638041738,True,False,1752209160000,14.3773518941,6085390.161816483
19.49,0.3361669212,0.7516920875,False,False,1752250860000,26.0370056632,50591982.99487325
26.6,0.0127219879,0.0284472297,False,False,1752219240000,9.5864102382,41266690.17302369
25.25,0.0236894499,0.0529712204,False,True,1752194700000,15.4939985125,60546085.76465948
24.56,0.0325502986,0.0727846803,False,False,1752237720000,16.1965997412,32298265.897458874
24.97,0.0269497646,0.0602615057,False,False,1752196260000,22.4618152806,72243548.37587078
22.23,0.095182033,0.212833496,False,False,1752216960000,10.782148691,8243744.068885259
23.76,0.0470494961,0.1052058716,False,False,1752204060000,7.3770933368,11440830.098148832
26.94,0.0108781483,0.0243242791,False,True,1752197100000,13.891761752,65570563.70600519
29.23,0.003789265,0.0084730541,False,True,1752229860000,7.2003488494,53259958.456983365
22.16,0.0983003302,0.2198062205,False,False,1752232260000,10.322903601,15158777.89793364
24.5,0.0334622374,0.0748238376,False,False,1752243120000,8.9062293816,6897447.297928412
24.84,0.0286124454,0.0639793729,False,False,1752202440000,8.0620891104,5629529.383880026
23.21,0.0606114923,0.1355314169,False,False,1752213420000,15.3652939172,16745480.016758122
23.97,0.0427124985,0.0955080501,False,False,1752215340000,16.6079890364,4346161.031737614
23.86,0.04493192,0.1004708274,False,False,1752241560000,4.3907274105,11851810.303342544
26.71,0.0120935826,0.0270420729,False,False,1752210240000,11.9947812085,427532.31192199
19.89,0.2796114661,0.6252302454,True,False,1752209160000,14.3773516909,6085392.675060699
15.07,2.5736825419,5.7549291163,False,False,1752176040000,10.1370175451,29886884.860793546
22.49,0.0844413128,0.1888165155,False,False,1752128520000,12.1281269557,34727076.41740024
23.48,0.0535247906,0.1196850702,False,False,1752170760000,15.42339793,67624107.236022
26.8,0.0116025908,0.0259441818,False,False,1752182940000,5.0757031441,31761934.136402003
22.2,0.096506147,0.2157943048,False,False,1752158640000,10.2341657287,58024410.6465401
28.79,0.0046403953,0.0103762393,False,False,1752168900000,6.3000030863,15179571.508190667
24.15,0.039314701,0.0879103439,False,False,1752129120000,16.7892071651,62311445.648364216
24.28,0.0370301078,0.0828018383,False,False,1752175260000,6.5076627612,7425960.445988026
24.16,0.0391340663,0.0875064325,False,False,1752109200000,19.1187134256,7000302.655216284
22.97,0.0676947481,0.1513700585,False,False,1752141360000,13.8204083563,3239406.548616798
22.93,0.0689532874,0.154184238,False,False,1752183540000,18.7370867621,16632655.75660919
19.23,0.3789264984,0.8473054089,False,False,1751643120000,16.1036157541,73208559.7149147
21.02,0.1661709017,0.3715694322,False,False,1751638260000,21.3260597538,22036810.907886
24.0,0.0421264611,0.0941976306,False,False,1751669340000,21.2508996727,74782133.3191452
23.68,0.0488151892,0.1091540813,False,False,1751588700000,3.5690381762,67301272.02564481
28.5,0.0053034072,0.0118587791,False,False,1751646900000,7.5444988149,59617811.907581046
26.6,0.0127219879,0.0284472297,False,False,1751657820000,7.919157092,42689259.91167301
26.09,0.0160899605,0.0359782453,False,False,1751593920000,20.0443031996,71687425.23548697
25.08,0.0256185754,0.0572848762,False,False,1751630220000,10.02512885,48422463.97045532
24.11,0.0400456158,0.0895447192,False,False,1751609760000,19.807747032,45568227.52148092
22.34,0.0904804968,0.2023205415,False,False,1751589840000,9.7916783575,17859855.135055035
22.25,0.0943093989,0.2108822268,False,False,1751647860000,16.4105374248,17858895.150563456
24.84,0.0286124454,0.0639793729,False,True,1751643540000,8.6955271438,1960016.213274704
24.94,0.0273246732,0.0610998267,False,False,1751643480000,8.5482247631,3367860.869022265
22.8,0.0732073989,0.1636967205,False,False,1751589060000,11.7410193054,26085148.7152015
23.95,0.0431077124,0.0963917753,False,False,1751590740000,14.1980363678,14122859.098322276
25.15,0.0248058993,0.0554676771,False,False,1751599800000,9.7653201849,5114037.713138396
30.98,0.0016926025,0.0037847742,False,True,1751671560000,14.4823011606,93520.779315186
26.72,0.0120380177,0.0269178258,False,False,1751595360000,4.0781457682,8972452.482450522
20.9,0.1756123185,0.3926810818,True,False,1751683020000,30.4043224743,45283774.202775806
21.01,0.1669379118,0.3732845187,True,False,1751729520000,13.5837199362,10681754.005123772
27.3,0.0092162655,0.0206081961,False,True,1751730360000,13.4173460838,46098664.70758575
24.29,0.0368599699,0.0824213984,False,False,1751708460000,2.35918638,17897031.9710049
26.1,0.0160160338,0.0358129403,False,False,1751750160000,13.9238529851,46161957.516891934
25.21,0.0241298697,0.0539560289,False,False,1751694480000,7.4954687032,66762302.19590921
21.48,0.1344481952,0.3006353038,True,False,1751736780000,23.6427972541,9857079.6051386
28.31,0.0057883526,0.0129431498,False,True,1751728500000,4.5696601232,26752045.57773017
22.6,0.0802703167,0.1794898848,False,False,1751693940000,23.0890958729,33474976.458533112
27.58,0.0081013049,0.0181150684,False,False,1751735580000,5.4144594135,33769077.88242685
27.72,0.0075954757,0.0169839999,False,False,1751680980000,15.7932763849,72681710.51404352
23.56,0.0515887466,0.1153559443,False,False,1751679540000,10.4430632804,32783169.33660096
24.0,0.0421264611,0.0941976306,False,False,1751689860000,5.6561612606,19983175.77909339
24.45,0.0342416731,0.0765667087,False,False,1751695980000,16.5930983713,6135870.392270348
25.9,0.0175612318,0.0392681082,False,False,1751950200000,5.5506766656,71505383.47702858
24.7,0.0305179233,0.0682401509,False,False,1751947980000,4.1357900277,36552981.44633288
23.81,0.0459785188,0.1028110936,False,False,1751964300000,11.1426443318,27242386.809688043
27.4,0.0088014652,0.0196806745,False,False,1751999280000,7.7048344483,14613745.345240127
22.28,0.0930154254,0.2079888141,False,False,1752015060000,23.0384755109,44142910.95650139
26.86,0.011286388,0.0252371308,False,False,1751953020000,5.4504008937,49293328.717414446
25.7,0.0192555078,0.0430566244,False,False,1752005460000,15.8090110047,66391684.75266361
25.21,0.0241298697,0.0539560289,False,False,1752018960000,18.404292073,74617411.28400563
22.21,0.0960627415,0.2148028201,False,False,1751972340000,22.0041658704,46858472.67827021
27.88,0.0070559416,0.015777565,False,False,1752014340000,4.9802841123,1520150.888392257
23.8,0.046190746,0.1032856481,False,False,1751955180000,4.7488780195,22111078.800367072
27.09,0.0101520787,0.0227007381,False,False,1751956380000,1.2968819743,7463598.940964712
23.05,0.065246163,0.1458948557,False,False,1752018960000,9.0112716376,11019992.41058764
27.028,0.0104461192,0.0233582326,False,False,1751956380000,1.297503829,7467280.00599308
20.77,0.1864468183,0.41690776,False,False,1752067560000,8.6719676005,27547404.01616101
24.5,0.0334622374,0.0748238376,False,True,1752040860000,4.595016662,67888873.80415042
24.4,0.0350392641,0.0783501764,False,False,1752054120000,14.570147373,37335456.35164165
26.8,0.0116025908,0.0259441818,False,False,1752034860000,19.6166119254,59295748.48757498
27.0,0.0105816886,0.023661375,False,False,1752085320000,6.9353935647,6375188.043944787
23.71,0.0481454197,0.1076564312,False,False,1752092760000,16.495783399,5822274.421143296
27.9,0.0069912523,0.0156329154,False,True,1752042960000,11.2980508086,61009856.60477112
24.46,0.0340843469,0.0762149166,False,False,1752092220000,4.3516046298,57985520.914978735
25.65,0.0197040262,0.044059542,False,False,1752037020000,23.0040061489,61217035.00908965
26.04,0.0164647438,0.0368162863,False,False,1752102660000,10.4579454724,56458796.74105804
25.51,0.0210162379,0.0469937366,False,False,1752104580000,5.2741377389,14700890.2782957
20.75,0.1881719895,0.42076536,False,False,1752067560000,8.671967727,27547405.975893106
24.93,0.0274507982,0.0613818507,False,False,1752098760000,8.9767729795,3633729.030986008
22.66,0.0780827277,0.1745982871,False,False,1752096480000,10.2042158547,20221329.619178373
22.28,0.0930154254,0.2079888141,False,False,1751841360000,26.0820767388,48334243.75782976
25.1,0.0253837029,0.0567596853,False,False,1751806920000,5.4913686674,13679042.220502712
28.83,0.0045556985,0.0101868516,False,False,1751829600000,7.3777222623,67358178.21764474
27.64,0.0078805218,0.0176213825,False,True,1751788140000,21.6730440223,68636263.55092767
21.73,0.1198270801,0.2679414966,True,False,1751814780000,20.9181990119,39540727.65133259
23.89,0.0443154309,0.099092316,False,False,1751823660000,14.9605141026,54627729.852580845
25.55,0.0206326484,0.0461360043,False,False,1751770440000,17.5300010021,31251769.10725874
26.26,0.014878357,0.0332690178,False,False,1751802720000,7.8226206363,738101.589023628
22.71,0.0763053479,0.1706239449,False,False,1751786640000,19.0901779928,23414235.614677984
21.02,0.1661709017,0.3715694322,True,False,1751771700000,25.5445632098,20923166.231108934
23.94,0.0433066885,0.0968366995,False,False,1751793480000,10.2153172605,14371734.27367506
26.67,0.0123184191,0.0275448225,False,False,1751815740000,3.450259621,4948359.583051883
20.98,0.1692602495,0.3784774237,True,False,1751909400000,14.2039697119,25967511.801815946
19.86,0.283501249,0.6339280645,True,False,1751899860000,20.2521003209,9902861.93888192
30.6,0.0020162992,0.0045085821,False,False,1751920620000,5.0362912,27579241.913567595
25.5,0.0211132445,0.0472106499,False,False,1751862840000,3.0445188442,56511527.7313052
24.16,0.0391340663,0.0875064325,False,False,1751878680000,9.2302571883,41527140.67804496
26.28,0.0147419515,0.0329640056,False,True,1751855700000,4.5027604934,27079179.782097552
26.49,0.0133830462,0.029925401,False,False,1751871480000,13.4528195261,37637885.63464192
22.74,0.0752583992,0.1682828966,False,False,1751849460000,12.7215802124,25940264.793763496
25.11,0.0252670754,0.0564988982,False,False,1751902500000,5.6785332404,29814138.842403766
27.82,0.0072536229,0.016219594,False,False,1751921460000,4.5751349843,2565564.949048475
25.65,0.0197040262,0.044059542,False,False,1751886540000,13.5484897144,3597158.604961974
24.49,0.0336166921,0.0751692087,False,False,1751874960000,19.2915937998,7887726.91399826
25.07,0.0257368254,0.0575492912,False,False,1751921700000,9.3938395013,15674398.432280488
19.86,0.283501249,0.6339280645,True,False,1751899860000,20.2521003216,9902861.953841707
22.2,0.096506147,0.2157943048,False,False,1752355980000,24.7986450683,73101732.41450003
20.38,0.2231284644,0.4989304142,False,False,1752299580000,20.8089817622,56508843.57152273
31.5,0.0013321557,0.0029787906,False,True,1752340920000,9.6186282815,17028300.93846558
28.77,0.0046833323,0.0104722495,False,False,1752349920000,13.2188573047,66012163.03475859
23.95,0.0431077124,0.0963917753,False,False,1752282120000,4.9702435919,29764910.402046695
22.21,0.0960627415,0.2148028201,False,False,1752306240000,7.8342903974,19116118.043609377
24.69,0.0306587876,0.0685551332,False,False,1752288600000,7.1747761264,5040298.604248411
24.09,0.0404161533,0.0903732663,False,False,1752356400000,10.9441231955,4633223.711290199
24.43,0.0345585074,0.0772751717,False,False,1752314640000,8.6711481169,7160046.013403092
25.5,0.0211132445,0.0472106499,False,False,1752307200000,7.8305467828,3896201.919692231
24.58,0.0322518756,0.0721173863,False,False,1752279060000,4.8653281708,24511718.60524789
23.91,0.0439091446,0.0981838322,False,False,1752350940000,3.3573012663,28798254.1895428
25.12,0.0251509837,0.0562393094,False,False,1752288300000,6.0475830732,14277106.4402023
23.99,0.042320908,0.0946324271,False,False,1752306240000,7.266720513,16890015.210601367
23.898,0.0441524672,0.098727918,False,False,1752350280000,3.3558911895,28787820.156984337
24.9,0.0278326768,0.0622357573,False,False,1752561240000,15.8315682972,62561862.1455314
22.82,0.0725362295,0.1621959399,False,False,1752591300000,6.1741789758,66796487.95708651
26.8,0.0116025908,0.0259441818,False,False,1752606060000,9.453142313,56184898.3898295
22.12,0.1001278698,0.2238927232,False,False,1752612900000,11.4305120163,13059538.726139177
21.4,0.1394938229,0.3119176705,True,False,1752601380000,9.4675120615,17509922.589294333
23.63,0.049952241,0.1116966065,False,False,1752553560000,4.4474825799,68334486.78391677
23.69,0.0485909037,0.1086525639,False,False,1752616440000,7.3780258839,41489742.661644295
23.14,0.06259721,0.1399716167,False,False,1752602340000,9.047784611,6469210.275320213
24.01,0.0419329075,0.0937648318,False,False,1752621720000,13.4349232698,12117207.9052062
26.63,0.0125474356,0.028056919,False,True,1752620580000,16.1185799989,366101.173309024
21.98,0.1067959975,0.2388031102,False,False,1752579060000,17.1173169692,10743635.448285224
25.06,0.0258556212,0.0578149266,False,False,1752618360000,6.6240171959,1141623.68216721
22.25,0.0943093989,0.2108822268,False,False,1752541800000,9.9370774899,15742765.15254346
25.04,0.0260948603,0.0583498816,False,False,1752658620000,12.6121153616,40632121.05116713
24.0,0.0421264611,0.0941976306,False,False,1752675660000,6.1370775616,63698202.91355764
23.4,0.0555334912,0.1241766613,False,False,1752631860000,19.5004899811,47759358.99505711
25.74,0.0189040552,0.0422707525,False,True,1752683100000,20.4388501659,62981185.52865352
24.6,0.0319561887,0.0714562102,False,False,1752695820000,12.4104253064,37544815.60866883
18.34,0.57089334,1.2765563162,True,False,1752365580000,7.9422020485,20938392.407036044
24.42,0.0347180222,0.0776318577,False,False,1752426900000,5.5529929493,9349315.382452244
21.19,0.1536579294,0.3435895754,False,False,1752403080000,21.6937547802,44146817.6300775
24.3,0.0366906138,0.0820427065,False,False,1752416160000,7.1311095527,47544648.71197876
25.87,0.0178055329,0.039814382,False,False,1752432180000,15.9025371683,63782337.7280318
23.17,0.061738344,0.1380511341,False,False,1752380940000,18.5191989886,68550225.0586784
25.2,0.0242412481,0.0542050786,False,False,1752433440000,10.0678213441,32535600.86872305
28.61,0.0050414443,0.0112730122,False,True,1752385860000,16.0037050657,15850692.864970272
22.54,0.0825191939,0.1845185269,False,False,1752441600000,15.6730110811,14204926.395434096
23.14,0.06259721,0.1399716167,False,False,1752449040000,3.9169494514,35976034.73123865
26.3,0.0146067964,0.0326617897,False,False,1752442620000,12.2205895012,55241274.78898335
25.98,0.0169260249,0.0378477424,False,False,1752394980000,18.7743318528,65467290.25259024
22.32,0.0913177026,0.2041925905,False,False,1752444960000,20.6206008638,73732716.00452799
26.64,0.0124897854,0.0279280092,False,False,1752414600000,17.0124277367,54701229.21592437
21.76,0.1181829909,0.2642652014,False,False,1752383340000,29.5781564702,64730523.839516155
24.45,0.0342416731,0.0765667087,False,False,1752391440000,6.6051116529,24220205.71817812
25.3,0.0231502122,0.0517654482,False,False,1752435240000,10.4120470664,9298464.14928078
23.54,0.0520660914,0.1164233197,False,False,1752401520000,15.7255539992,8397198.138140036
27.47,0.0085222639,0.0190563613,False,False,1752402600000,6.9535510346,1109326.878334614
25.31,0.0230438467,0.0515276076,False,False,1752374580000,10.3890157654,2204970.862288613
24.25,0.0375452479,0.0839537266,False,False,1752416880000,7.6508508383,7372004.608220451
25.31,0.0230438467,0.0515276076,False,False,1752448740000,6.1209784495,11423916.592886208
19.23,0.3789264984,0.8473054089,False,False,1752423060000,17.3333492256,26516666.10494327
23.35,0.0568270323,0.1270691073,False,False,1752403200000,7.7381522066,27929598.329933155
21.04,0.1646474378,0.3681628631,False,False,1752389880000,12.5546797313,20027978.097190335
24.18,0.038775283,0.0867041687,False,False,1752391200000,9.6314753872,29466504.83799604
25.7,0.0192555078,0.0430566244,False,False,1752507180000,10.7908102166,25641351.01582887
24.7,0.0305179233,0.0682401509,False,False,1752516720000,8.1394206499,33663889.02276379
24.3,0.0366906138,0.0820427065,False,False,1752507660000,9.4980927193,42168248.633040495
22.91,0.0695913044,0.1556108872,False,False,1752518040000,22.5090239768,73690894.33423206
21.9,0.1108038821,0.2477650126,False,False,1752507840000,20.7447686412,9936604.965162951
18.95,0.4310771239,0.9639177525,True,False,1752532380000,40.2869496553,64619345.12601764
22.7,0.0766575574,0.1714115092,False,False,1752464760000,11.4809034173,19405629.640293863
25.72,0.0190789723,0.0426618789,False,False,1752511560000,5.6060564136,10392414.670386592
23.77,0.0468333233,0.1047224945,False,False,1752476760000,7.8053763543,14426094.45952546
23.32,0.0576175751,0.1288368146,False,False,1752465480000,12.68225652,20110811.649552085
26.06,0.0163137941,0.0364787526,False,False,1752488940000,10.063062875,1903831.531801786
21.92,0.109788026,0.2454934893,False,False,1752510780000,13.8996830225,8592181.907527857
26.1,0.0160160338,0.0358129403,False,False,1752961260000,10.0012775753,46382479.7669785
23.45,0.0542693946,0.1213500554,False,False,1752909600000,7.4156198739,5259475.625408584
25.3,0.0231502122,0.0517654482,False,False,1752895920000,12.1211379413,70827507.10322808
25.55,0.0206326484,0.0461360043,False,False,1752904620000,6.1629805782,65150136.33548183
26.24,0.0150160248,0.0335768522,False,False,1752894060000,9.1792952188,26355648.876014054
23.75,0.0472666667,0.1056914799,False,False,1752944280000,17.6339881203,63809844.54270508
25.29,0.0232570687,0.0520043867,False,False,1752944460000,18.8520888868,69555953.73654188
24.61,0.0318093633,0.0711278987,False,False,1752952320000,4.1059938944,21402678.492131535
24.11,0.0400456158,0.0895447192,False,False,1752931920000,8.5848992965,9462481.219417747
29.37,0.0035526709,0.0079440136,False,False,1752950460000,20.0458287168,88150.754334518
21.78,0.1170994827,0.2618424035,False,False,1752924060000,23.6858136322,11548788.807254313
29.93,0.0027450798,0.0061381851,False,False,1752895260000,12.7033859465,10457.324946823
17.75,0.7491261831,1.6750970692,False,False,1752758700000,29.1981644677,47083471.30054144
24.1,0.040230458,0.0899580388,False,False,1752745440000,18.8780768751,53132906.06309703
25.7,0.0192555078,0.0430566244,False,True,1752720840000,5.8998581988,33625879.285712905
27.78,0.0073884779,0.0165211388,False,True,1752796140000,17.5229199123,48234072.919359244
25.66,0.0196134944,0.0438571068,False,False,1752749460000,17.0364880898,64309322.01577959
24.84,0.0286124454,0.0639793729,False,False,1752728340000,6.1072200861,6678059.014656225
28.09,0.0064055286,0.0143231974,False,False,1752787920000,12.2749880215,27716078.097910646
19.79,0.2927891485,0.6546964391,False,False,1752730380000,18.6029611607,21921594.682514276
24.19,0.0385971268,0.0863057993,False,False,1752778020000,13.0355456985,14378558.060836816
27.88,0.0070559416,0.015777565,False,True,1752722400000,6.8556984852,296101.741892873
26.58,0.012839703,0.0287104486,False,False,1752779760000,14.2059833512,954074.47812478
26.41,0.0138852907,0.0310484539,False,False,1752755040000,2.3315068539,5908157.211929466
26.76,0.0118182991,0.0264265201,False,False,1752768180000,6.7026470867,14067802.414708732
19.8,0.2914439045,0.6516883822,False,False,1752730380000,18.6029611517,21921594.682514276
19.24,0.3771854893,0.8434123941,False,False,1752832980000,14.9847357188,28389302.456667356
25.6,0.0201629919,0.0450858206,False,False,1752873060000,13.5307458106,39435661.26744569
21.2,0.1529519353,0.3420109247,True,False,1752843900000,17.3166461674,38246114.595774174
27.6,0.0080270317,0.0179489885,False,False,1752869880000,15.2947673407,57689237.75574891
27.6,0.0080270317,0.0179489885,False,False,1752843180000,9.8406886537,69251382.72067598
29.7,0.0030517923,0.0068240151,False,False,1752852300000,8.2974773808,49126222.28670433
22.32,0.0913177026,0.2041925905,False,False,1752849120000,12.3563501552,57665417.511305615
26.56,0.0129585073,0.0289761031,False,False,1752822840000,8.8412581035,19358409.25214581
23.07,0.0646479826,0.1445572836,False,False,1752801300000,7.4476859076,72444721.93664731
27.81,0.0072871041,0.0162944602,False,False,1752818160000,14.1959564733,46479428.43188688
19.64,0.313729225,0.7015198735,False,False,1752873960000,30.422322747,11554112.35217677
25.99,0.0168482569,0.0376738478,False,True,1752817440000,14.1122049987,1249643.786238536
24.36,0.0356906927,0.079806815,False,False,1752863880000,11.2793457562,4216870.683635652
26.18,0.0154367182,0.0345175513,False,True,1752819360000,13.1207218168,3888603.080925794
24.31,0.0365220357,0.0816657545,False,False,1752829860000,25.3138241155,11930623.816862289
22.4,0.0880146521,0.1968067451,False,False,1752880080000,11.6954853077,12442763.448130827
22.21,0.0960627415,0.2148028201,False,False,1752836520000,5.2886779542,29766433.577639464
21.88,0.1118291378,0.250057554,True,False,1753211460000,13.5307158791,8058032.300681104
25.2,0.0242412481,0.0542050786,False,False,1753179840000,8.5043680952,71407174.94373845
25.3,0.0231502122,0.0517654482,False,False,1753170780000,13.6614760026,50266370.96379291
20.95,0.1716148941,0.3837425691,False,False,1753196700000,19.0555273331,32682744.79510272
23.77,0.0468333233,0.1047224945,False,False,1753207440000,15.2645919984,64165377.67368369
23.25,0.0595052079,0.1330576898,False,False,1753195320000,2.1249495605,53632054.809812
25.61,0.0200703514,0.0448786701,False,False,1753194060000,7.2452205068,5262343.222099253
25.85,0.0179702855,0.0401827799,False,False,1753176840000,9.5715995667,5252174.142328346
24.43,0.0345585074,0.0772751717,False,False,1753217100000,7.3869500955,11978895.474122196
21.88,0.1118291378,0.250057554,True,False,1753211460000,13.530715877,8058032.300681104
20.53,0.208235599,0.4656289548,False,False,1753210560000,15.9108791475,18345632.883988556
22.6,0.0802703167,0.1794898848,False,False,1753287240000,13.7064040588,51430283.71132461
20.7,0.1925550782,0.4305662442,False,False,1753280160000,13.6831574672,21858113.170454875
23.9,0.04411182,0.0986370281,False,False,1753298700000,8.6579174468,47646810.84769684
21.56,0.1295850727,0.2897610314,False,False,1753267980000,17.3974983131,20229645.151420407
23.01,0.0664591797,0.1486072436,False,False,1753231680000,6.770851631,14593268.957266433
22.67,0.0777239702,0.1737960809,False,False,1753309860000,2.3377007125,38215194.974973015
27.5,0.008405334,0.0187948982,False,False,1753275540000,8.1636564396,55578184.795281194
24.29,0.0368599699,0.0824213984,False,False,1753278240000,11.1962857062,19450122.216000974
22.67,0.0777239702,0.1737960809,False,False,1753309860000,2.3377023274,38215201.24312377
26.44,0.0136947774,0.0306224531,False,False,1753269600000,14.8012630625,38814574.81818053
25.27,0.0234722638,0.0524855773,False,False,1753237920000,11.986517317,58176453.18509249
20.71,0.191670368,0.428587972,False,False,1753280160000,13.6831580697,21858112.61694276
29.37,0.0035526709,0.0079440136,False,True,1753300860000,14.3582486614,60219813.96209308
24.22,0.0380675544,0.0851216393,False,False,1753273620000,6.8829624938,9879089.700395107
23.89,0.0443154309,0.099092316,False,False,1753252740000,10.2870584374,2782756.761594387
26.71,0.0120935826,0.0270420729,False,False,1753284120000,4.6143958219,1974149.083088492
23.87,0.0447254765,0.1000092059,False,False,1753283400000,9.5994586415,19154651.313366108
27.37,0.0089239058,0.01995446,False,True,1753303980000,13.3721525988,470637.786258891
24.34,0.0360209346,0.0805452583,False,False,1753229520000,6.4023603302,12596148.463008814
20.68,0.1943367684,0.4345502246,False,False,1753280160000,13.6831574305,21858113.170454875
24.6,0.0319561887,0.0714562102,False,False,1753025820000,7.515713805,62498165.15270005
27.2,0.0096506147,0.0215794305,False,False,1753038360000,5.9989966538,31274919.811475065
24.76,0.0296862251,0.0663804174,False,False,1752996480000,18.5946222625,65577316.389299326
25.27,0.0234722638,0.0524855773,False,False,1753004100000,5.2821816582,5132434.047448249
24.56,0.0325502986,0.0727846803,False,False,1753032780000,4.7220729455,9330748.057776982
24.2,0.0384197891,0.0859092601,False,False,1752995460000,12.4745986178,11035701.189243369
23.19,0.0611723235,0.1367854737,False,False,1753023360000,7.5145725252,7989048.040410773
25.4,0.022108281,0.0494356193,False,False,1753069080000,4.3114171513,8675310.556647966
26.6,0.0127219879,0.0284472297,False,False,1753096020000,6.8187202627,10458632.252689356
24.99,0.0267026877,0.0597090249,False,False,1753067940000,7.7022863247,67195281.24659961
24.8,0.0291443905,0.0651688382,False,False,1753058220000,14.5595518974,27773848.47192621
29.49,0.0033616692,0.0075169209,False,False,1753116900000,32.3390241613,74730155.28489733
23.6,0.0506471459,0.1132504611,False,False,1753062960000,7.8168198699,11978332.61213632
28.52,0.0052547853,0.0117500571,False,False,1753117200000,7.7978985692,1204730.122446945
23.33,0.0573528464,0.1282448632,False,False,1753093380000,18.1008500112,8131582.093466604
26.25,0.0149470324,0.0334225806,False,False,1753132320000,12.2631034692,4622822.171389099
27.07,0.0102460147,0.0229107855,False,False,1753065720000,13.8483409908,3043672.082157531
22.2,0.096506147,0.2157943048,False,False,1753533300000,22.2944504635,64636471.20985354
22.2,0.096506147,0.2157943048,False,False,1753564800000,8.7234011723,73078560.67682317
27.4,0.0088014652,0.0196806745,False,False,1753559340000,17.3426882383,25968149.53753576
21.09,0.1608996045,0.3597824532,False,False,1753504140000,8.9667891849,23917975.475143887
25.16,0.0246919266,0.0552128263,False,False,1753499820000,10.3846696659,4524801.667661757
24.48,0.0337718597,0.0755161741,False,False,1753509960000,18.3961990198,2679143.810773261
21.68,0.1226182113,0.2741826558,False,False,1753601160000,2.989077688,59010166.76709625
24.65,0.031228777,0.0698296682,False,False,1753656720000,18.8921682451,48156348.56809183
23.61,0.0504144434,0.1127301225,False,False,1753650060000,10.0725538739,51690972.80998874
26.88,0.0111829138,0.0250057554,False,False,1753585380000,6.692642701,64847798.441820346
26.54,0.0130784109,0.0292442157,False,False,1753635720000,26.8890608803,70913026.37119013
21.23,0.1508533561,0.3373183589,False,False,1753643700000,24.9252990793,48441112.99052739
24.48,0.0337718597,0.0755161741,False,False,1753601640000,13.5279324526,34878695.35462394
25.7,0.0192555078,0.0430566244,False,False,1753610400000,7.0512092903,42439753.49314797
24.0,0.0421264611,0.0941976306,False,False,1753576800000,14.61564944,8023913.693987648
28.41,0.0055278338,0.0123606121,False,False,1753633980000,2.6324804601,1741260.71403283
26.99,0.0106305314,0.023770591,False,False,1753621320000,8.1072232635,4792232.110101484
26.06,0.0163137941,0.0364787526,False,False,1753629780000,4.2958379487,10289462.882311719
26.28,0.0147419515,0.0329640056,False,False,1753644600000,5.2123121717,19842477.606057983
26.3,0.0146067964,0.0326617897,False,False,1753316100000,16.190479473,45462918.714245684
23.57,0.0513517179,0.1148259319,False,False,1753400460000,5.857173136,11798453.09641156
21.4,0.1394938229,0.3119176705,False,False,1753364100000,3.503585248,60229256.29541152
26.68,0.0122618211,0.0274182656,False,False,1753356180000,6.1152894921,18392275.629881177
26.32,0.0144728805,0.0323623447,False,False,1753366200000,11.3119278358,39836090.903340206
25.87,0.0178055329,0.039814382,False,False,1753315740000,10.870637784,48589418.69396548
22.66,0.0780827277,0.1745982871,False,False,1753333920000,11.686210081,20886891.036481343
24.32,0.0363542322,0.0812905344,False,False,1753340640000,4.8889631302,14408539.014842875
22.43,0.0868070458,0.1941064553,False,False,1753331460000,11.7039343942,19452352.421046935
23.94,0.0433066885,0.0968366995,False,False,1753376940000,13.8518485621,5375649.007872141
25.26,0.0235806068,0.0527278398,False,False,1753383120000,6.6773238629,2191194.828274136
25.66,0.0196134944,0.0438571068,False,False,1753390980000,28.3899219816,4664877.393879665
25.68,0.0194336768,0.0434550225,False,False,1753366800000,5.1146631618,5712792.955319088
27.1,0.0101054342,0.0225964377,False,False,1753455960000,8.3077335897,31448282.978620708
27.04,0.010388551,0.0232295062,False,False,1753412880000,9.854549233,23281706.203414354
24.46,0.0340843469,0.0762149166,False,False,1753458660000,7.5279809121,63951246.439080745
22.19,0.0969515991,0.2167903661,False,False,1753483620000,14.0107861075,20694773.41268485
24.89,0.0279611466,0.0625230245,False,False,1753459140000,30.0784112106,489227.490775506
26.19,0.0153657929,0.0343589575,False,False,1753441380000,8.4989836171,2280484.007439567
22.83,0.0722029558,0.1614507173,False,False,1753442400000,8.0910549976,24090600.272082575
24.76,0.0296862251,0.0663804174,False,False,1753482300000,8.1103685105,12318822.85449815
24.84,0.0286124454,0.0639793729,False,False,1753476000000,2.5650253732,20741835.04757327
19.63,0.3151773333,0.7047579421,False,False,1754076720000,18.9669663162,74405700.85709481
24.8,0.0291443905,0.0651688382,False,False,1754023800000,18.2701923272,70596275.45578372
20.6,0.2016299194,0.4508582062,True,False,1754043360000,24.4871005192,25239051.346720207
25.5,0.0211132445,0.0472106499,False,False,1754084940000,11.7093638965,16400660.830912529
26.65,0.0124324001,0.0277996916,False,False,1754063580000,16.0606508656,56495772.71194786
23.83,0.0455569852,0.1018685158,False,False,1754037480000,12.295924694,43505511.472864
26.0,0.0167708462,0.0375007522,False,False,1754052600000,5.6618021979,46236004.58795711
28.52,0.0052547853,0.0117500571,False,False,1754055240000,5.8065691084,52461680.7058782
24.47,0.0339277435,0.0758647409,False,False,1754012820000,16.4376906968,63081876.38427994
21.2,0.1529519353,0.3420109247,False,False,1754061480000,8.7756539484,26253495.43193222
20.58,0.2034955781,0.4550299458,False,False,1754016780000,11.3966017097,17405691.455195002
22.27,0.0934447651,0.2089488469,False,False,1754049000000,6.6495730217,28543289.61793188
22.3,0.0921626549,0.2060819612,False,False,1754012820000,36.1714465994,10897343.220567737
23.75,0.0472666667,0.1056914799,False,False,1754033820000,6.0201598106,26252466.46786279
25.14,0.0249203981,0.0557237043,False,False,1754058840000,8.8803025693,13592815.788449366
27.9,0.0069912523,0.0156329154,False,False,1754062920000,7.8445581353,920233.255801878
26.47,0.013506878,0.0302022973,False,False,1754057160000,7.9787034038,17045319.416553583
28.25,0.0059505208,0.013305769,False,False,1754007840000,7.6910127562,930043.67467946
26.56,0.0129585073,0.0289761031,False,False,1754008140000,7.8314909225,2587347.565783861
16.85,1.133848361,2.5353620113,True,False,1754105160000,8.670478112,11689294.911584422
20.68,0.1943367684,0.4345502246,True,False,1754098920000,15.3128844872,28523306.693492163
21.32,0.1447288051,0.3236234466,True,False,1754095980000,20.5022975723,64275747.96029272
22.78,0.0738847787,0.1652113876,False,False,1754169720000,8.7450636582,52468074.68339966
22.11,0.100590039,0.2249261651,False,False,1754146620000,8.3704648665,52719033.30828793
23.85,0.0451393163,0.1009345797,False,False,1754164740000,25.687964532,69687978.91322488
25.8,0.0183888672,0.0411187571,False,False,1754160600000,14.2972038131,17776659.8849632
18.72,0.4792421155,1.071617948,False,False,1754175300000,17.4563891854,42441936.51502573
24.83,0.0287445144,0.0642746882,False,False,1754111700000,11.748819664,15377657.742925057
28.79,0.0046403953,0.0103762393,False,True,1754092860000,9.2132270963,48680207.33746128
25.16,0.0246919266,0.0552128263,False,False,1754125680000,6.040251429,13806771.903785689
26.43,0.0137579896,0.0307638,False,False,1754179020000,13.6110593639,1582263.864177109
30.46,0.0021505769,0.0048088361,False,True,1754170920000,10.4980602925,52987.206519112
24.69,0.0306587876,0.0685551332,False,False,1754105760000,6.512427134,18517541.54096376
24.01,0.0419329075,0.0937648318,False,False,1754152680000,4.393541539,27151283.23275632
27.5,0.008405334,0.0187948982,False,False,1754130540000,11.5110933672,2275260.78284873
27.7,0.0076657557,0.0171411509,False,False,1753948980000,4.6733312489,24921458.539380793
29.7,0.0030517923,0.0068240151,False,False,1754004120000,16.994926188,52840488.13883333
24.9,0.0278326768,0.0622357573,False,False,1753980240000,2.8388564256,42844571.77703617
24.1,0.040230458,0.0899580388,False,False,1753999800000,17.2156592999,74296720.78349172
24.59,0.0321036917,0.0717860371,False,False,1753989300000,6.5303275651,17159494.695066486
24.58,0.0322518756,0.0721173863,False,False,1753946400000,9.2924283767,31342682.739774927
23.71,0.0481454197,0.1076564312,False,False,1753968600000,5.6257685463,28472131.85020832
23.93,0.0435065831,0.0972836774,False,False,1753987860000,22.0032312225,65515970.01283951
28.32,0.0057617575,0.0128836815,False,False,1754004420000,2.1091993234,11460610.152917039
24.93,0.0274507982,0.0613818507,False,False,1753976100000,7.9719324444,4900865.086726626
21.96,0.1077841687,0.2410127282,False,False,1753946700000,10.9907810925,25358722.955695417
25.06,0.0258556212,0.0578149266,False,False,1753951200000,12.3447848413,3736704.919277739
27.91,0.0069591304,0.0155610887,False,False,1753988160000,3.4109976343,4806455.277189604
27.61,0.0079901508,0.0178665204,False,False,1753994820000,10.6875540851,688168.60253801
29.43,0.0034558507,0.0077275172,False,True,1753967880000,9.479513672,112243.775533971
23.94,0.0433066885,0.0968366995,False,False,1753939860000,15.4684671182,790394.003195312
25.04,0.0260948603,0.0583498816,False,False,1753957500000,5.0138098185,17210894.548506603
24.89,0.0279611466,0.0625230245,False,False,1753977660000,6.6842522906,11957292.584267829
24.13,0.0396784754,0.0887237683,False,False,1753930740000,8.1088926625,19520019.831106808
25.23,0.0239086457,0.0534613571,False,False,1753957500000,14.8495918415,12682539.288161503
25.7,0.0192555078,0.0430566244,False,False,1754184720000,8.4106431121,24948368.174316816
25.53,0.0208235599,0.0465628955,False,False,1754239920000,5.2640587267,16570112.686948089
25.45,0.0216050351,0.0483103272,False,False,1754205240000,6.6121557233,12527783.238724545
25.78,0.0185590173,0.0414992243,False,False,1754228640000,8.023302164,41662124.6313204
24.63,0.0315177333,0.0704757942,False,False,1754205120000,5.5686114853,13429187.223980788
27.21,0.0096062741,0.021480282,False,False,1754236980000,7.130312235,63183493.96879143
27.88,0.0070559416,0.015777565,False,False,1754259600000,6.8883699037,69109272.56814457
29.67,0.003094247,0.0069189466,False,False,1754207580000,6.5314116712,31412248.65152361
27.69,0.0077011393,0.0172202709,False,False,1754217420000,2.579670679,15472022.11958896
22.26,0.0938760865,0.2099133109,False,False,1754214420000,26.0235485213,73512844.8791706
22.03,0.1043650238,0.2333672878,False,False,1754221080000,10.3092580544,67653653.2641406
23.51,0.0527904029,0.1180429295,False,False,1754198820000,8.1395870286,24144345.98468195
28.19,0.0061172324,0.0136785474,False,False,1754195580000,4.1164500508,2406888.597669442
26.0,0.0167708462,0.0375007522,False,False,1754242560000,13.9117749497,2951690.649964858
28.61,0.0050414443,0.0112730122,False,False,1754185200000,4.3663517768,2241169.836801437
23.45,0.0542693946,0.1213500554,False,False,1754259120000,10.6224616775,22623979.062005624
24.58,0.0322518756,0.0721173863,False,False,1754236440000,11.446270672,2323605.862743233
25.29,0.0232570687,0.0520043867,False,False,1754232360000,9.0469235449,7872828.970757718
25.89,0.0176422908,0.0394493615,False,False,1754246340000,5.4529263431,17838100.403362617
22.76,0.0745684261,0.1667400697,False,False,1754313780000,4.6243091864,21194213.336693995
22.43,0.0868070458,0.1941064553,False,False,1754277060000,28.8006779365,49861765.84190968
19.74,0.2996090839,0.6699462782,False,False,1754309160000,11.6063919733,18114125.21351427
21.41,0.138852907,0.310484539,False,False,1754293740000,21.4552352132,61374834.76182984
23.93,0.0435065831,0.0972836774,False,False,1754314200000,9.005778407,22467375.79302969
23.7,0.0483676488,0.1081533507,False,False,1754278740000,23.3479009318,20056583.409023024
22.2,0.096506147,0.2157943048,False,False,1754269620000,12.3195228497,67489138.85588482
24.03,0.0415484643,0.0929051906,False,False,1754282940000,6.0289104787,55707814.85022634
27.7,0.0076657557,0.0171411509,False,True,1754347860000,4.454358236,45332522.34421146
22.44,0.0864082036,0.1932146172,False,False,1754266920000,19.4806767818,67931017.03506792
26.32,0.0144728805,0.0323623447,False,False,1754291880000,8.8907693229,18855654.58341257
24.71,0.0303777061,0.0679266159,False,False,1754267460000,8.5426894756,43581571.06911449
25.93,0.0173202827,0.0387293295,False,False,1754287560000,2.3234560686,10867917.573855113
24.89,0.0279611466,0.0625230245,False,False,1754275140000,13.6412379066,2294431.091658602
24.89,0.0279611466,0.0625230245,False,False,1754329020000,7.3965590186,20416373.990663327
24.86,0.0283501249,0.0633928065,False,False,1754313360000,9.9325147009,3294898.247876515
19.8,0.2914439045,0.6516883822,False,False,1754309160000,11.606390201,18114131.855659697
21.25,0.1494703242,0.3342258056,True,False,1753701120000,25.8815936707,42002265.20362089
19.02,0.4174024334,0.933340215,False,False,1753735800000,21.7172702856,9319365.0212106
24.11,0.0400456158,0.0895447192,False,False,1753689000000,6.7708954919,26616920.030070774
24.1,0.040230458,0.0899580388,False,False,1753678260000,13.7312759362,45568814.932477266
27.8,0.0073207399,0.016369672,False,False,1753708380000,5.4177537831,24525647.992038906
24.5,0.0334622374,0.0748238376,False,False,1753701120000,13.8988043617,4153921.111682399
26.3,0.0146067964,0.0326617897,False,False,1753716300000,8.5101953599,58067973.59116346
26.8,0.0116025908,0.0259441818,False,False,1753665120000,5.7377031203,74284556.26261222
26.97,0.0107288945,0.0239905375,False,False,1753686540000,17.8793243261,69628214.22008479
22.54,0.0825191939,0.1845185269,False,False,1753684620000,20.0013710441,27067037.86545623
24.9,0.0278326768,0.0622357573,False,False,1753737840000,17.5913790097,46747261.14299903
26.43,0.0137579896,0.0307638,False,True,1753718040000,16.9662723043,46463799.6880916
24.09,0.0404161533,0.0903732663,False,False,1753736880000,20.6978216582,69389300.79681487
18.99,0.4232090797,0.9463242708,False,False,1753735800000,21.7172617324,9319390.991400832
27.72,0.0075954757,0.0169839999,False,False,1753686660000,11.1013113721,47639058.47663642
23.53,0.0523064176,0.1169607054,False,False,1753731840000,20.9691254042,632687.120812814
23.31,0.0578835257,0.1294314984,False,False,1753716120000,6.0006005948,17783564.08098008
26.0,0.0167708462,0.0375007522,False,False,1753718400000,8.8121620527,2273418.589798189
26.14,0.0157237082,0.0351592805,False,False,1753746300000,2.7368201925,5139169.063233945
25.0,0.02658,0.0594346868,False,False,1753742640000,6.9954263042,8073445.952658897
25.2,0.0242412481,0.0542050786,False,False,1753673760000,6.192688826,7096728.236212408
28.14,0.006259721,0.0139971617,False,False,1753687380000,10.7093363318,767597.397137279
26.5,0.0133215567,0.0297879063,False,False,1753667940000,11.118588859,2823881.141258452
27.7,0.0076657557,0.0171411509,False,True,1753739880000,10.564165356,854408.158470846
22.24,0.0947447113,0.2118556149,False,False,1753822740000,16.1193787558,57375246.202974215
20.21,0.2412986969,0.5395602892,True,False,1753750740000,16.4536855752,72138945.86505918
21.13,0.1579628558,0.3532156834,True,False,1753765200000,11.329706099,25804223.796898425
23.0,0.0667659413,0.1492931834,False,False,1753792620000,11.8855159466,67848909.19693331
22.07,0.1024601475,0.2291078547,False,False,1753811520000,13.2098164802,60278267.08582753
25.08,0.0256185754,0.0572848762,False,False,1753790460000,13.31698175,6962894.959833434
24.14,0.0394961694,0.0883161196,False,False,1753762500000,13.9215808511,25417908.136606716
27.89,0.0070235225,0.0157050737,False,False,1753787760000,16.5812487159,131825.284009112
24.83,0.0287445144,0.0642746882,False,False,1753759440000,6.4059412014,11376155.797392564
24.98,0.0268259417,0.0599846292,False,False,1753754820000,5.9431331666,22379080.916107215
25.25,0.0236894499,0.0529712204,False,False,1753786020000,5.8685911365,16678466.51394781
25.46,0.021505769,0.0480883614,False,False,1753808520000,4.6305256197,25429211.7666237
19.26,0.3737274319,0.8356799428,True,False,1753834620000,20.5692420292,26869950.540579196
26.1,0.0160160338,0.0358129403,False,False,1753885620000,11.5406635844,46826539.57677916
26.89,0.011131533,0.0248908644,False,True,1753833960000,17.4908314446,71915987.3986999
25.85,0.0179702855,0.0401827799,False,False,1753886160000,7.0946646835,15822831.159269992
26.33,0.0144063837,0.0322136532,False,False,1753851900000,15.3842667879,60816349.54587764
27.65,0.0078443141,0.0175404196,False,True,1753864020000,14.951425917,41484756.25048167
26.25,0.0149470324,0.0334225806,False,False,1753843080000,5.4530128829,29397482.385389496
26.31,0.0145396843,0.0325117225,False,False,1753849680000,8.21871606,59156517.40589088
25.72,0.0190789723,0.0426618789,False,False,1753835340000,4.8064438944,29693459.572095808
25.44,0.0217047594,0.0485333175,False,False,1753843980000,3.0715376947,6172041.272303186
22.71,0.0763053479,0.1706239449,False,False,1753847760000,30.0167525156,9832963.171872493
25.03,0.0262153087,0.0586192124,False,False,1753892940000,7.5544670085,2076900.798972028
26.7,0.0121494041,0.0271668934,False,False,1753891440000,9.3124089696,3782867.411128303
26.75,0.0118728499,0.0265484994,False,False,1753906080000,12.4997237574,700011.921830809
24.42,0.0347180222,0.0776318577,False,False,1753897500000,5.6532136383,2228304.345182502
27.43,0.0086807046,0.0194106455,False,True,1753872900000,9.9145471488,567101.409993356
24.46,0.0340843469,0.0762149166,False,False,1753870440000,11.5180686827,2729044.304601515
25.81,0.018304378,0.0409298336,False,False,1753912680000,19.3547740041,647367.818026542
16.24,1.5016024791,3.3576852183,False,False,1755013320000,12.2248767107,25866034.225950986
19.83,0.2874451443,0.6427468824,False,False,1754984220000,26.906909844,13898634.959183829
22.9,0.0699125232,0.1563291544,False,False,1754964360000,14.1767380101,64072149.04404882
23.34,0.057089334,0.1276556316,False,False,1754994840000,7.5855234781,9532265.708614284
25.2,0.0242412481,0.0542050786,False,False,1754978160000,16.5191032199,58427099.97322075
25.04,0.0260948603,0.0583498816,False,False,1754983440000,19.8834027882,73469460.88351932
25.9,0.0175612318,0.0392681082,False,False,1755019800000,21.2047541419,72586446.99434175
27.2,0.0096506147,0.0215794305,False,False,1755000540000,8.4699249291,71724054.19915752
25.66,0.0196134944,0.0438571068,False,False,1754961420000,9.8499471045,20718699.318103727
24.8,0.0291443905,0.0651688382,False,False,1755035400000,5.4087062897,27366868.992489483
26.36,0.0142087207,0.0317716653,False,False,1754963700000,4.574582585,1334144.307665693
23.97,0.0427124985,0.0955080501,False,False,1755018120000,9.6461974218,10822931.51965423
25.11,0.0252670754,0.0564988982,False,False,1755012120000,7.6978825994,17757787.949105043
23.23,0.0600558028,0.1342888574,False,False,1755032040000,4.4769209055,26541267.83369966
22.93,0.0689532874,0.154184238,False,False,1755017580000,11.8977057483,29583510.328691896
24.7,0.0305179233,0.0682401509,False,False,1755019500000,6.4729262404,11103928.334693627
23.94,0.0433066885,0.0968366995,False,False,1755038760000,5.5147521783,29220051.652158555
25.1,0.0253837029,0.0567596853,False,False,1754816880000,17.5894332335,65281893.642218806
29.1,0.0040230458,0.0089958039,False,True,1754786460000,2.7834842942,19273529.649716068
28.8,0.0046190746,0.0103285648,False,False,1754817180000,17.8330624561,55362681.38917545
26.8,0.0116025908,0.0259441818,False,False,1754832240000,18.4371572716,54343944.96707847
27.27,0.0093444765,0.0208948847,False,False,1754810820000,22.1668853277,50662735.44212784
28.9,0.004411182,0.0098637028,False,False,1754851620000,3.8505462541,3415057.201832825
24.62,0.0316632126,0.0708010957,False,False,1754829480000,9.8422926416,15852386.791571856
25.91,0.0174805453,0.0390876876,False,False,1754822520000,6.9414121387,3435130.857380692
26.94,0.0108781483,0.0243242791,False,False,1754864520000,5.8084046611,1680858.494609937
23.61,0.0504144434,0.1127301225,False,False,1754801280000,7.2837088604,20100061.39701601
23.74,0.0474848397,0.1061793296,False,False,1754790120000,7.6269391939,27603090.761123635
20.58,0.2034955781,0.4550299458,True,False,1754900040000,8.9401300352,19238668.977748264
22.62,0.079534394,0.1778443116,False,False,1754920680000,7.8181835152,60491858.76579274
25.36,0.0225193047,0.050354696,False,False,1754915460000,24.2069706021,66992044.417040266
24.3,0.0366906138,0.0820427065,False,False,1754873340000,11.208486221,56222867.67561633
24.9,0.0278326768,0.0622357573,False,False,1754937660000,7.6533986418,73086307.46788304
26.28,0.0147419515,0.0329640056,False,False,1754922660000,11.0931666393,66826691.67728079
27.1,0.0101054342,0.0225964377,False,False,1754922000000,7.1744118335,58383632.26260144
23.18,0.0614546821,0.1374168468,False,False,1754918160000,26.3166913947,58655525.942532815
26.52,0.0131994239,0.0295148091,False,False,1754945040000,16.6855381787,40603649.37511171
26.15,0.0156514644,0.0349977383,False,False,1754878680000,14.9171305793,55135412.18539316
21.46,0.135692229,0.303417048,False,False,1754931900000,19.1366548272,52287306.06265413
27.6,0.0080270317,0.0179489885,False,False,1754920020000,7.3390450346,54742077.24344318
23.95,0.0431077124,0.0963917753,False,False,1754956140000,13.6069638576,8249199.529209484
24.25,0.0375452479,0.0839537266,False,False,1754945640000,10.7898808926,11556788.478553627
27.53,0.0082900085,0.0185370226,False,False,1754882160000,2.0196407369,1534738.027098087
24.0,0.0421264611,0.0941976306,False,False,1754945880000,8.4045558272,26743739.185918
25.67,0.0195233786,0.0436556017,False,False,1754872200000,6.1649183269,13501696.533660864
26.16,0.0155795524,0.0348369383,False,False,1754914860000,6.5351035874,5768259.357578988
27.0,0.0105816886,0.023661375,False,False,1754367360000,4.9842164029,41180247.39253075
27.01,0.0105330702,0.0235526609,False,False,1754352300000,10.632444218,32588197.59488189
26.19,0.0153657929,0.0343589575,False,True,1754412480000,9.8114267182,53168171.397303194
25.0,0.02658,0.0594346868,False,False,1754379240000,2.8933438512,16520116.136327509
24.55,0.0327005439,0.0731206391,False,False,1754397780000,15.4204903305,51999744.95291828
20.58,0.2034955781,0.4550299458,False,False,1754401680000,10.5561761702,29018330.263982095
24.08,0.0406027058,0.0907904103,False,False,1754369820000,21.6333988369,4369327.862604323
24.15,0.039314701,0.0879103439,False,False,1754371260000,12.0638583971,9663353.160968767
32.0,0.0010581689,0.0023661375,False,True,1754412420000,2.5892759103,7527579.780794597
25.45,0.0216050351,0.0483103272,False,False,1754434740000,0.2985186942,15637789.410005994
26.55,0.013018321,0.0291098508,False,False,1754428080000,2.4314593719,9500540.39856466
20.2,0.2424124811,0.5420507863,False,False,1754470980000,14.225467097,52107920.27973952
24.37,0.0355267088,0.079440136,False,False,1754440260000,9.5804983568,15617596.091121914
26.1,0.0160160338,0.0358129403,False,True,1754463660000,4.9031318064,30610259.511901826
25.34,0.0227276732,0.0508206223,False,False,1754452500000,4.0650708485,11696261.953666488
24.26,0.0373727432,0.0835679943,False,False,1754462820000,5.0227388015,39263841.56136399
28.06,0.0064946384,0.014522453,False,False,1754517240000,5.4023651404,33811372.655986644
27.09,0.0101520787,0.0227007381,False,False,1754467740000,6.8565748293,5664119.612818444
28.263,0.0059150031,0.013226349,False,False,1754477700000,4.9255888871,24686432.880516227
20.35,0.2262324906,0.5058712276,False,False,1754703060000,14.6937049228,22963742.468156274
27.12,0.010012787,0.0223892723,False,False,1754750520000,7.5211623946,72272832.86203328
27.9,0.0069912523,0.0156329154,False,False,1754744340000,23.288803639,74456831.41940916
23.68,0.0488151892,0.1091540813,False,False,1754779620000,7.2454270001,38469808.72461901
26.86,0.011286388,0.0252371308,False,False,1754723880000,3.969266242,7657459.110670536
25.16,0.0246919266,0.0552128263,False,False,1754746860000,12.2585135759,1583236.624326784
26.85,0.0113384836,0.0253536201,False,True,1754715360000,8.6720920834,325734.880851184
27.7,0.0076657557,0.0171411509,False,False,1754772720000,3.6763147906,1988111.531008776
23.45,0.0542693946,0.1213500554,False,False,1754716200000,17.3687089007,19965469.016165297
22.13,0.099667824,0.2228640296,False,False,1754705400000,14.6758148931,21404633.018222664
23.87,0.0447254765,0.1000092059,False,False,1754711340000,6.2454220791,16546163.833215954
26.92,0.0109788026,0.0245493489,False,False,1754748360000,8.9027506642,1418259.435060156
24.53,0.0330031183,0.0737972161,False,False,1754745780000,8.5872352863,10973592.297480367
26.02,0.0166170902,0.0371569432,False,False,1754751840000,5.3449423849,17868013.36513676
21.01,0.1669379118,0.3732845187,False,False,1754562780000,11.7016302384,11467560.784112765
26.4,0.0139493823,0.0311917671,False,True,1754573700000,25.7197750784,47582017.31743818
24.1,0.040230458,0.0899580388,False,False,1754572500000,16.3492858231,39386105.56678821
23.94,0.0433066885,0.0968366995,False,False,1754544720000,13.5349202312,34955274.51923673
25.33,0.0228325794,0.0510551996,False,False,1754553120000,6.0127100354,12500471.484713957
24.77,0.0295498293,0.0660754271,False,False,1754588160000,5.9895220824,1486204.663324402
24.43,0.0345585074,0.0772751717,False,False,1754572260000,16.6871968214,1618471.814562133
23.34,0.057089334,0.1276556316,False,False,1754556060000,11.0895001471,25972941.11243249
24.83,0.0287445144,0.0642746882,False,False,1754579820000,9.4260239534,3241093.070123817
25.48,0.0213086029,0.0476474846,False,False,1754587440000,12.1593934199,6976960.615324231
25.25,0.0236894499,0.0529712204,False,False,1754526660000,11.8612682402,8258876.08791299
25.54,0.0207278843,0.0463489584,False,False,1754546580000,5.2429069628,18720763.006821852
20.72,0.1907897226,0.4266187892,False,False,1754683500000,10.8550718088,12707307.908301665
23.35,0.0568270323,0.1270691073,False,False,1754693400000,17.4225834835,11941327.858616317
23.2,0.0608912622,0.1361570015,False,False,1754615520000,12.1326203556,49872550.935789675
23.8,0.046190746,0.1032856481,False,False,1754639820000,12.5613895238,15112767.57703644
23.91,0.0439091446,0.0981838322,False,False,1754650920000,9.1378678263,19856001.552701723
24.7,0.0305179233,0.0682401509,False,False,1754665140000,13.3732129572,54177330.20472789
25.3,0.0231502122,0.0517654482,False,False,1754655360000,7.424841719,41801961.77885523
23.79,0.0464039528,0.1037623929,False,False,1754687100000,10.553565843,6899779.663359795
23.06,0.0649463841,0.1452245297,False,False,1754657820000,17.2589704442,43700206.50340293
25.31,0.0230438467,0.0515276076,False,False,1754639820000,6.3664818208,56467617.62986472
26.45,0.0136318556,0.0304817558,False,False,1754641740000,15.659554681,70009915.98286995
24.59,0.0321036917,0.0717860371,False,False,1754686980000,8.3013765687,22341912.248201046
24.62,0.0316632126,0.0708010957,False,False,1754665200000,17.8481642637,17627349.601908486
22.81,0.0728710415,0.1629446024,False,False,1754643960000,14.1686931008,5146292.210693356
23.47,0.0537718498,0.1202375114,False,False,1754615220000,13.0795212085,17096478.043428324
25.59,0.0202560601,0.0452939273,False,False,1754696760000,4.1995032958,8479342.193918953
24.06,0.040978398,0.0916304836,False,False,1754686740000,5.2467331686,15704639.23778674
26.44,0.0136947774,0.0306224531,False,False,1754665500000,5.9305268633,2387603.711850937
23.89,0.0443154309,0.099092316,False,False,1754696640000,5.9709174868,12963584.797307588
24.56,0.0325502986,0.0727846803,False,False,1754660580000,5.4354287708,24116050.14596293
23.2,0.0608912622,0.1361570015,False,False,1755096960000,22.5047298043,57739892.71651494
27.9,0.0069912523,0.0156329154,False,False,1755069780000,10.5142813771,54257284.117770426
22.2,0.096506147,0.2157943048,False,False,1755062820000,12.1643542366,23364891.385569535
22.72,0.0759547566,0.1698399991,False,False,1755076620000,11.0668024215,35290226.33429563
24.49,0.0336166921,0.0751692087,False,False,1755072840000,12.9106259466,62743032.45151767
27.29,0.0092588058,0.0207033192,False,False,1755088320000,5.6296755348,35165166.688756205
23.6,0.0506471459,0.1132504611,False,False,1755115020000,12.4634554436,44342243.13205586
26.28,0.0147419515,0.0329640056,False,False,1755049800000,3.432957525,11289924.75772482
25.58,0.0203495578,0.0455029946,False,False,1755058260000,6.4377473538,3523271.379220902
27.61,0.0079901508,0.0178665204,False,False,1755098400000,7.185279874,3997675.30681683
23.26,0.0592318063,0.1324463452,False,False,1755129300000,9.4225994747,11486875.080872511
26.52,0.0131994239,0.0295148091,False,False,1755121080000,6.8978571862,4574272.680965028
31.39,0.001401377,0.0031335742,False,False,1755114240000,9.9586233159,29273.131684156
26.25,0.0149470324,0.0334225806,False,False,1755123060000,12.221207707,868532.905120293
23.03,0.0658498783,0.1472448042,False,False,1755056580000,12.010225589,9201786.795069447
24.96,0.0270741591,0.0605396602,False,False,1755053940000,12.0599533814,5332296.188416982
23.6,0.0506471459,0.1132504611,False,False,1755372600000,21.4005988463,68517251.89295597
23.7,0.0483676488,0.1081533507,False,False,1755329880000,10.0016018779,54622112.12344703
26.25,0.0149470324,0.0334225806,False,False,1755317700000,8.4311211439,57601130.44463584
25.1,0.0253837029,0.0567596853,False,False,1755343560000,26.1513494737,66546130.14716373
28.0,0.0066765941,0.0149293183,False,False,1755322380000,8.0990675124,71502200.45322903
23.0,0.0667659413,0.1492931834,False,False,1755381000000,8.427975854,7595579.522522671
22.57,0.0813869881,0.1819868378,False,False,1755341880000,17.1155092793,12334090.4091961
27.09,0.0101520787,0.0227007381,False,False,1755388080000,7.9184001803,980322.62119924
23.37,0.056306039,0.1259041307,False,False,1755322140000,10.6059845238,9732212.05822404
26.38,0.0140784543,0.0314803809,False,False,1755332820000,11.132774675,1028001.033145875
26.5,0.0133215567,0.0297879063,False,False,1755319740000,7.4318458142,2269318.531055525
28.28,0.0058688766,0.013123207,False,True,1755347400000,7.0679307177,1197258.845784257
27.33,0.0090898136,0.0203254411,False,False,1755363840000,9.8100322075,1725160.632228542
23.12,0.0631764148,0.1412667581,False,False,1755312420000,14.4513203182,25262562.53692387
26.06,0.0163137941,0.0364787526,False,False,1755354900000,15.4948789798,944851.230886948
24.91,0.0277047973,0.06194981,False,False,1755382320000,7.951393673,9675557.654399108
25.08,0.0256185754,0.0572848762,False,False,1755344280000,7.9297178915,13547337.676934479
28.68,0.0048815189,0.0109154081,False,False,1755312480000,4.1792964651,29179377.098329794
23.0,0.0667659413,0.1492931834,False,False,1755400020000,4.9934395988,46117437.02622228
25.4,0.022108281,0.0494356193,False,False,1755466800000,6.6183230192,51537178.24102205
28.5,0.0053034072,0.0118587791,False,True,1755427680000,6.1008140543,51442328.853103824
24.27,0.037201031,0.0831840342,False,False,1755424920000,16.4541987444,68979945.25440893
21.56,0.1295850727,0.2897610314,True,False,1755394680000,31.7513304298,64341243.16440082
22.31,0.0917392059,0.2051351006,False,False,1755396300000,33.4984646231,74783382.47631949
25.41,0.0220067027,0.0492084832,False,False,1755431940000,9.059262098,25172532.175111525
23.89,0.0443154309,0.099092316,False,False,1755421020000,6.4542867845,33723043.83530747
26.88,0.0111829138,0.0250057554,False,True,1755466740000,16.4390583702,44605805.12317525
28.49,0.0053278866,0.0119135167,False,False,1755436440000,4.6208833127,31904044.528289996
26.44,0.0136947774,0.0306224531,False,False,1755466080000,4.2470421899,29185040.963446718
24.15,0.039314701,0.0879103439,False,False,1755421380000,13.501505765,1052124.243195494
25.66,0.0196134944,0.0438571068,False,False,1755409080000,12.1873491577,2688417.951206467
25.3,0.0231502122,0.0517654482,False,False,1755419340000,7.1847327139,5404399.324920221
26.46,0.0135692229,0.0303417048,False,False,1755389580000,6.5619823742,5238322.366912288
25.39,0.0222103282,0.0496638037,False,False,1755389220000,8.8346489136,3242897.983385154
23.96,0.0429096504,0.0959488953,False,False,1755213120000,7.5224273479,24127366.506758653
24.6,0.0319561887,0.0714562102,False,False,1755183540000,15.0850550255,52236628.497649945
23.51,0.0527904029,0.1180429295,False,False,1755158580000,28.8598295631,41462263.103702925
26.89,0.011131533,0.0248908644,False,False,1755144180000,12.3363153357,48610115.81359636
25.65,0.0197040262,0.044059542,False,False,1755167820000,1.5195289768,17970074.761649184
25.75,0.0188171989,0.042076536,False,False,1755205380000,8.0160908662,68043013.3757249
24.86,0.0283501249,0.0633928065,False,False,1755215580000,18.6351691208,36378345.021796085
23.54,0.0520660914,0.1164233197,False,False,1755176040000,15.9240516905,55979379.48964267
24.12,0.0398616229,0.0891332986,False,False,1755140880000,7.2753836304,9272680.597351393
26.68,0.0122618211,0.0274182656,False,False,1755214980000,5.7633493136,3364652.099429274
24.82,0.0288771931,0.0645713667,False,False,1755208800000,7.8773135476,4222312.186478606
27.13,0.0099667824,0.022286403,False,False,1755137400000,13.5882528526,2306562.282132642
27.47,0.0085222639,0.0190563613,False,False,1755210120000,9.1901001508,2388819.418941492
25.6,0.0201629919,0.0450858206,False,False,1755200400000,10.245542021,3720011.622079753
25.25,0.0236894499,0.0529712204,False,False,1755188100000,8.6383883752,2329494.618338126
25.39,0.0222103282,0.0496638037,False,False,1755213180000,7.3546243343,13922961.382980056
24.68,0.0308003021,0.0688715693,False,False,1755137160000,4.4823480952,9019748.537201224
25.67,0.0195233786,0.0436556017,False,False,1755198000000,3.650292982,11083437.36092761
27.738,0.0075327747,0.0168437962,False,False,1755189420000,5.4831186237,27276841.50295624
20.25,0.2368944994,0.5297122041,False,False,1755261960000,13.3432145456,41827809.83738616
24.6,0.0319561887,0.0714562102,False,False,1755232260000,8.5728189058,44725705.37753497
23.15,0.0623096019,0.1393285055,False,False,1755218580000,13.0842497943,65922037.139746465
24.3,0.0366906138,0.0820427065,False,False,1755302340000,27.7190544842,70736474.60024437
26.0,0.0167708462,0.0375007522,False,False,1755252000000,11.7066620261,52932705.00815381
25.78,0.0185590173,0.0414992243,False,False,1755231600000,9.2685293176,1657200.548895805
23.2,0.0608912622,0.1361570015,False,False,1755298200000,12.080467287,51295433.54342431
20.61,0.2007035141,0.4487867009,False,False,1755216480000,8.7634102544,27646933.82775857
30.13,0.0025035425,0.0055980913,False,False,1755216780000,13.0582654631,22361.336095481
26.55,0.013018321,0.0291098508,False,False,1755243300000,12.5293264088,1822235.438060892
27.71,0.0076305348,0.0170623945,False,False,1755268440000,8.5076888879,276873.837903051
25.71,0.0191670368,0.0428587972,False,False,1755263220000,13.5803387452,3547295.600359942
25.44,0.0217047594,0.0485333175,False,False,1755270960000,7.0521735673,9537429.886925831
26.88,0.0111829138,0.0250057554,False,False,1755221340000,7.7744951893,24127747.11365951
23.6,0.0506471459,0.1132504611,False,False,1755516900000,6.8929333099,29836616.44596381
20.29,0.2325706875,0.5200438667,False,False,1755485460000,23.5482068449,55610660.80240226
25.0,0.02658,0.0594346868,False,False,1755526260000,14.7972671212,45338329.46424869
23.17,0.061738344,0.1380511341,False,False,1755483360000,10.2910367517,66897861.65219054
29.46,0.0034084347,0.0076214917,False,False,1755555540000,17.2625307448,47440654.92985997
24.78,0.0294140602,0.0657718381,False,False,1755494460000,5.6649425858,19032342.77265598
26.35,0.0142743051,0.0319183166,False,False,1755544380000,7.5999134819,5578948.608697734
27.71,0.0076305348,0.0170623945,False,False,1755555000000,6.7978735707,295334.589055726
25.27,0.0234722638,0.0524855773,False,False,1755530220000,17.3082789107,2154734.147247534
26.11,0.0159424468,0.0356483948,False,True,1755517500000,25.2203163463,1739922.905160781
25.19,0.0243531406,0.0544552779,False,False,1755558480000,12.2969335594,6263521.985465182
28.52,0.0052547853,0.0117500571,False,False,1755528540000,7.6669514982,1993653.309303991
28.58,0.0051115778,0.0114298355,False,False,1755484860000,6.0433375634,793022.991283331
20.39,0.2221032822,0.4966380371,False,False,1755585540000,15.295618335,19402510.46486521
20.95,0.1716148941,0.3837425691,True,False,1755609720000,17.352112705,9641144.130464735
29.56,0.0032550299,0.007278468,False,True,1755644460000,12.0289343675,9473742.782513691
26.21,0.0152249185,0.0340439527,False,False,1755625260000,15.464695662,64632733.22283563
20.0,0.2658,0.5943468684,True,False,1755646080000,22.5773607313,8578531.251488226
23.61,0.0504144434,0.1127301225,False,False,1755605340000,13.2711893257,15563247.424307507
27.59,0.0080640828,0.0180318372,False,False,1755608400000,4.1998156622,1952117.385899556
23.2,0.0608912622,0.1361570015,False,False,1755564600000,11.4106257235,29457255.755206056
25.57,0.0204434871,0.0457130269,False,True,1755615480000,10.0469501616,1637498.105502556
20.26,0.235806068,0.5272783976,True,False,1755685500000,9.8322281887,3011710.616910327
23.8,0.046190746,0.1032856481,False,False,1755670620000,20.2237523069,70174275.49749114
27.89,0.0070235225,0.0157050737,False,False,1755706800000,11.4477615711,52713368.93453825
24.62,0.0316632126,0.0708010957,False,False,1755692400000,13.2770329233,24192734.20860216
25.46,0.021505769,0.0480883614,False,False,1755733920000,16.6409272015,44982120.55481192
26.92,0.0109788026,0.0245493489,False,False,1755719280000,12.9897522346,40773612.556666926
26.32,0.0144728805,0.0323623447,False,False,1755730260000,8.2364236772,64059137.0512358
24.93,0.0274507982,0.0613818507,False,False,1755680340000,14.0396854025,61138255.76844192
23.83,0.0455569852,0.1018685158,False,False,1755691980000,6.0337344713,50083073.63041162
23.83,0.0455569852,0.1018685158,False,False,1755683220000,10.7719240793,2891560.32467069
23.85,0.0451393163,0.1009345797,False,False,1755678720000,13.2469171124,10807718.657937553
23.48,0.0535247906,0.1196850702,False,False,1755681180000,6.7500611334,11463739.171885531
27.21,0.0096062741,0.021480282,False,False,1755703020000,11.4270066127,1491627.077479144
25.7,0.0192555078,0.0430566244,False,False,1755660180000,4.8676973069,3724135.616481617
24.81,0.0290104841,0.0648694146,False,False,1755670500000,12.6980510599,13273570.508078145
26.34,0.0143401923,0.0320656449,False,False,1755697380000,18.4707129364,2537097.192457251
24.5,0.0334622374,0.0748238376,False,True,1755670500000,6.0527972412,1060455.258817072
27.23,0.0095182033,0.0212833496,False,False,1755727260000,6.9234807224,3557147.457847514
23.77,0.0468333233,0.1047224945,False,False,1755715500000,18.5085005391,9260826.626690248
25.64,0.0197949759,0.0442629117,False,False,1755707280000,7.6116707494,5261947.341255872
25.21,0.0241298697,0.0539560289,False,False,1755719520000,4.282627035,5476168.035385075
23.47,0.0537718498,0.1202375114,False,False,1755970620000,5.4655076444,44771108.24132125
23.84,0.0453476699,0.1014004725,False,False,1755948480000,23.8545607934,65296633.83450544
23.15,0.0623096019,0.1393285055,False,False,1755956160000,15.1656878977,60638288.55682039
27.47,0.0085222639,0.0190563613,False,False,1755937440000,31.4351773293,69150671.66933711
27.26,0.0093876087,0.0209913311,False,False,1755909480000,8.061975581,18099576.940335065
24.1,0.040230458,0.0899580388,False,False,1755942120000,8.8657718805,33731435.40814682
23.41,0.0552783379,0.1236061213,False,False,1755922860000,2.0985872929,28511157.34183671
25.98,0.0169260249,0.0378477424,False,False,1755985440000,3.3724537756,6727023.190375936
23.12,0.0631764148,0.1412667581,False,False,1755930960000,9.7336041323,9025675.948885724
25.2,0.0242412481,0.0542050786,False,False,1755912420000,5.6623420736,17428817.894636814
27.3,0.0092162655,0.0206081961,False,False,1755988200000,10.7008513252,1614052.289568084
27.74,0.0075258399,0.0168282897,False,True,1755969360000,8.0440577501,979909.401962726
25.62,0.0199781365,0.0446724713,False,False,1755938460000,4.7698520825,16283045.265143024
21.84,0.1139081967,0.2547064711,False,False,1755957240000,17.7057267979,25824477.433643688
25.63,0.0198863453,0.04446722,False,False,1755988380000,6.3280422067,9118405.01139351
23.81,0.0459785188,0.1028110936,False,False,1755983340000,7.5317278361,12865568.781516345
24.11,0.0400456158,0.0895447192,False,False,1756077000000,7.3011064213,49365820.82333948
24.7,0.0305179233,0.0682401509,False,False,1756069320000,17.294390693,66310921.75450096
25.7,0.0192555078,0.0430566244,False,False,1756075140000,8.7497592805,33800914.85232665
27.25,0.0094309399,0.0210882227,False,False,1756076160000,3.5798541817,17583751.2474693
25.37,0.0224158379,0.0501233372,False,False,1756060500000,17.0601978331,4136744.957439414
27.2,0.0096506147,0.0215794305,False,False,1756060260000,11.9913238153,56835542.38624926
26.72,0.0120380177,0.0269178258,False,True,1756058880000,6.9428257792,41155959.3106686
21.85,0.1133848361,0.2535362011,True,False,1756058100000,13.9396974019,36661352.94084104
25.93,0.0173202827,0.0387293295,False,False,1756073880000,16.5728543296,54216716.36186106
25.65,0.0197040262,0.044059542,False,False,1756046520000,3.9869496646,18949375.973471425
24.69,0.0306587876,0.0685551332,False,False,1756048020000,6.7949539683,10402591.753643544
25.13,0.0250354255,0.0559809132,False,False,1756020720000,12.817445018,8595272.958556945
24.87,0.0282198679,0.063101543,False,False,1756049100000,5.3459525307,22190837.862183936
25.6,0.0201629919,0.0450858206,False,False,1756069500000,9.0240530214,3711359.389911711
23.95,0.0431077124,0.0963917753,False,False,1756015380000,9.1438057434,13697829.095011989
27.79,0.0073545309,0.016445231,False,False,1756076340000,10.5534718378,1172535.912833595
26.78,0.0117099483,0.0261842403,False,False,1756069140000,8.1716657723,1289300.730476197
22.59,0.0806408277,0.1803183724,False,False,1756026360000,7.5961133626,9778823.388563965
22.65,0.0784431412,0.1754041962,False,False,1755739560000,8.1899448,9872362.91249226
25.71,0.0191670368,0.0428587972,False,False,1755803040000,6.5967354661,19552694.4294003
25.2,0.0242412481,0.0542050786,False,False,1755811140000,6.9462783608,5907178.617462861
25.79,0.0184737464,0.0413085527,False,False,1755781260000,16.2281165283,66972704.46424581
26.33,0.0144063837,0.0322136532,False,True,1755761640000,14.6551262468,29809670.7729009
28.81,0.0045978519,0.0102811094,False,True,1755813840000,12.0252064746,55196129.71224665
20.8,0.1838886721,0.411187571,True,False,1755782880000,8.2520492893,8272925.287638087
24.33,0.0361871997,0.0809170384,False,False,1755810660000,6.4824228842,18470519.14559665
24.3,0.0366906138,0.0820427065,False,False,1755761460000,6.9894136249,3357735.800944712
23.73,0.0477040198,0.1066694311,False,False,1755737400000,0.18502084,29849458.256239925
25.25,0.0236894499,0.0529712204,False,False,1755798240000,16.5701613758,3804512.771817964
25.49,0.0212106988,0.0474285643,False,False,1755752940000,4.8553395299,9298248.77322734
28.77,0.0046833323,0.0104722495,False,False,1755777600000,9.249256469,204097.181869498
25.64,0.0197949759,0.0442629117,False,False,1755786000000,18.3775498683,4199269.566723358
28.51,0.0052790403,0.0118042929,False,False,1755793680000,8.9703722681,415584.333959339
24.77,0.0295498293,0.0660754271,False,False,1755814800000,16.6495045333,9027445.497210594
24.26,0.0373727432,0.0835679943,False,False,1755800040000,5.5707058939,19323757.254246864
23.9,0.04411182,0.0986370281,False,False,1755878640000,11.2887655476,63003091.99746548
24.8,0.0291443905,0.0651688382,False,False,1755850020000,9.1298549515,51257956.19527319
27.4,0.0088014652,0.0196806745,False,False,1755863700000,16.3129860678,69052933.50166981
27.6,0.0080270317,0.0179489885,False,False,1755900180000,17.2126686452,71555636.97695068
22.12,0.1001278698,0.2238927232,False,False,1755853020000,10.2045358708,13786331.838174827
22.95,0.0683211199,0.1527706684,False,False,1755877560000,15.3525992638,35087685.38914817
24.0,0.0421264611,0.0941976306,False,False,1755849720000,6.162273931,26943914.39034928
25.91,0.0174805453,0.0390876876,False,False,1755861660000,8.3471141436,928694.436530143
25.01,0.026457876,0.0591616093,False,False,1755874440000,7.5275096192,28670693.267616972
21.78,0.1170994827,0.2618424035,True,False,1755856500000,15.221336847,18368315.64606752
22.7,0.0766575574,0.1714115092,False,False,1755863460000,21.0652977328,13177340.062543647
20.5,0.2111324448,0.4721064988,False,False,1755842760000,25.5049066035,25455764.281524464
26.91,0.0110294785,0.0246626636,False,False,1755845340000,7.7571678475,2875063.509315162
28.27,0.0058959661,0.013183781,False,False,1755825960000,13.7041409836,768822.035220673
27.79,0.0073545309,0.016445231,False,False,1755871320000,6.3779080334,512659.050032967
25.21,0.0241298697,0.0539560289,False,False,1755837300000,16.7330384011,1592496.986796163
24.96,0.0270741591,0.0605396602,False,False,1755893580000,7.238978775,6552028.613578581
24.65,0.031228777,0.0698296682,False,False,1755898740000,9.8330114762,13662334.20287432
24.17,0.0389542616,0.087104377,False,False,1755850200000,17.5308655702,13136508.969503716
24.53,0.0330031183,0.0737972161,False,False,1755847680000,6.0452713046,21909878.2670946
22.75,0.0749126183,0.1675097069,False,False,1755850740000,8.010897424,27961499.881233424
18.5,0.5303407233,1.1858779086,False,False,1756266000000,36.7673594914,58114179.40655717
20.59,0.2025606009,0.4529392731,True,False,1756269060000,14.9254248006,9462534.86521393
24.73,0.0300992017,0.067303861,False,False,1756318560000,14.4819364112,74240524.71762088
26.45,0.0136318556,0.0304817558,False,False,1756316580000,10.1174920807,39610419.40480951
24.56,0.0325502986,0.0727846803,False,False,1756256580000,19.5401649499,66088328.96517508
23.88,0.0445199816,0.0995497053,False,False,1756297620000,18.50443985,3725084.440972092
26.12,0.0158691979,0.0354846053,False,False,1756256760000,9.428063251,1618119.930452319
23.27,0.0589596608,0.1318378096,False,False,1756336200000,10.1214894851,25155686.018809967
24.26,0.0373727432,0.0835679943,False,False,1756284960000,13.2736854616,11434508.286639864
25.86,0.0178877195,0.0399981568,False,False,1756311660000,6.8863350125,1405182.96556516
28.16,0.0062023315,0.0138688349,False,False,1756266300000,6.2798007985,1974074.373912214
26.28,0.0147419515,0.0329640056,False,False,1756287360000,10.9972548513,1336661.740622053
30.12,0.0025150984,0.0056239309,False,True,1756305600000,12.3028753994,100065.701087473
18.71,0.4814541966,1.0765643117,False,False,1756340040000,4.3399783983,19921804.255231615
28.0,0.0066765941,0.0149293183,False,True,1756340880000,16.4984534139,29566974.15413677
26.1,0.0160160338,0.0358129403,False,False,1756346940000,27.8457854109,73813757.17992991
27.7,0.0076657557,0.0171411509,False,False,1756416840000,8.8042214121,53535138.308445685
25.05,0.0259749653,0.0580817882,False,False,1756370400000,7.3498389797,28259349.763995968
24.04,0.0413575665,0.0924783301,False,False,1756350960000,18.0356968805,65814833.78020618
25.79,0.0184737464,0.0413085527,False,False,1756360800000,21.4743011952,34060817.170913085
24.16,0.0391340663,0.0875064325,False,False,1756422540000,8.006912018,8164341.319275157
23.48,0.0535247906,0.1196850702,False,False,1756414800000,6.071315412,20736557.144960944
26.78,0.0117099483,0.0261842403,False,False,1756355040000,18.3208017766,2147188.984196853
25.51,0.0210162379,0.0469937366,False,False,1756401000000,20.3284245129,2113854.300261771
22.82,0.0725362295,0.1621959399,False,False,1756362900000,8.6411957239,17653056.73924588
21.95,0.1082816778,0.2421251924,False,False,1756359540000,5.374272221,4458444.929420319
25.94,0.0172407032,0.0385513844,False,False,1756395840000,6.7386919998,7157303.061657707
21.32,0.1447288051,0.3236234466,False,False,1756120560000,5.9096126641,17000584.14822197
24.02,0.0417402433,0.0933340215,False,False,1756090620000,5.3389061215,59279125.30689866
23.5,0.0530340723,0.1185877909,False,False,1756109760000,7.0084690912,74387489.02183805
27.6,0.0080270317,0.0179489885,False,False,1756148700000,12.1349538636,34198606.50312506
26.7,0.0121494041,0.0271668934,False,False,1756135680000,9.0327488238,73568775.04978728
24.32,0.0363542322,0.0812905344,False,False,1756080480000,4.2636849414,19633036.892990597
23.08,0.0643509521,0.1438931032,False,False,1756163760000,12.2479865796,43448948.57805615
26.16,0.0155795524,0.0348369383,False,False,1756099860000,10.1522890032,49805722.27610753
25.68,0.0194336768,0.0434550225,False,False,1756165680000,13.4300506758,35664936.416229546
25.59,0.0202560601,0.0452939273,False,True,1756144380000,8.1866643126,55622753.695821576
27.89,0.0070235225,0.0157050737,False,False,1756124820000,8.6485658618,23976505.10322906
24.51,0.0333084924,0.0744800533,False,False,1756125840000,11.8786179267,38732884.702178344
20.58,0.2034955781,0.4550299458,False,False,1756127220000,12.6537162104,15527812.999628892
23.9,0.04411182,0.0986370281,False,False,1756155120000,11.640862992,24435135.895165585
22.16,0.0983003302,0.2198062205,False,False,1756116840000,10.2483177649,27635179.474319056
24.1,0.040230458,0.0899580388,False,False,1756150980000,15.8225873285,17606636.146190207
22.43,0.0868070458,0.1941064553,False,False,1756147800000,16.6001633482,24422695.36621596
27.58,0.0081013049,0.0181150684,False,False,1756165260000,6.2041581809,3786175.274350382
23.76,0.0470494961,0.1052058716,False,False,1756113960000,9.8670946794,14325486.466159236
25.93,0.0173202827,0.0387293295,False,False,1756151580000,9.2213905514,4031112.629850519
24.78,0.0294140602,0.0657718381,False,False,1756115580000,7.5081021665,12878107.910422089
24.81,0.0290104841,0.0648694146,False,False,1756080540000,23.5694897537,8710290.488037733
23.28,0.0586887658,0.1312320699,False,False,1756132500000,6.9134419365,21862629.00655763
25.34,0.0227276732,0.0508206223,False,False,1756155360000,3.9500471361,1946088.382301538
26.57,0.0128989683,0.02884297,False,False,1756092960000,5.3050028673,3359531.977690441
23.91,0.0439091446,0.0981838322,False,False,1756141620000,14.7924012094,11940834.11084638
23.94,0.0433066885,0.0968366995,False,False,1756087380000,5.8878648426,17037286.72900436
24.21,0.0382432662,0.0855145429,False,False,1756080060000,8.1484705038,17635079.638006914
22.84,0.0718712133,0.1607089186,False,False,1756217940000,20.1332531239,19069658.95902175
21.46,0.135692229,0.303417048,False,False,1756246620000,8.8970974954,18989921.424338374
25.2,0.0242412481,0.0542050786,False,False,1756215360000,6.551734907,27889391.239528567
26.0,0.0167708462,0.0375007522,False,False,1756166460000,7.2199878003,53736648.06051545
24.5,0.0334622374,0.0748238376,False,False,1756194000000,15.6834260868,37790651.80801107
23.79,0.0464039528,0.1037623929,False,False,1756208940000,8.7289447975,69812435.58958949
25.1,0.0253837029,0.0567596853,False,False,1756245300000,14.2226130173,11571165.148016153
23.59,0.0508809225,0.1137732014,False,False,1756235580000,15.2002888052,21501086.55906069
24.39,0.035200998,0.0787118244,False,False,1756176540000,7.0860794731,10220185.185819382
25.17,0.0245784775,0.0549591464,False,False,1756202460000,6.2467755576,14084191.51959786
25.69,0.0193443872,0.0432553648,False,False,1756228020000,4.7636827582,4480523.570420861
24.93,0.0274507982,0.0613818507,False,False,1756222980000,12.6928985827,4483379.857512558
26.06,0.0163137941,0.0364787526,False,False,1756195380000,7.0358692747,7311112.829767983
24.29,0.0368599699,0.0824213984,False,False,1756222020000,14.9900514943,8850165.678310907
25.41,0.0220067027,0.0492084832,False,False,1756175520000,8.6054242583,6121580.44469306
23.38,0.0560473362,0.1253256538,False,False,1756207020000,17.1718037297,3101994.86126785
25.42,0.0219055911,0.0489823908,False,False,1756174440000,10.8438548609,2666556.032640194
25.18,0.0244655496,0.0547066321,False,False,1756238100000,8.8045493388,7711897.611005879
24.96,0.0270741591,0.0605396602,False,False,1756211400000,5.4180230319,21227109.56423189
25.83,0.0181365625,0.0405545866,False,False,1756217580000,8.2236651844,25470373.246559527
20.14,0.2492039814,0.5572370428,False,False,1756870560000,11.5760295662,26775482.17843585
25.64,0.0197949759,0.0442629117,False,False,1756936560000,2.9301219934,28415413.253937367
25.67,0.0195233786,0.0436556017,False,False,1756873860000,5.0582839341,33246558.612385385
22.61,0.0799015081,0.1786652037,False,False,1756858680000,7.0416407131,73872641.04081145
25.74,0.0189040552,0.0422707525,False,False,1756897020000,27.924399849,73678536.00931202
23.85,0.0451393163,0.1009345797,False,True,1756893060000,21.8618600554,72651114.69783196
26.61,0.0126635356,0.0283165265,False,False,1756912800000,8.0004946272,36237930.68079943
24.71,0.0303777061,0.0679266159,False,False,1756918020000,8.3060553855,11480280.163492072
26.02,0.0166170902,0.0371569432,False,False,1756922040000,6.9386690379,6259982.320343538
27.44,0.0086408204,0.0193214617,False,False,1756897800000,6.2044511723,804814.863868637
24.0,0.0421264611,0.0941976306,False,False,1756921800000,10.0374382766,4191007.306282832
26.07,0.016238839,0.0363111479,False,False,1756911480000,12.7887878608,218298.687186042
24.59,0.0321036917,0.0717860371,False,False,1756910280000,4.9010386504,16609053.027468877
25.54,0.0207278843,0.0463489584,False,False,1756917240000,5.874512124,7160190.73438253
24.71,0.0303777061,0.0679266159,False,False,1756923960000,12.5554505415,103292.586982521
26.3,0.0146067964,0.0326617897,False,True,1756865520000,11.8623566175,2484659.548673371
24.31,0.0365220357,0.0816657545,False,False,1756942320000,14.8913833,12365000.964366343
27.77,0.0074225815,0.0165973969,False,False,1756938060000,7.2789881992,672188.303748231
25.75,0.0188171989,0.042076536,False,False,1756868040000,11.449506741,3667498.685687902
31.008,0.0016709174,0.0037362848,False,False,1756902900000,1.5637501817,381125.227553976
23.41,0.0552783379,0.1236061213,False,False,1756829280000,7.1607432502,24083201.999180447
27.0,0.0105816886,0.023661375,False,False,1756778940000,5.5440914977,25422188.04190869
28.6,0.0050647146,0.0113250461,False,False,1756791240000,14.1976465485,53663094.064029805
24.13,0.0396784754,0.0887237683,False,False,1756836420000,19.3234924572,54260668.36566493
21.96,0.1077841687,0.2410127282,False,False,1756791060000,15.6340933391,63081108.76768939
24.58,0.0322518756,0.0721173863,False,False,1756812720000,29.0763013691,61254394.145003885
21.23,0.1508533561,0.3373183589,False,False,1756783800000,15.0675332719,26714025.802662216
22.78,0.0738847787,0.1652113876,False,False,1756778760000,18.1595727722,17552653.276087523
23.49,0.0532788665,0.1191351672,False,False,1756805940000,13.2215529387,22754455.242503505
26.98,0.0106795998,0.023880311,False,False,1756779180000,8.308518047,2214370.231098796
30.5,0.0021113244,0.004721065,False,False,1756847520000,13.2020531084,127177.921459053
23.57,0.0513517179,0.1148259319,False,False,1756805880000,6.7739330568,18907787.04754165
26.57,0.0128989683,0.02884297,False,False,1756810620000,14.7557350247,6488889.127129363
26.41,0.0138852907,0.0310484539,False,False,1756851180000,22.9562292617,1508152.480987629
30.67,0.0019523379,0.0043655602,False,True,1756830660000,11.7262375026,298399.625015221
26.65,0.0124324001,0.0277996916,False,False,1756806060000,5.0530247174,2410908.412114638
26.04,0.0164647438,0.0368162863,False,False,1756784400000,7.6875658536,10034402.253908468
26.16,0.0155795524,0.0348369383,False,False,1756807440000,8.1133104981,9426744.592081945
24.85,0.0284809831,0.0636854144,False,False,1756798920000,9.3978993607,5569762.102696774
24.09,0.0404161533,0.0903732663,False,False,1756731240000,22.8116112438,53177127.26826797
22.91,0.0695913044,0.1556108872,False,False,1756705500000,15.6613544445,24283268.580598325
26.9,0.0110803882,0.0247765013,False,False,1756708560000,4.7394514746,25169587.92447227
28.2,0.0060891262,0.0136157002,False,False,1756735080000,22.4426069107,46814825.3305286
26.02,0.0166170902,0.0371569432,False,False,1756701780000,11.0682516593,31782648.02595411
27.33,0.0090898136,0.0203254411,False,False,1756695780000,14.8898196117,65838857.806868
27.89,0.0070235225,0.0157050737,False,False,1756730880000,7.538267299,24598558.23897037
25.74,0.0189040552,0.0422707525,False,False,1756751280000,16.2500867544,47363922.84630448
23.26,0.0592318063,0.1324463452,False,False,1756705440000,6.8278186931,25118201.295483857
20.7,0.1925550782,0.4305662442,True,False,1756744320000,10.1457643436,15348901.860836213
21.85,0.1133848361,0.2535362011,False,False,1756749420000,16.5798149644,10255290.435344849
25.19,0.0243531406,0.0544552779,False,False,1756690980000,11.6870328531,3016506.949019332
28.35,0.0056827032,0.0127069107,False,False,1756703520000,4.7393994471,1142893.588566066
24.79,0.0292789148,0.0654696439,False,False,1756708620000,12.1575524633,3958514.518874811
24.85,0.0284809831,0.0636854144,False,False,1756716600000,12.0589809412,5231190.049103446
26.33,0.0144063837,0.0322136532,False,False,1756752300000,3.8652889002,17266692.055732172
25.1,0.0253837029,0.0567596853,False,False,1756722300000,17.0881660957,22362718.768754262
26.54,0.0130784109,0.0292442157,False,False,1757053620000,18.9568551463,72736928.53895985
22.07,0.1024601475,0.2291078547,False,False,1757082000000,19.7760497625,48727257.513152845
22.4,0.0880146521,0.1968067451,False,False,1757066700000,27.2728253663,59860574.39428734
20.19,0.2435314063,0.5445527791,True,False,1757094480000,10.4404750266,23663222.105805837
24.7,0.0305179233,0.0682401509,False,False,1757109600000,9.9509832454,53044643.11036001
26.89,0.011131533,0.0248908644,False,False,1757071860000,18.9405544024,69785235.3458312
25.07,0.0257368254,0.0575492912,False,False,1757091000000,4.1720412822,5544462.694354067
20.18,0.2446554962,0.5470663205,True,False,1757094480000,10.4404742658,23663236.676638372
24.29,0.0368599699,0.0824213984,False,False,1757062800000,13.9108643145,20207093.40715599
23.34,0.057089334,0.1276556316,False,False,1757083920000,15.3820590033,2538076.071159809
24.09,0.0404161533,0.0903732663,False,False,1757104140000,3.767210959,19090695.48630009
23.8,0.046190746,0.1032856481,False,False,1756983840000,6.5321144131,19383792.4502555
25.6,0.0201629919,0.0450858206,False,False,1756946100000,7.6710451157,34979803.363910854
25.3,0.0231502122,0.0517654482,False,False,1757017980000,11.8819999506,51240050.078223534
28.6,0.0050647146,0.0113250461,False,True,1756973760000,14.1503853278,54920292.497823976
24.63,0.0315177333,0.0704757942,False,False,1756973520000,1.9294811154,17193300.881568234
25.54,0.0207278843,0.0463489584,False,False,1756945620000,10.7504606967,21468669.2691036
25.35,0.0226232491,0.0505871228,False,False,1757016960000,15.1514764334,62171049.24415217
22.36,0.0896509666,0.2004656557,False,False,1756957680000,27.0821016462,17161436.026625477
27.57,0.0081386988,0.0181986838,False,False,1756976820000,4.1801528347,71096852.08424826
22.96,0.0680072129,0.1520687509,False,False,1757023620000,9.6324684448,8793692.542225054
24.56,0.0325502986,0.0727846803,False,False,1756971960000,4.8574635363,26769168.56489016
24.61,0.0318093633,0.0711278987,False,False,1756987560000,5.5976583337,18415625.433902685
24.15,0.039314701,0.0879103439,False,False,1756981140000,14.4720101717,11431832.95313172
25.27,0.0234722638,0.0524855773,False,False,1756986780000,7.2912683547,13287553.002113009
25.4,0.022108281,0.0494356193,False,False,1756991460000,11.3883812343,6186175.443618443
25.71,0.0191670368,0.0428587972,False,False,1756993020000,12.3315873357,3372856.285976666
27.08,0.0101989386,0.02280552,False,False,1756953720000,10.228172674,2359526.974172319
26.69,0.0122054832,0.0272922901,False,False,1757014920000,9.4099455682,8840174.590085724
23.37,0.056306039,0.1259041307,False,False,1756983780000,15.7961265027,9631276.595120385
22.94,0.0686364759,0.1534758258,False,False,1757012460000,14.351756982,14965134.615219742
24.63,0.0315177333,0.0704757942,False,False,1756974120000,1.9290301182,17186260.087736256
22.36,0.0896509666,0.2004656557,False,False,1756964700000,9.3251943408,20156532.63320892
24.1,0.040230458,0.0899580388,False,False,1756472400000,13.0447109063,41189801.16130256
22.5,0.0840533402,0.1879489824,False,False,1756499340000,15.607413964,51636500.57533371
26.7,0.0121494041,0.0271668934,False,False,1756505520000,11.5380780606,63395638.30432417
25.68,0.0194336768,0.0434550225,False,False,1756489800000,13.2030465263,6039668.355371365
24.0,0.0421264611,0.0941976306,False,False,1756429740000,4.7861594093,73486448.75388314
24.89,0.0279611466,0.0625230245,False,False,1756496340000,17.9713779548,72616830.8602911
23.1,0.063760979,0.1425738833,False,False,1756496040000,26.8299726634,70672169.34247361
29.2,0.0038419789,0.008590926,False,True,1756492980000,3.2718396653,6804676.662172554
26.61,0.0126635356,0.0283165265,False,False,1756480560000,15.7211188725,19333168.89008239
22.3,0.0921626549,0.2060819612,False,False,1756481220000,21.1161543779,17230206.765855957
27.5,0.008405334,0.0187948982,False,False,1756477860000,18.2653387131,69229293.27870922
22.81,0.0728710415,0.1629446024,False,False,1756463160000,22.0342712447,66932459.40590183
24.39,0.035200998,0.0787118244,False,False,1756511160000,15.0043063107,49496702.967577174
21.65,0.1243240006,0.2779969165,False,False,1756504680000,20.5180219594,25264416.15925168
24.14,0.0394961694,0.0883161196,False,False,1756435800000,7.0064753585,6311744.574623729
23.56,0.0515887466,0.1153559443,False,False,1756438020000,11.6714164312,16482077.137933256
24.1,0.040230458,0.0899580388,False,False,1756446960000,13.5179830044,4520000.982254735
24.48,0.0337718597,0.0755161741,False,False,1756435440000,7.3135095631,15439102.779180149
24.84,0.0286124454,0.0639793729,False,False,1756489740000,12.4268471746,10296314.524596866
29.01,0.0041932908,0.0093764832,False,False,1756443600000,7.1934844814,675632.375830945
25.9,0.0175612318,0.0392681082,False,False,1756486680000,8.8090730067,9735689.80478729
26.79,0.0116561459,0.0260639347,False,False,1756438500000,6.7890556701,1394663.273266334
20.88,0.1772372393,0.3963145151,True,False,1756560180000,17.3001955964,3108484.072793349
26.7,0.0121494041,0.0271668934,False,False,1756570440000,5.7899583679,44769330.88398757
26.0,0.0167708462,0.0375007522,False,False,1756544040000,17.873869265,26233309.44334377
21.4,0.1394938229,0.3119176705,False,False,1756532460000,10.2690653474,35185636.12042894
22.04,0.1038855101,0.2322950625,False,False,1756556160000,12.3489252402,18229337.80365775
24.46,0.0340843469,0.0762149166,False,False,1756546320000,16.089313287,57269632.679837584
26.81,0.0115492818,0.0258249791,False,False,1756575240000,21.4977991809,1067900.430651445
27.09,0.0101520787,0.0227007381,False,False,1756585140000,12.4291135587,1322061.048349201
26.43,0.0137579896,0.0307638,False,False,1756554240000,9.6450195633,1549630.255699995
24.65,0.031228777,0.0698296682,False,False,1756597140000,5.0325230566,8800700.544203926
20.88,0.1772372393,0.3963145151,True,False,1756560180000,17.3001955964,3108484.072793349
24.7,0.0305179233,0.0682401509,False,False,1756605180000,6.3714188723,40098761.859626316
22.4,0.0880146521,0.1968067451,False,False,1756649220000,9.7624255637,70671705.00564492
29.1,0.0040230458,0.0089958039,False,False,1756611120000,23.1330376355,55689195.60013041
24.5,0.0334622374,0.0748238376,False,False,1756649640000,17.7820273164,51262746.42378909
25.2,0.0242412481,0.0542050786,False,False,1756609800000,14.1067854646,56594114.25270422
22.44,0.0864082036,0.1932146172,False,False,1756631820000,8.852505864,72798705.17385356
23.95,0.0431077124,0.0963917753,False,False,1756645080000,12.6524067952,35824867.68430086
25.84,0.0180532326,0.0403682552,False,False,1756667100000,17.2698847001,35106498.96687724
25.47,0.021406959,0.0478674154,False,False,1756604340000,6.1846577514,21869888.54239512
23.95,0.0431077124,0.0963917753,False,False,1756610880000,6.0692502375,14889540.462822184
21.98,0.1067959975,0.2388031102,False,False,1756616880000,14.3971433667,13761731.126683956
27.48,0.0084831076,0.0189688053,False,False,1756654320000,5.3080422979,5576584.977311521
23.81,0.0459785188,0.1028110936,False,False,1756655580000,6.5862278258,5212604.174292303
27.5,0.008405334,0.0187948982,False,False,1756660560000,12.9108556259,519047.926267057
22.75,0.0749126183,0.1675097069,False,False,1756679040000,21.6891159402,8969355.851420883
26.97,0.0107288945,0.0239905375,False,False,1756648260000,8.174774188,272817.252301409
26.98,0.0106795998,0.023880311,False,False,1756604280000,10.8120635234,1800496.997576517
25.96,0.0170826395,0.0381979432,False,False,1756640820000,7.7858584139,2979081.257012721
28.24,0.0059779871,0.0133671856,False,False,1756623720000,14.2705430632,1056688.653726638
23.83,0.0455569852,0.1018685158,False,False,1756672200000,4.9960587806,18136287.060850102
24.44,0.0343997255,0.0769201245,False,False,1756646760000,7.0110223011,14029639.773674926
27.6,0.0080270317,0.0179489885,False,False,1757807280000,6.915721769,52848882.613871366
24.79,0.0292789148,0.0654696439,False,False,1757788920000,3.6939452072,21275326.094676703
25.3,0.0231502122,0.0517654482,False,False,1757731500000,9.0532131121,3935342.496962013
24.4,0.0350392641,0.0783501764,False,False,1757729220000,16.6806349161,36811369.10144535
25.8,0.0183888672,0.0411187571,False,True,1757796060000,5.2641041259,37818225.64253011
26.4,0.0139493823,0.0311917671,False,False,1757771340000,11.8394863844,43878483.9306585
25.55,0.0206326484,0.0461360043,False,False,1757738940000,26.9661852761,63776774.09348778
26.0,0.0167708462,0.0375007522,False,False,1757791200000,7.3412939017,49113179.73104646
27.16,0.009830033,0.0219806221,False,True,1757776920000,7.2177675536,910572.374955148
26.16,0.0155795524,0.0348369383,False,False,1757766480000,9.1189294263,25461067.24178001
21.79,0.1165614595,0.2606393469,False,False,1757745540000,25.6820166076,74009711.39070041
28.8,0.0046190746,0.0103285648,False,False,1757739960000,6.3053980184,20574722.049516648
25.16,0.0246919266,0.0552128263,False,False,1757805840000,8.2700836974,10137357.09377989
28.09,0.0064055286,0.0143231974,False,False,1757762100000,12.4365876464,340164.193804164
26.36,0.0142087207,0.0317716653,False,False,1757742180000,8.2568930026,5847731.685158427
28.53,0.0052306418,0.0116960705,False,False,1757776980000,5.2748871426,65697.624986005
24.51,0.0333084924,0.0744800533,False,False,1757793840000,11.6217724504,17016473.02775339
25.82,0.0182202771,0.0407417781,False,False,1757787060000,6.8901594741,5865319.831935392
26.57,0.0128989683,0.02884297,False,False,1757782020000,7.5199710523,3050846.272410186
25.23,0.0239086457,0.0534613571,False,False,1757786880000,4.7543476889,12579921.387572683
26.6,0.0127219879,0.0284472297,False,False,1757748120000,3.5435616463,7407925.599971241
20.02,0.263363131,0.5888978636,False,False,1757659620000,21.0838603012,69324926.73898369
24.03,0.0415484643,0.0929051906,False,False,1757665500000,9.9448796174,51137943.95194799
27.5,0.008405334,0.0187948982,False,True,1757660880000,6.3225672806,31349125.29172477
20.71,0.191670368,0.428587972,False,False,1757720580000,11.8882214026,16448053.9298015
27.7,0.0076657557,0.0171411509,False,False,1757658420000,5.7614698879,34942385.76514901
31.22,0.0015154966,0.0033887535,False,False,1757717940000,8.3366147757,69678444.60713597
27.35,0.0090064777,0.0201390963,False,False,1757667960000,10.6744691213,60534168.79833528
23.02,0.0661538275,0.1479244553,False,False,1757686860000,13.4928086648,21996518.142781265
24.34,0.0360209346,0.0805452583,False,False,1757690700000,16.2707306244,69196232.22423816
24.54,0.0328514828,0.0734581487,False,False,1757669640000,10.497617442,68181305.43157901
24.3,0.0366906138,0.0820427065,False,False,1757691720000,5.9455211529,63414631.98292895
24.95,0.0271991277,0.0608190985,False,False,1757672280000,10.1761794607,24157369.67604841
25.45,0.0216050351,0.0483103272,False,False,1757696640000,15.7395191262,69164473.20978841
25.64,0.0197949759,0.0442629117,False,False,1757713620000,5.9901165309,17890547.920605917
26.67,0.0123184191,0.0275448225,False,False,1757665260000,3.0467189199,6780859.90335963
26.72,0.0120380177,0.0269178258,False,False,1757651640000,5.4113269874,2338575.179127552
25.66,0.0196134944,0.0438571068,False,False,1757674140000,10.7581282496,9017285.572829332
26.62,0.012605352,0.0281864239,False,False,1757694420000,12.7965996302,573547.851487822
26.93,0.0109283596,0.0244365549,False,False,1757692920000,9.9897816243,1873594.271765054
27.11,0.0100590039,0.0224926165,False,False,1757718420000,9.6160188558,462680.151961046
31.61,0.0012663536,0.0028316527,False,False,1757708040000,9.0412737735,96895.034071971
24.22,0.0380675544,0.0851216393,False,False,1757593740000,6.435818836,19791845.967599887
21.98,0.1067959975,0.2388031102,True,False,1757611860000,12.9265806375,2613234.789037159
21.81,0.1154928176,0.258249791,False,False,1757611620000,11.2514904512,29773713.862701524
26.5,0.0133215567,0.0297879063,False,False,1757598900000,6.8053607781,21340331.82951396
24.9,0.0278326768,0.0622357573,False,False,1757573820000,9.4190605391,31695582.693925165
24.15,0.039314701,0.0879103439,False,False,1757584140000,16.5524335112,69731412.5604092
26.77,0.0117639989,0.0263051013,False,False,1757620560000,24.3965680859,55493288.25837257
23.19,0.0611723235,0.1367854737,False,False,1757617500000,13.5867546259,3320427.214150737
24.12,0.0398616229,0.0891332986,False,False,1757598540000,10.2882984795,5827685.750095871
24.75,0.0298232505,0.0666868155,False,False,1757620980000,7.1421861102,9091854.306626976
24.48,0.0337718597,0.0755161741,False,False,1757601540000,22.3896341748,4343865.856336713
25.36,0.0225193047,0.050354696,False,False,1757613300000,18.6372848087,3198222.434523242
25.66,0.0196134944,0.0438571068,False,False,1757601000000,5.7985564284,6496635.065481371
26.42,0.0138214936,0.0309057992,False,False,1757587080000,8.1095393507,1382552.024188365
25.36,0.0225193047,0.050354696,False,False,1757605140000,5.1669627618,17560275.422202103
24.21,0.0382432662,0.0855145429,False,False,1757576400000,16.7469189373,16651655.73328428
23.4,0.0555334912,0.1241766613,False,False,1757551620000,10.6287310366,16461126.749108467
26.09,0.0160899605,0.0359782453,False,False,1757572440000,7.273547826,5123840.44268546
21.67,0.1231841913,0.2754482254,True,False,1757616060000,8.5931352838,17524719.808289003
21.97,0.1072889455,0.2399053753,True,False,1757611860000,12.9265806389,2613234.789037159
20.79,0.1847374636,0.4130855266,False,False,1757209320000,25.9665380231,59480328.20381749
22.2,0.096506147,0.2157943048,False,False,1757247060000,14.459379665,23355183.30659482
23.7,0.0483676488,0.1081533507,False,False,1757250240000,10.7198701969,37963457.4538148
24.54,0.0328514828,0.0734581487,False,False,1757286120000,8.1555398781,9846522.438573338
24.59,0.0321036917,0.0717860371,False,False,1757285100000,18.5721311251,73466441.40011123
27.97,0.0067694748,0.0151370059,False,False,1757283600000,7.9389990878,62096165.03836628
24.46,0.0340843469,0.0762149166,False,False,1757237880000,18.89690508,54811913.43366359
25.71,0.0191670368,0.0428587972,False,False,1757222340000,17.4391224287,72845028.88732864
28.33,0.0057352846,0.0128244863,False,False,1757281800000,18.5639022536,21663525.057513632
27.0,0.0105816886,0.023661375,False,False,1757209500000,2.5722719977,17681839.47415239
22.27,0.0934447651,0.2089488469,False,False,1757285040000,11.270836873,20555731.67702481
23.92,0.0437074004,0.0977327184,False,False,1757281140000,9.2120140094,17355483.79206028
23.74,0.0474848397,0.1061793296,False,False,1757238060000,14.9523890028,7070576.658563033
26.1,0.0160160338,0.0358129403,False,False,1757287080000,7.9375867866,5588171.571699613
26.53,0.0131387781,0.0293792009,False,False,1757216940000,10.1121259242,2344252.941886597
27.46,0.0085616008,0.0191443215,False,False,1757273100000,7.0258113302,5366711.313048565
24.02,0.0417402433,0.0933340215,False,False,1757233740000,9.9778322473,27532337.86507544
25.67,0.0195233786,0.0436556017,False,False,1757283720000,5.8779492609,20151906.977309797
25.23,0.0239086457,0.0534613571,False,False,1757218380000,11.0230369823,6302983.809201002
28.3,0.0058150704,0.0130028927,False,False,1757180400000,11.91467573,24863512.896500744
28.8,0.0046190746,0.0103285648,False,False,1757199360000,4.847514268,26794568.26364492
27.1,0.0101054342,0.0225964377,False,False,1757186280000,15.2640859895,26919147.744901005
25.02,0.0263363131,0.0588897864,False,False,1757134920000,12.1207076649,41625624.48637569
25.34,0.0227276732,0.0508206223,False,False,1757124840000,13.9255270077,29854940.34498501
22.66,0.0780827277,0.1745982871,False,False,1757132580000,9.9134450023,9971972.6093524
25.77,0.0186446818,0.041690776,False,False,1757142240000,8.8820947231,7808773.750866869
26.43,0.0137579896,0.0307638,False,False,1757117040000,5.7632031982,626957.253115648
24.54,0.0328514828,0.0734581487,False,False,1757162880000,8.1220519915,13015505.356053812
26.66,0.0123752784,0.0276719637,False,False,1757164860000,8.7468651035,5060169.150768179
22.13,0.099667824,0.2228640296,False,False,1757186040000,11.7093820254,28193753.71596369
24.7,0.0305179233,0.0682401509,False,False,1757459280000,7.9733606788,31004471.501284253
25.9,0.0175612318,0.0392681082,False,False,1757433840000,3.3318085368,26847103.026366
23.5,0.0530340723,0.1185877909,False,False,1757446200000,16.6945611996,53030613.98666907
26.1,0.0160160338,0.0358129403,False,False,1757460660000,15.0129204533,48118248.12985237
27.9,0.0069912523,0.0156329154,False,False,1757426580000,6.9569007809,36219165.91685534
24.0,0.0421264611,0.0941976306,False,False,1757430900000,18.9732222,74421043.53984308
26.6,0.0127219879,0.0284472297,False,False,1757430960000,7.9045829495,7214268.673931599
25.5,0.0211132445,0.0472106499,False,False,1757418720000,16.3856674161,64898950.21711264
23.7,0.0483676488,0.1081533507,False,False,1757392740000,15.0360446096,59276659.27577044
23.56,0.0515887466,0.1153559443,False,False,1757459460000,13.8659569551,22714150.509569168
29.64,0.0031372922,0.0070151987,False,False,1757428260000,4.6712063096,22928425.103810932
26.0,0.0167708462,0.0375007522,False,False,1757407920000,19.5944917041,44590228.79847362
27.49,0.0084441313,0.0188816516,False,False,1757407500000,7.4025870964,30766454.288933937
25.09,0.0255008688,0.0570216761,False,False,1757390340000,4.7149761133,15335582.264882894
24.58,0.0322518756,0.0721173863,False,False,1757431980000,19.1925666022,4795493.044471744
23.77,0.0468333233,0.1047224945,False,False,1757385540000,6.9144758491,12040772.908060731
24.05,0.0411675457,0.0920534307,False,False,1757430120000,21.9601236896,6009326.047710319
23.57,0.0513517179,0.1148259319,False,False,1757452620000,7.3146738415,25863331.69555008
25.07,0.0257368254,0.0575492912,False,False,1757376600000,10.9751256534,16094189.413464867
24.44,0.0343997255,0.0769201245,False,False,1757423040000,8.5891856437,13774528.476473108
21.55,0.1301832102,0.2910985075,True,False,1757312700000,29.646846908,68214230.50158624
26.1,0.0160160338,0.0358129403,False,False,1757355000000,9.8139337663,52532762.43300444
27.1,0.0101054342,0.0225964377,False,False,1757354040000,13.6311335449,34891275.12927096
22.6,0.0802703167,0.1794898848,False,False,1757354040000,1.8252657896,63068782.6960701
24.04,0.0413575665,0.0924783301,False,False,1757311020000,12.6135502084,40028384.51407096
29.27,0.0037201031,0.0083184034,False,True,1757305260000,17.679588258,68042120.36619972
24.55,0.0327005439,0.0731206391,False,False,1757319300000,16.9373258627,56081825.24796248
27.76,0.0074568426,0.016674007,False,False,1757336640000,9.9124211036,28457245.964556094
24.76,0.0296862251,0.0663804174,False,False,1757317140000,6.9459452909,34543382.260708995
24.78,0.0294140602,0.0657718381,False,False,1757295120000,6.3948992421,13991313.906405164
25.9,0.0175612318,0.0392681082,False,False,1757291040000,8.1490933885,8559232.916821208
23.84,0.0453476699,0.1014004725,False,False,1757318760000,4.6147607477,19036956.14656997
24.944,0.0272743856,0.0609873803,False,False,1757294940000,6.3983660074,14007132.669414915
19.87,0.2821986791,0.6310154296,False,False,1757491920000,6.6000666526,20279701.720706433
22.16,0.0983003302,0.2198062205,False,False,1757509680000,20.3216843202,20186093.306959
25.5,0.0211132445,0.0472106499,False,False,1757533380000,16.2567967061,28399553.007438265
23.77,0.0468333233,0.1047224945,False,False,1757525400000,4.8655238225,28235972.73316212
27.31,0.0091739206,0.0205135101,False,True,1757540160000,27.7567546453,61111616.99540931
24.26,0.0373727432,0.0835679943,False,False,1757525580000,19.6548435284,60232670.88175406
22.14,0.0992098919,0.2218400624,False,False,1757478720000,25.5594317009,73390137.76485543
26.02,0.0166170902,0.0371569432,False,False,1757468160000,11.4736411199,49695288.141127594
24.59,0.0321036917,0.0717860371,False,False,1757546880000,6.1657879245,13398355.267531443
25.07,0.0257368254,0.0575492912,False,False,1757510940000,4.6118812009,2008970.59033393
25.73,0.0189913123,0.0424658654,False,False,1757534940000,6.4664263688,5341825.03418365
25.56,0.02053785,0.0459240286,False,False,1757464140000,9.8797281207,2015345.25477037
20.13,0.2503542548,0.5598091321,False,False,1757468340000,34.5070190904,22465928.014763407
26.29,0.0146742183,0.0328125497,False,False,1757476560000,13.1315023426,2689227.275683167
25.36,0.0225193047,0.050354696,False,False,1757516640000,15.0442556219,2818520.107109771
24.64,0.0313729225,0.0701519874,False,False,1757495700000,4.2717644732,16568611.352644343
22.49,0.0844413128,0.1888165155,False,False,1757476080000,17.3782024469,18445942.62408136
24.31,0.0365220357,0.0816657545,False,False,1757528460000,9.8973436757,3276516.379680691
28.86,0.004493192,0.0100470827,False,True,1757489640000,2.1044585723,1301226.238838774
31.008,0.0016709174,0.0037362848,False,False,1757488680000,1.9438646702,150841.656610754
23.47,0.0537718498,0.1202375114,False,False,1757836680000,12.3311187211,48514406.17808648
24.69,0.0306587876,0.0685551332,False,False,1757880600000,13.9960446382,62724404.46490612
24.42,0.0347180222,0.0776318577,False,False,1757818380000,14.3100909741,27771200.365230404
28.23,0.0060055803,0.0134288857,False,False,1757883060000,3.3579826863,11295693.730305204
24.73,0.0300992017,0.067303861,False,False,1757815260000,12.9994958655,37717020.27494941
25.85,0.0179702855,0.0401827799,False,False,1757824440000,12.8990271342,28311892.500283524
20.36,0.2251930467,0.5035469604,True,False,1757884680000,13.0986053687,23076883.09788068
25.39,0.0222103282,0.0496638037,False,False,1757827680000,5.6451603676,9113084.353709942
24.82,0.0288771931,0.0645713667,False,False,1757808360000,6.8582348861,6932922.712423407
21.76,0.1181829909,0.2642652014,True,False,1757813700000,8.7471164012,7546772.888319857
24.24,0.0377185489,0.0843412394,False,False,1757874240000,7.950725897,17312417.54228489
24.28,0.0370301078,0.0828018383,False,False,1757833020000,11.7351964115,11359189.902955864
24.08,0.0406027058,0.0907904103,False,False,1757819100000,16.3454529091,4609009.650454129
25.57,0.0204434871,0.0457130269,False,False,1757815860000,13.7531027315,477047.306999041
26.36,0.0142087207,0.0317716653,False,False,1757830140000,4.2533716303,3676179.595767623
25.69,0.0193443872,0.0432553648,False,False,1757874600000,5.1486411753,9334761.020639732
26.45,0.0136318556,0.0304817558,False,False,1757811060000,9.5628576114,2009919.354985257
28.14,0.006259721,0.0139971617,False,False,1757860020000,11.7886942601,522339.273884288
22.68,0.077366861,0.1729975604,False,False,1757856540000,15.778980839,6883480.60142862
26.758,0.0118291892,0.0264508711,False,False,1757811960000,14.5418583347,20424361.155580714
17.91,0.6959130436,1.5561088719,False,False,1758217320000,32.382977911,24770362.027838703
24.2,0.0384197891,0.0859092601,False,False,1758222120000,6.9816690496,9322729.148191584
23.9,0.04411182,0.0986370281,False,False,1758159600000,16.3494823018,64943242.107277155
26.89,0.011131533,0.0248908644,False,False,1758202800000,8.6621663629,27862112.71120491
26.64,0.0124897854,0.0279280092,False,False,1758209100000,8.2476883539,34842242.09365169
26.71,0.0120935826,0.0270420729,False,False,1758210180000,22.3622210115,59559718.22264885
21.59,0.1278070988,0.285785361,True,False,1758181320000,10.7855583514,842056.19146026
21.96,0.1077841687,0.2410127282,False,False,1758174420000,21.2748242659,26277627.543055102
26.23,0.0150853356,0.0337318359,False,False,1758187500000,18.5552854359,1615208.381907444
27.18,0.0097399107,0.0217791025,False,True,1758155880000,15.1011483738,1021110.001741556
26.36,0.0142087207,0.0317716653,False,False,1758202620000,6.2654604658,14003888.534885459
25.49,0.0212106988,0.0474285643,False,False,1758238860000,12.3433702425,5114127.112825508
30.1,0.0025383703,0.0056759685,False,False,1758166860000,3.2082730079,465032.488708074
23.89,0.0443154309,0.099092316,False,False,1758178440000,21.7359703562,6911605.988334562
25.98,0.0169260249,0.0378477424,False,False,1758177780000,8.9886983128,7857239.855438202
21.01,0.1669379118,0.3732845187,False,False,1758181140000,15.04401381,28844541.62553439
19.84,0.2861244538,0.6397937287,False,False,1758120420000,18.7536870005,21791191.77505312
21.5,0.1332155667,0.2978790628,True,False,1758083520000,27.3870435836,54717982.98058141
28.9,0.004411182,0.0098637028,False,True,1758119700000,2.8497798323,21538625.51161468
22.21,0.0960627415,0.2148028201,False,False,1758081660000,19.7769620422,15199161.768141204
27.93,0.0068953287,0.0154184238,False,False,1758106200000,5.650129469,41993988.89594037
23.17,0.061738344,0.1380511341,False,False,1758069300000,6.2386269089,24252783.840805247
25.0,0.02658,0.0594346868,False,False,1758126060000,5.4449678803,62638450.64505128
25.34,0.0227276732,0.0508206223,False,False,1758129420000,7.2986918241,69702013.9310719
24.87,0.0282198679,0.063101543,False,False,1758109080000,6.4471290991,21610841.08587701
26.99,0.0106305314,0.023770591,False,False,1758149880000,7.0620951723,5859432.048726654
25.64,0.0197949759,0.0442629117,False,False,1758112800000,8.1153750097,8098050.179699714
26.45,0.0136318556,0.0304817558,False,False,1758095820000,10.3388038942,4090575.060494285
25.5,0.0211132445,0.0472106499,False,False,1758069180000,11.1298851931,5984029.197491189
25.739,0.0189127628,0.0422902233,False,False,1758133800000,9.3822007315,25178859.761098277
22.52,0.0832827346,0.1862258558,False,False,1758014880000,12.0206399242,18321939.169423703
22.3,0.0921626549,0.2060819612,False,False,1758054540000,20.1875872728,55651517.40187903
23.54,0.0520660914,0.1164233197,False,False,1758050940000,11.9429870905,58774835.53962242
24.14,0.0394961694,0.0883161196,False,False,1758048240000,8.2556314574,66616228.91156556
25.2,0.0242412481,0.0542050786,False,False,1757997420000,8.6010060946,51663070.56326569
28.85,0.0045139316,0.010093458,False,False,1758050460000,14.6670964949,48121744.09743618
28.3,0.0058150704,0.0130028927,False,False,1758048780000,23.1973737517,71354486.82824083
24.42,0.0347180222,0.0776318577,False,False,1757994300000,20.3512816134,54905909.85940644
24.67,0.0309424699,0.069189466,False,False,1758037740000,18.5694615389,22783817.92347264
24.3,0.0366906138,0.0820427065,False,False,1758010860000,8.8116948226,50971994.51116444
25.88,0.0177237239,0.0396314515,False,False,1758058020000,3.1242646533,67455247.12932101
26.69,0.0122054832,0.0272922901,False,False,1758018540000,5.4444996643,34225203.65803023
24.1,0.040230458,0.0899580388,False,False,1758051540000,8.4153471571,1595311.491202769
23.46,0.0540200494,0.1207925025,False,False,1758058680000,12.9254915721,14970221.511271648
26.93,0.0109283596,0.0244365549,False,False,1757983380000,6.1228416247,1122719.433169133
25.89,0.0176422908,0.0394493615,False,False,1757987160000,18.9958527798,203154.386173184
28.44,0.0054519891,0.0121910182,False,True,1758062820000,10.2646093087,267414.255950193
25.57,0.0204434871,0.0457130269,False,False,1758024000000,10.5515618004,11945578.891529383
25.68,0.0194336768,0.0434550225,False,False,1758053160000,8.8616952742,6004486.062942848
28.27,0.0058959661,0.013183781,False,False,1758046320000,10.8631066436,125564.343873446
30.12,0.0025150984,0.0056239309,False,True,1758039720000,10.3508117573,670296.758360377
28.17,0.0061738344,0.0138051134,False,False,1757989560000,13.4924760244,1709152.403516434
22.52,0.0832827346,0.1862258558,False,False,1758014880000,12.0206399078,18321939.19934328
17.67,0.777239702,1.7379608086,True,False,1757952300000,34.3334763482,17071549.06933131
27.6,0.0080270317,0.0179489885,False,False,1757909040000,9.7960323936,39846277.59078041
20.86,0.1788771952,0.3999815682,False,False,1757930700000,8.7405452936,26464277.09542693
24.49,0.0336166921,0.0751692087,False,False,1757952840000,4.4688243145,21758513.82576734
26.91,0.0110294785,0.0246626636,False,False,1757961480000,16.215656017,36477484.801826976
25.34,0.0227276732,0.0508206223,False,False,1757904720000,4.8118625526,25270248.695967022
25.87,0.0178055329,0.039814382,False,False,1757913360000,6.6173683729,20571612.85226593
24.68,0.0308003021,0.0688715693,False,False,1757938440000,22.514990059,66927584.92386553
29.84,0.0028612445,0.0063979373,False,False,1757967480000,5.427888187,301283.393235637
29.71,0.0030377706,0.0067926616,False,True,1757962380000,10.7834833244,121308.119914289
24.25,0.0375452479,0.0839537266,False,False,1757911080000,34.7027175596,14282074.735062871
27.04,0.010388551,0.0232295062,False,False,1757895420000,7.0340907889,5691359.844087383
25.46,0.021505769,0.0480883614,False,False,1757918340000,14.4302029905,6770491.993059706
27.45,0.0086011194,0.0192326877,False,False,1757957520000,12.5383910202,1311285.558652462
20.49,0.2121069879,0.4742856434,True,False,1757931240000,21.4923421825,27836978.010117073
19.04,0.4135756649,0.9247833005,False,False,1758247620000,17.2052280658,20499212.27031777
24.48,0.0337718597,0.0755161741,False,False,1758280200000,12.6733944191,30160436.264641978
24.3,0.0366906138,0.0820427065,False,False,1758300780000,15.5337003587,66354229.47019831
24.05,0.0411675457,0.0920534307,False,False,1758280500000,13.1749183967,66822592.42636663
23.25,0.0595052079,0.1330576898,False,False,1758254520000,22.5858199347,58175679.44994906
24.08,0.0406027058,0.0907904103,False,False,1758247680000,13.0336174573,73934058.05738549
22.29,0.0925880583,0.2070331923,False,False,1758246660000,16.831271179,21686954.31296389
25.31,0.0230438467,0.0515276076,False,False,1758242400000,14.4125402492,59060141.28195058
23.61,0.0504144434,0.1127301225,False,False,1758271380000,14.4814059328,10640346.212294992
22.73,0.0756057762,0.1690596552,False,False,1758293820000,8.6757836094,25244279.19388523
22.22,0.0956213733,0.2138158908,False,False,1758304020000,16.2260088528,26941167.81833544
23.33,0.0573528464,0.1282448632,False,False,1758265320000,18.1200405427,13249608.444854088
23.58,0.0511157782,0.1142983547,False,False,1758268440000,6.1063633127,15662632.978679024
26.0,0.0167708462,0.0375007522,False,False,1758272400000,9.6621779864,216483.945344646
25.87,0.0178055329,0.039814382,False,False,1758253140000,7.7428714781,4329049.623452765
27.23,0.0095182033,0.0212833496,False,False,1758310140000,15.1006462546,1597633.115507086
26.09,0.0160899605,0.0359782453,False,False,1758272340000,6.4249868418,1422508.702718358
25.55,0.0206326484,0.0461360043,False,False,1758315420000,14.3879803547,7054711.355655923
31.65,0.00124324,0.0027799692,False,True,1758277440000,7.8517811947,57210.848062183
26.46,0.0135692229,0.0303417048,False,False,1758259380000,11.2205556611,1247173.282133995
22.28,0.0930154254,0.2079888141,False,False,1758250320000,12.5041156968,27134840.16791548
18.97,0.4271249851,0.9550805015,True,False,1758474420000,21.9075647655,27119893.35105081
25.4,0.022108281,0.0494356193,False,False,1758414000000,6.9547771899,66602225.36911039
25.38,0.0223128464,0.0498930414,False,False,1758448500000,11.6520677452,52160533.77581958
28.2,0.0060891262,0.0136157002,False,False,1758479820000,9.2822181056,37175528.28496476
26.8,0.0116025908,0.0259441818,False,False,1758447660000,8.5385506282,22825861.671806578
26.78,0.0117099483,0.0261842403,False,False,1758455520000,5.5073892796,25833246.337190542
25.75,0.0188171989,0.042076536,False,False,1758445320000,1.5515080986,40129989.12844713
27.44,0.0086408204,0.0193214617,False,False,1758432120000,12.7407648462,41652887.93523405
24.08,0.0406027058,0.0907904103,False,False,1758488340000,21.4887812259,26778033.166194454
22.1,0.1010543415,0.2259643771,False,False,1758486000000,11.8494028906,4444932.726209374
24.83,0.0287445144,0.0642746882,False,False,1758431220000,7.0244541717,13984159.388272414
25.43,0.021804944,0.0487573371,False,False,1758445020000,11.3724489603,3699466.837959895
27.37,0.0089239058,0.01995446,False,False,1758415500000,8.0474840248,1866216.493771116
28.09,0.0064055286,0.0143231974,False,False,1758468780000,13.3908888216,2080642.705454125
23.43,0.0547715431,0.1224728936,False,False,1758433560000,11.3936031745,11981769.712958291
23.8,0.046190746,0.1032856481,False,False,1758481080000,12.8774509711,1135734.043944884
24.06,0.040978398,0.0916304836,False,False,1758437640000,12.6522009731,10679297.06954604
27.31,0.0091739206,0.0205135101,False,False,1758462180000,6.5220008154,839016.646977813
25.66,0.0196134944,0.0438571068,False,False,1758454800000,10.6479766852,720935.906631543
24.85,0.0284809831,0.0636854144,False,False,1758439200000,6.6995585089,21868401.569486894
26.804,0.0115812377,0.0258964348,False,False,1758475500000,8.837630335,28187877.22739414
24.43,0.0345585074,0.0772751717,False,False,1758340200000,6.6096310587,13000368.75933126
19.47,0.3392774354,0.7586474087,True,False,1758387360000,17.855915184,22635713.10005439
25.21,0.0241298697,0.0539560289,False,False,1758383460000,22.9292237263,74631302.07454619
25.66,0.0196134944,0.0438571068,False,False,1758356580000,16.3659605618,73271967.46026438
26.0,0.0167708462,0.0375007522,False,False,1758369120000,6.751708511,50165412.25318026
23.33,0.0573528464,0.1282448632,False,False,1758389100000,7.1359769735,73499456.87211134
24.07,0.0407901194,0.0912094798,False,False,1758336720000,9.5035922785,11439570.738399811
25.71,0.0191670368,0.0428587972,False,False,1758380820000,7.8245840806,71730316.73999041
23.16,0.0620233153,0.1386883492,False,False,1758394320000,13.7779474172,8812367.502567781
27.15,0.0098754064,0.02208208,False,False,1758349920000,16.3369508595,72786169.56049778
23.36,0.0565659358,0.1264852778,False,False,1758354420000,12.5073274826,72583965.61447206
24.97,0.0269497646,0.0602615057,False,False,1758337980000,14.1210944898,51595662.75038962
22.81,0.0728710415,0.1629446024,False,False,1758367680000,19.7022007142,54515031.86799397
26.63,0.0125474356,0.028056919,False,False,1758378300000,12.5053874956,60738367.60203786
26.36,0.0142087207,0.0317716653,False,False,1758335640000,19.3048738667,2433785.875821406
24.28,0.0370301078,0.0828018383,False,False,1758374880000,11.8305506422,8146143.650936664
26.2,0.0152951935,0.0342010925,False,False,1758359940000,14.1746920103,4218904.421798941
26.28,0.0147419515,0.0329640056,False,False,1758328200000,5.9002574662,7709329.599009672
26.35,0.0142743051,0.0319183166,False,True,1758366060000,8.6107893595,985559.324558164
25.18,0.0244655496,0.0547066321,False,False,1758409560000,9.1093570009,11042700.245269613
22.19,0.0969515991,0.2167903661,False,False,1758396480000,9.8270942636,29527531.68836533
25.27,0.0234722638,0.0524855773,False,False,1758383520000,4.9338006325,18274692.75124627
19.44,0.3439972547,0.7692012455,True,False,1758387360000,17.8559146239,22635713.63860672
21.16,0.1557955241,0.3483693825,True,False,1758771540000,4.4277249746,10550793.95031538
24.14,0.0394961694,0.0883161196,False,False,1758785520000,8.2841135138,10975238.726758227
21.87,0.1123453177,0.2512117673,True,False,1758784440000,12.1669509022,11555616.588679194
20.46,0.21505769,0.4808836139,False,False,1758786480000,17.9783163789,55771505.60482651
27.4,0.0088014652,0.0196806745,False,False,1758805500000,9.4319777736,41132945.24914674
29.5,0.0033462237,0.0074823838,False,False,1758758880000,6.466434908,61322417.04448224
23.21,0.0606114923,0.1355314169,False,False,1758801240000,26.4929380349,72295149.94707881
24.7,0.0305179233,0.0682401509,False,False,1758808140000,2.5872294858,52580115.90341765
24.45,0.0342416731,0.0765667087,False,False,1758813000000,31.4201402314,69329296.43292724
24.73,0.0300992017,0.067303861,False,False,1758801660000,15.2541669294,52912212.5234493
30.3,0.0023150212,0.0051765448,False,True,1758798840000,7.2166527062,17764851.317255605
21.98,0.1067959975,0.2388031102,False,False,1758799920000,11.0335895281,11639032.63026736
26.57,0.0128989683,0.02884297,False,False,1758785400000,11.1614683254,5771222.771705392
24.67,0.0309424699,0.069189466,False,False,1758791100000,9.972098262,1085046.081888737
26.28,0.0147419515,0.0329640056,False,False,1758838740000,9.9886563432,3262172.382392972
25.18,0.0244655496,0.0547066321,False,False,1758784200000,4.5640239456,20103637.534098364
22.94,0.0686364759,0.1534758258,False,False,1758815760000,8.0792362575,1599833.13170288
25.71,0.0191670368,0.0428587972,False,False,1758828180000,8.8463144118,1923452.893149495
26.0,0.0167708462,0.0375007522,False,False,1758814140000,17.5840561895,1406474.099901769
26.05,0.0163890951,0.0366471308,False,False,1758815040000,5.7070577355,7590077.387663006
25.65,0.0197040262,0.044059542,False,False,1758758940000,11.3470671634,4804049.100169163
25.37,0.0224158379,0.0501233372,False,False,1758769500000,11.7201835024,10459420.453946812
25.26,0.0235806068,0.0527278398,False,False,1758782940000,11.7264754947,6172411.1081574
27.27,0.0093444765,0.0208948847,False,True,1758783780000,14.1989902893,1042710.303552773
24.78,0.0294140602,0.0657718381,False,False,1758785400000,4.3960442217,22239563.264743343
25.12,0.0251509837,0.0562393094,False,False,1758841200000,8.3585713401,9857192.641289173
25.56,0.02053785,0.0459240286,False,False,1758803340000,7.2428102102,4618572.604535157
24.3,0.0366906138,0.0820427065,False,False,1758724500000,10.6055649342,33294953.014697623
22.0,0.1058168859,0.2366137501,True,False,1758712380000,37.8763092063,73006767.85118167
25.8,0.0183888672,0.0411187571,False,False,1758750840000,15.3946576158,55099221.33404468
27.1,0.0101054342,0.0225964377,False,False,1758736080000,6.4342506141,47358109.74235244
24.0,0.0421264611,0.0941976306,False,False,1758720600000,13.3560267959,68162744.34513493
25.91,0.0174805453,0.0390876876,False,False,1758680760000,13.6183358885,63558397.555570185
25.9,0.0175612318,0.0392681082,False,False,1758706620000,7.8907675169,28642765.439658158
23.31,0.0578835257,0.1294314984,False,False,1758676740000,7.4060385412,22749396.6503686
24.45,0.0342416731,0.0765667087,False,False,1758749100000,3.3980651587,23079542.783451624
23.27,0.0589596608,0.1318378096,False,False,1758678960000,12.8102667264,24546059.035662983
26.71,0.0120935826,0.0270420729,False,False,1758743640000,5.0491957163,5718697.194293526
31.83,0.0011443397,0.0025588214,False,True,1758702840000,9.1808375627,22380.873577303
30.86,0.001788772,0.0039998157,False,False,1758675600000,9.3839339444,71974.5272144
26.62,0.012605352,0.0281864239,False,False,1758738000000,7.302698962,2090739.873528923
26.4,0.0139493823,0.0311917671,False,False,1758699960000,14.2754302265,1696678.140247123
25.48,0.0213086029,0.0476474846,False,False,1758749340000,15.7850021209,2457877.625438964
26.25,0.0149470324,0.0334225806,False,False,1758750720000,12.7663298849,1035118.301408995
24.5,0.0334622374,0.0748238376,False,False,1758738060000,18.7232061941,6162595.124239054
24.7,0.0305179233,0.0682401509,False,False,1758689400000,8.1869863329,7777706.147852702
24.1,0.040230458,0.0899580388,False,False,1758728400000,11.8369156848,9308822.530196384
22.52,0.0832827346,0.1862258558,False,False,1758616380000,7.321720445,74357598.94853802
22.17,0.0978486812,0.2187963027,False,False,1758591420000,7.0166509333,10316120.355078071
23.7,0.0483676488,0.1081533507,False,False,1758628260000,18.0555496528,54204197.06963288
22.1,0.1010543415,0.2259643771,False,False,1758649200000,12.6521407158,5032225.525274287
16.17,1.5507970872,3.4676877062,False,False,1758624180000,9.4992774363,53169998.73528524
24.5,0.0334622374,0.0748238376,False,True,1758605460000,17.4511703093,56849630.97509352
28.41,0.0055278338,0.0123606121,False,False,1758665220000,8.8128746081,3877110.553678358
24.75,0.0298232505,0.0666868155,False,False,1758597300000,10.3900386262,11366728.842735153
21.91,0.1102947845,0.2466266358,True,False,1758641280000,18.8719925649,41175885.34303835
21.22,0.1515496636,0.3388753497,True,False,1758591480000,17.6241783766,5742247.998013164
25.27,0.0234722638,0.0524855773,False,False,1758663480000,11.4981373163,64673475.050826535
26.61,0.0126635356,0.0283165265,False,False,1758668760000,13.1844470917,2521892.528703848
28.67,0.004904051,0.0109657914,False,False,1758612780000,12.3435159914,410024.244884836
23.54,0.0520660914,0.1164233197,False,False,1758657900000,24.1562988229,6415172.39808073
23.93,0.0435065831,0.0972836774,False,False,1758653160000,17.0628189489,1892040.915838588
25.8,0.0183888672,0.0411187571,False,False,1758643860000,8.1443261279,10201681.604796525
30.06,0.0025855621,0.0057814927,False,True,1758660720000,7.3708712332,229857.905163924
28.86,0.004493192,0.0100470827,False,False,1758656220000,15.3268328434,300466.095192466
24.56,0.0325502986,0.0727846803,False,False,1758587640000,14.2925434024,4864518.503995473
26.02,0.0166170902,0.0371569432,False,False,1758632160000,12.3507382596,1388002.921777555
27.32,0.0091317703,0.020419259,False,False,1758655620000,6.6751185468,2868976.626301241
28.66,0.0049266871,0.0110164072,False,True,1758609600000,4.7755883687,1273902.337481144
22.23,0.095182033,0.212833496,False,False,1758591420000,7.0166509313,10316120.355078071
22.8,0.0732073989,0.1636967205,False,False,1758559620000,8.1693309299,66046077.54507801
21.41,0.138852907,0.310484539,True,False,1758512880000,10.2070576408,21483141.860720366
24.4,0.0350392641,0.0783501764,False,False,1758514740000,11.3253183469,18159162.624663923
23.12,0.0631764148,0.1412667581,False,False,1758584400000,8.5484889225,6224849.335372973
26.1,0.0160160338,0.0358129403,False,False,1758537180000,6.8822559883,59612634.44497865
28.73,0.004770402,0.0106669431,False,False,1758517380000,16.8092947197,70365171.17596589
25.78,0.0185590173,0.0414992243,False,False,1758506640000,10.899298796,21287231.25772896
20.71,0.191670368,0.428587972,False,False,1758516360000,10.7733582005,24046177.02002842
24.65,0.031228777,0.0698296682,False,False,1758518940000,4.0688962491,14448145.095804736
21.98,0.1067959975,0.2388031102,False,False,1758514200000,13.4912331363,24261058.487949412
25.11,0.0252670754,0.0564988982,False,False,1758561660000,16.8181449355,3494641.682935403
25.84,0.0180532326,0.0403682552,False,False,1758502020000,15.0062633809,7925427.013377812
24.34,0.0360209346,0.0805452583,False,False,1758533100000,16.0919235332,10653431.014391348
24.66,0.0310852938,0.0695088301,False,False,1758527460000,8.1997270517,6285650.322878138
24.71,0.0303777061,0.0679266159,False,False,1758519000000,15.3918427903,18499846.042755283
28.42,0.0055024357,0.0123038203,False,False,1758525420000,15.1481548504,663857.811719198
24.98,0.0268259417,0.0599846292,False,False,1758550440000,10.3551386936,7123079.99077163
25.48,0.0213086029,0.0476474846,False,False,1758513300000,12.9843295177,5360054.118074843
27.07,0.0102460147,0.0229107855,False,False,1758511140000,8.6093100751,2552368.39734323
29.0,0.0042126461,0.0094197631,False,False,1758570600000,11.7349338918,86971.190089355
25.63,0.0198863453,0.04446722,False,False,1758555900000,7.7160870887,4610054.127822682
26.3,0.0146067964,0.0326617897,False,True,1758527520000,8.1167565894,3767811.806692568
25.29,0.0232570687,0.0520043867,False,False,1758576240000,8.6527062525,13008208.555386906
19.7,0.3051792326,0.6824015094,True,False,1759172340000,18.6064298474,3852719.354004421
25.04,0.0260948603,0.0583498816,False,False,1759162500000,19.8101233592,60303062.154871106
27.16,0.009830033,0.0219806221,False,False,1759110360000,18.9965913989,46809179.8509899
30.35,0.0022623249,0.0050587123,False,False,1759141440000,22.3193519743,61662023.32799003
24.98,0.0268259417,0.0599846292,False,False,1759149240000,12.6889256195,15564775.057916798
21.47,0.1350687798,0.3020229733,False,False,1759179600000,27.9292957548,59121618.40694878
24.48,0.0337718597,0.0755161741,False,False,1759104600000,15.545616905,19072140.174333785
22.15,0.0987540639,0.2208207999,False,False,1759117860000,10.239119322,28037188.923559923
21.91,0.1102947845,0.2466266358,False,False,1759147320000,10.396760831,7839268.513717232
24.21,0.0382432662,0.0855145429,False,False,1759151400000,6.8959899204,21613239.199572258
24.23,0.0378926498,0.0847305409,False,False,1759130460000,17.2410914392,6820969.994505308
24.77,0.0295498293,0.0660754271,False,False,1759108080000,9.497976556,7863982.29127825
26.0,0.0167708462,0.0375007522,False,False,1759129740000,5.4717139603,7379042.499853749
26.54,0.0130784109,0.0292442157,False,True,1759142700000,8.6217515783,2611343.138930796
27.37,0.0089239058,0.01995446,False,False,1759144800000,10.9027172586,1912928.653075421
26.52,0.0131994239,0.0295148091,False,False,1759188660000,11.7567081333,1460883.099537148
26.15,0.0156514644,0.0349977383,False,False,1759184160000,13.4059243964,10635137.498697544
28.5,0.0053034072,0.0118587791,False,False,1759177380000,13.5439651778,1094233.904350953
23.9,0.04411182,0.0986370281,False,False,1759182960000,19.7227466301,18401562.50109312
25.9,0.0175612318,0.0392681082,False,False,1759038600000,7.1167756541,17557806.18967946
20.79,0.1847374636,0.4130855266,True,False,1759026660000,6.1112866766,22164401.0911552
22.64,0.0788052183,0.1762138252,False,False,1759102800000,11.9697384022,18915641.982901737
28.1,0.0063760979,0.0142573883,False,False,1759071840000,10.0309393629,20337921.98039644
28.2,0.0060891262,0.0136157002,False,False,1759049700000,3.9657292228,29419143.63337295
26.28,0.0147419515,0.0329640056,False,False,1759047720000,8.4440190426,7655215.561494572
25.7,0.0192555078,0.0430566244,False,False,1759048500000,19.7374476889,67962783.18533604
26.0,0.0167708462,0.0375007522,False,False,1759098960000,18.9854314559,31208526.60127292
26.83,0.0114433973,0.0255882143,False,False,1759099800000,12.0039490832,35503766.70219144
24.29,0.0368599699,0.0824213984,False,False,1759055040000,17.1053566555,56960345.56120035
25.38,0.0223128464,0.0498930414,False,False,1759092840000,9.7632390281,15221666.957548479
27.01,0.0105330702,0.0235526609,False,True,1759067100000,16.8157392275,51742746.26914939
24.34,0.0360209346,0.0805452583,False,False,1759094040000,24.6207726552,65646598.73828542
23.86,0.04493192,0.1004708274,False,False,1759067100000,12.1330570509,62466904.94242825
20.33,0.228325794,0.5105519964,False,False,1759051380000,7.3513959709,10021430.428123536
25.69,0.0193443872,0.0432553648,False,False,1759062540000,8.6454676166,7920819.249383942
26.22,0.0151549664,0.033887535,False,False,1759019400000,8.7158238445,1930173.65225818
27.84,0.0071871213,0.0160708919,False,True,1759097280000,7.9558406944,104350.872234475
25.39,0.0222103282,0.0496638037,False,False,1759045620000,20.5100027816,2816369.921964474
31.32,0.0014472881,0.0032362345,False,True,1759054500000,8.1291812919,233993.523320287
28.43,0.0054771543,0.0122472894,False,False,1759042020000,9.5635427639,136892.552820474
24.5,0.0334622374,0.0748238376,False,False,1759046580000,16.5467930261,17578818.482102852
24.757,0.0297272665,0.0664721887,False,False,1759103580000,8.4791781073,24495315.587756854
23.9,0.04411182,0.0986370281,False,False,1758994620000,13.4527055857,49723079.5059094
24.4,0.0350392641,0.0783501764,False,False,1758963240000,9.7017607768,40253357.25591068
22.84,0.0718712133,0.1607089186,False,False,1758943680000,5.4729888902,18849710.1026111
23.16,0.0620233153,0.1386883492,False,False,1758994140000,9.0363840001,52643192.16980701
30.7,0.0019255508,0.0043056624,False,True,1758977580000,19.8909520992,20866923.146627568
27.82,0.0072536229,0.016219594,False,True,1758932160000,21.1992858078,61771128.64492991
25.22,0.024019003,0.0537081235,False,False,1758957720000,9.3794720352,50938434.74227416
25.95,0.0171614894,0.0383742569,False,False,1758991500000,4.2900607428,20823968.122868527
29.27,0.0037201031,0.0083184034,False,False,1758931980000,17.1491602586,13058879.47824566
25.4,0.022108281,0.0494356193,False,False,1758931860000,12.5944649109,69111569.22456439
22.62,0.079534394,0.1778443116,False,False,1758957060000,25.4924167197,11044393.678198228
28.62,0.005018281,0.0112212175,False,False,1758938400000,5.7194115323,941732.997924881
27.49,0.0084441313,0.0188816516,False,False,1758950640000,7.2083968499,826105.183933427
26.43,0.0137579896,0.0307638,False,False,1758962220000,8.7298457579,2575477.618070202
25.68,0.0194336768,0.0434550225,False,False,1758931200000,13.8060062096,3756684.522644737
26.18,0.0154367182,0.0345175513,False,False,1759000680000,9.2891845019,1211011.392933144
25.78,0.0185590173,0.0414992243,False,False,1758983580000,7.7206258928,350925.112668365
24.92,0.0275775053,0.0616651765,False,False,1758960300000,10.9094094859,4580746.16975439
25.31,0.0230438467,0.0515276076,False,False,1758954000000,9.3846898583,20717976.92494929
19.17,0.3895426161,0.8710437698,True,False,1758929400000,12.2958957189,18694563.94680854
24.8,0.0291443905,0.0651688382,False,False,1758908040000,13.9174644301,37089734.78914719
22.93,0.0689532874,0.154184238,False,False,1758870000000,26.9308590916,55472210.09800701
25.1,0.0253837029,0.0567596853,False,False,1758904860000,10.3783417796,38921735.46752892
24.9,0.0278326768,0.0622357573,False,False,1758921840000,8.5570378488,25580026.97433104
23.92,0.0437074004,0.0977327184,False,False,1758873060000,5.5630880343,74716042.11712301
24.7,0.0305179233,0.0682401509,False,False,1758892140000,12.6848335398,11264075.278014123
27.85,0.0071540995,0.0159970528,False,False,1758931020000,6.4680914742,34923583.781254865
30.19,0.0024353141,0.0054455278,False,True,1758856680000,22.3230464469,50649311.24734381
25.26,0.0235806068,0.0527278398,False,False,1758885840000,15.9258568456,31587182.94037935
26.88,0.0111829138,0.0250057554,False,False,1758918840000,19.9117747233,49195792.64150975
25.2,0.0242412481,0.0542050786,False,False,1758883200000,13.92314207,12083267.574294424
21.52,0.131994239,0.2951480911,False,False,1758868680000,18.1118135146,27663493.32462163
25.55,0.0206326484,0.0461360043,False,False,1758856920000,7.9392536746,6764106.393018969
24.63,0.0315177333,0.0704757942,False,True,1758863940000,9.8679347106,7033071.963921275
25.94,0.0172407032,0.0385513844,False,False,1758887460000,19.3269488498,1750622.39913956
30.07,0.0025736825,0.0057549291,False,True,1758908280000,5.4637128982,286758.128208839
26.96,0.0107784169,0.0241012728,False,False,1758886920000,13.5382432834,1991981.882222055
28.59,0.0050880922,0.0113773201,False,False,1758853140000,18.9116141399,237180.182348092
25.71,0.0191670368,0.0428587972,False,False,1758920160000,11.1832777082,7740297.210807531
26.68,0.0122618211,0.0274182656,False,False,1758885060000,19.1395488851,659954.848170259
27.45,0.0086011194,0.0192326877,False,False,1758924540000,6.1934474734,769387.021496302
26.04,0.0164647438,0.0368162863,False,False,1758925320000,14.0430383507,3036027.376684152
31.008,0.0016709174,0.0037362848,False,False,1758882960000,1.8695976481,160725.797318672
22.11,0.100590039,0.2249261651,False,False,1759529040000,14.5278596145,17860588.568532284
22.16,0.0983003302,0.2198062205,False,False,1759530240000,7.7084332714,12307687.731521932
25.1,0.0253837029,0.0567596853,False,False,1759464420000,11.569203976,39827549.38855575
27.0,0.0105816886,0.023661375,False,False,1759532700000,5.9294008854,7782741.82159392
26.33,0.0144063837,0.0322136532,False,False,1759515060000,22.1261472346,66740907.72580733
29.24,0.0037718549,0.0084341239,False,False,1759482480000,7.6817966076,71679427.62863825
21.94,0.1087814834,0.2432427915,True,False,1759509660000,11.9542125164,16201986.287594577
25.6,0.0201629919,0.0450858206,False,False,1759461360000,2.376499605,21283967.780194912
23.69,0.0485909037,0.1086525639,False,False,1759498200000,9.0730597852,30486923.428302027
26.2,0.0152951935,0.0342010925,False,True,1759496220000,13.598403206,28643357.00947528
24.13,0.0396784754,0.0887237683,False,False,1759474260000,31.8007142527,59952516.85623488
28.95,0.0043107712,0.0096391775,False,False,1759462860000,11.8351736661,7983747.398922211
24.12,0.0398616229,0.0891332986,False,False,1759507860000,11.8906355112,12572284.43126897
24.89,0.0279611466,0.0625230245,False,False,1759522020000,5.0733648149,7509409.279429296
24.68,0.0308003021,0.0688715693,False,False,1759464120000,7.3131874033,17704479.51107968
27.16,0.009830033,0.0219806221,False,True,1759521720000,4.9699678562,1791982.530086958
27.01,0.0105330702,0.0235526609,False,False,1759473240000,16.1451012843,85671.453875221
22.74,0.0752583992,0.1682828966,False,False,1759525440000,8.6477364397,4755769.84333746
27.35,0.0090064777,0.0201390963,False,False,1759477800000,9.1488496108,647814.666864232
24.21,0.0382432662,0.0855145429,False,False,1759454100000,8.2807554578,16815076.012638457
23.56,0.0515887466,0.1153559443,False,False,1759499280000,12.0637543683,6394419.672921572
22.34,0.0904804968,0.2023205415,False,False,1759434360000,26.1254135042,56731410.19618114
22.9,0.0699125232,0.1563291544,False,False,1759408980000,15.0777144903,44783877.40687169
26.1,0.0160160338,0.0358129403,False,False,1759414440000,11.7173474999,30330976.953814544
26.3,0.0146067964,0.0326617897,False,False,1759431900000,26.4724114291,72154359.39735869
25.3,0.0231502122,0.0517654482,False,False,1759443600000,9.9232340496,6912687.461256366
27.1,0.0101054342,0.0225964377,False,False,1759441140000,4.6726318347,5256534.067530987
23.95,0.0431077124,0.0963917753,False,False,1759366080000,10.8419893573,60774131.97977855
25.16,0.0246919266,0.0552128263,False,False,1759438380000,7.6064785732,23104432.652665418
25.14,0.0249203981,0.0557237043,False,False,1759366140000,3.2326691094,28586144.35127887
23.28,0.0586887658,0.1312320699,False,False,1759440240000,11.6249736537,33088937.045668144
26.12,0.0158691979,0.0354846053,False,False,1759432920000,17.4106829019,46680204.66072066
24.75,0.0298232505,0.0666868155,False,False,1759432680000,7.5570338513,19385898.204833407
27.67,0.007772397,0.0173796081,False,False,1759416240000,5.4206023683,36945858.813277885
23.32,0.0576175751,0.1288368146,False,False,1759392240000,22.4859292979,21009242.317302927
26.96,0.0107784169,0.0241012728,False,False,1759363320000,5.882225555,4673627.792170001
24.81,0.0290104841,0.0648694146,False,False,1759405080000,4.6368876993,26305364.6038101
27.33,0.0090898136,0.0203254411,False,False,1759395300000,3.7297175659,1393391.526813677
24.14,0.0394961694,0.0883161196,False,False,1759411260000,9.5866338768,20376651.447759677
26.05,0.0163890951,0.0366471308,False,False,1759404300000,7.2200577669,9132044.417673316
27.08,0.0101989386,0.02280552,False,False,1759364220000,6.0619564837,1995837.348447269
24.49,0.0336166921,0.0751692087,False,False,1759367700000,12.0002044551,11674694.279150719
27.52,0.0083282735,0.0186225856,False,True,1759381680000,12.6271131045,225411.422633701
22.97,0.0676947481,0.1513700585,False,False,1759386900000,18.0801343242,17037325.744128857
30.55,0.0020632648,0.0046136004,False,False,1759431720000,14.7086130466,11239.377731822
25.37,0.0224158379,0.0501233372,False,False,1759368660000,8.5997656096,7589846.632948531
26.77,0.0117639989,0.0263051013,False,False,1759445640000,3.9071709684,977009.297654906
21.08,0.1616422833,0.3614431336,False,False,1759403280000,23.6775408969,25766221.40510296
19.59,0.3210369174,0.7178603705,False,False,1759623720000,18.2933118569,20515574.013756476
19.47,0.3392774354,0.7586474087,False,False,1759661400000,14.2822499597,19650681.617681995
27.4,0.0088014652,0.0196806745,False,False,1759642440000,18.2830043948,74084958.19180362
24.7,0.0305179233,0.0682401509,False,False,1759676460000,17.7913534994,51388712.782018594
23.2,0.0608912622,0.1361570015,False,False,1759684440000,16.3815880517,5041878.896307943
20.6,0.2016299194,0.4508582062,False,False,1759638720000,21.5787552506,42875160.292871654
28.33,0.0057352846,0.0128244863,False,False,1759637460000,9.2772720654,25006707.080077525
26.16,0.0155795524,0.0348369383,False,False,1759625940000,11.4006049777,6006932.706187124
25.4,0.022108281,0.0494356193,False,False,1759708380000,8.4257540797,4276571.947278873
28.05,0.0065246163,0.0145894856,False,False,1759646820000,6.9331467271,1262890.55794874
27.38,0.0088829042,0.0198627775,False,False,1759675080000,6.4809213857,3948289.45958095
23.44,0.0545198907,0.1219101818,False,False,1759693920000,17.9864139723,4436505.564036747
26.71,0.0120935826,0.0270420729,False,False,1759681920000,8.3265248186,2845905.223915805
26.42,0.0138214936,0.0309057992,False,False,1759690140000,6.2695528436,1410679.610182996
25.63,0.0198863453,0.04446722,False,False,1759654680000,10.2371978663,4642154.120697506
23.62,0.0501828101,0.1122121746,False,False,1759639080000,14.0617366984,20470069.767493695
25.17,0.0245784775,0.0549591464,False,False,1759622400000,14.5654392464,11039113.75601466
25.4,0.022108281,0.0494356193,False,False,1759548900000,14.1369290299,24268337.351831708
27.1,0.0101054342,0.0225964377,False,True,1759576560000,9.9368459615,49002315.99586324
24.64,0.0313729225,0.0701519874,False,False,1759594620000,11.797074683,40987360.83568246
24.26,0.0373727432,0.0835679943,False,False,1759604820000,13.1404929752,20399348.10748076
25.04,0.0260948603,0.0583498816,False,False,1759586760000,15.2109133457,18340416.855055265
27.32,0.0091317703,0.020419259,False,False,1759601940000,21.6957600212,27751317.357208066
25.22,0.024019003,0.0537081235,False,False,1759569600000,6.0965747505,30652379.959063713
23.55,0.0518268695,0.1158884032,False,False,1759621920000,5.5201197288,56213476.325251974
26.01,0.0166937912,0.0373284519,False,False,1759569120000,15.7162809525,25687173.06780668
20.47,0.2140695897,0.4786741544,True,False,1759544640000,44.5235909383,71892716.08868077
27.77,0.0074225815,0.0165973969,False,False,1759541820000,9.5535291324,46320602.01888445
25.07,0.0257368254,0.0575492912,False,False,1759588440000,15.0262947206,74202950.92372298
24.07,0.0407901194,0.0912094798,False,False,1759561440000,17.0960093943,25814258.37322441
26.94,0.0108781483,0.0243242791,False,True,1759621740000,21.3994446068,45856607.814193115
23.78,0.0466181437,0.1042413384,False,False,1759614180000,12.9712567003,9807599.630922915
23.85,0.0451393163,0.1009345797,False,False,1759546140000,15.2150233978,15195440.551044527
25.15,0.0248058993,0.0554676771,False,False,1759552140000,16.413799511,1180837.188398617
25.19,0.0243531406,0.0544552779,False,False,1759604040000,12.6379770213,10610164.15387229
24.63,0.0315177333,0.0704757942,False,False,1759573380000,5.8387483269,16968123.53472172
25.28,0.0233644185,0.052244428,False,False,1759555080000,7.8816853963,5048673.107970798
26.29,0.0146742183,0.0328125497,False,False,1759555740000,11.0557208009,6468636.178534301
21.5,0.1332155667,0.2978790628,True,False,1759293540000,18.9653020523,12154744.524033416
26.1,0.0160160338,0.0358129403,False,False,1759287300000,16.3944524722,65592452.178193375
24.62,0.0316632126,0.0708010957,False,False,1759316520000,7.1652213599,13734664.249426775
24.84,0.0286124454,0.0639793729,False,False,1759331580000,13.4401664173,8333127.49470879
27.6,0.0080270317,0.0179489885,False,False,1759333680000,8.3918231939,20014314.85996984
24.36,0.0356906927,0.079806815,False,False,1759293180000,12.4891405545,8378998.495109659
25.27,0.0234722638,0.0524855773,False,False,1759278660000,19.4060797909,61892989.96280767
24.48,0.0337718597,0.0755161741,False,False,1759327860000,15.4244882247,50251557.767745726
25.13,0.0250354255,0.0559809132,False,False,1759323600000,10.5182170538,17827604.661682777
26.11,0.0159424468,0.0356483948,False,False,1759362600000,17.3404565887,42520024.389117256
27.66,0.0078082728,0.0174598287,False,False,1759323660000,8.3011856102,12062148.468991848
23.44,0.0545198907,0.1219101818,False,False,1759359240000,9.956027291,2730072.894676274
28.18,0.0061454682,0.0137416847,False,False,1759310640000,1.9892043028,3464193.071027935
26.93,0.0109283596,0.0244365549,False,False,1759349220000,20.5382519481,1707958.13380065
24.59,0.0321036917,0.0717860371,False,False,1759295520000,7.4751282089,11083734.31269956
25.27,0.0234722638,0.0524855773,False,False,1759306560000,12.8515520845,6546238.951612776
29.28,0.0037030108,0.0082801838,False,False,1759353420000,14.7102960698,107633.498295885
28.93,0.0043506583,0.0097283677,False,True,1759289580000,10.0770567163,310829.487636716
24.66,0.0310852938,0.0695088301,False,False,1759358940000,12.4718626147,10499711.169560729
26.54,0.0130784109,0.0292442157,False,False,1759332240000,11.8540669258,1363936.514039175
31.7,0.0012149404,0.0027166893,False,False,1759279740000,20.8761143007,6780.463618602
26.2,0.0152951935,0.0342010925,False,False,1759798440000,18.0792095644,65301756.58916678
23.9,0.04411182,0.0986370281,False,False,1759812540000,18.3828706129,47911936.97430581
25.92,0.0174002295,0.038908096,False,False,1759871340000,5.0013428598,21187666.67958641
24.26,0.0373727432,0.0835679943,False,False,1759837080000,23.0053158378,64466387.18313893
24.34,0.0360209346,0.0805452583,False,False,1759858920000,10.9076871089,17436797.69933899
21.14,0.1572370824,0.3515928047,True,False,1759877880000,30.0366565688,44561001.63821492
26.23,0.0150853356,0.0337318359,False,False,1759824540000,23.8269863934,42583700.34848808
24.44,0.0343997255,0.0769201245,False,False,1759876380000,24.9629732006,57739027.65187188
26.66,0.0123752784,0.0276719637,False,False,1759877760000,16.2004007293,19264377.970099244
27.73,0.0075605776,0.0169059655,False,False,1759798020000,7.4075552816,15054344.8216696
21.25,0.1494703242,0.3342258056,False,False,1759821960000,34.7587465136,69712527.71425487
24.15,0.039314701,0.0879103439,False,False,1759822200000,9.3830673833,15062308.155646292
25.2,0.0242412481,0.0542050786,False,False,1759837020000,6.5128688748,15775806.669532701
23.32,0.0576175751,0.1288368146,False,False,1759814160000,10.4651203033,22948494.331261847
27.31,0.0091739206,0.0205135101,False,False,1759807200000,10.2821791416,3074354.829691336
24.72,0.0302381333,0.0676145215,False,False,1759805700000,13.1231486078,16080915.444861896
24.44,0.0343997255,0.0769201245,False,False,1759846980000,8.6188209168,11118508.442299567
24.33,0.0361871997,0.0809170384,False,False,1759833540000,14.758429756,10084891.385435598
26.44,0.0136947774,0.0306224531,False,False,1759878540000,11.9480444568,1956269.444861832
23.09,0.0640552863,0.1432319745,False,False,1759863900000,14.6950297722,5801987.274475152
27.64,0.0078805218,0.0176213825,False,False,1759855080000,9.7586988997,1962045.074547431
24.87,0.0282198679,0.063101543,False,False,1759810440000,13.141711867,10296062.18290975
26.16,0.0155795524,0.0348369383,False,False,1759880700000,10.481806775,3228300.312989276
25.26,0.0235806068,0.0527278398,False,False,1759785240000,5.1613522899,14627344.868727792
25.66,0.0196134944,0.0438571068,False,False,1759719720000,21.2348817181,58913122.35955108
26.3,0.0146067964,0.0326617897,False,False,1759779540000,8.081453263,26175195.62253827
24.2,0.0384197891,0.0859092601,False,False,1759785840000,9.8205556757,39292473.36697945
22.17,0.0978486812,0.2187963027,False,False,1759753140000,16.8683475324,37278274.196450934
27.63,0.0079168967,0.0177027191,False,True,1759793460000,13.8527945685,57668727.169702135
20.02,0.263363131,0.5888978636,True,False,1759730880000,22.1815381272,10897559.733564986
20.49,0.2121069879,0.4742856434,False,False,1759716780000,21.3098933754,25103000.01264232
23.91,0.0439091446,0.0981838322,False,False,1759743540000,6.2439477868,38999447.65648952
22.93,0.0689532874,0.154184238,False,False,1759726200000,16.3663298781,42025803.81511412
25.13,0.0250354255,0.0559809132,False,False,1759744920000,21.6495987978,63484736.40213025
24.76,0.0296862251,0.0663804174,False,False,1759779120000,7.4945176444,46153734.45109335
23.09,0.0640552863,0.1432319745,False,False,1759744500000,22.301180174,37118375.61551422
27.59,0.0080640828,0.0180318372,False,False,1759794540000,5.3974063811,9234102.717509829
25.64,0.0197949759,0.0442629117,False,False,1759732320000,11.3649819643,27012890.13850081
24.36,0.0356906927,0.079806815,False,False,1759752060000,9.072328971,14399495.509445848
25.29,0.0232570687,0.0520043867,False,False,1759764900000,13.3319687938,4528365.911713442
26.81,0.0115492818,0.0258249791,False,False,1759779180000,12.7779832889,3543917.366299815
26.83,0.0114433973,0.0255882143,False,False,1759747560000,5.6969636005,4239477.405117294
23.88,0.0445199816,0.0995497053,False,False,1759771920000,5.5792331316,16013925.907630358
24.48,0.0337718597,0.0755161741,False,False,1759779000000,10.0839320107,23000561.540800035
24.56,0.0325502986,0.0727846803,False,False,1759790400000,4.8133718975,26415919.254834116
22.62,0.079534394,0.1778443116,False,False,1759779420000,9.3210003678,23584289.362783697
20.49,0.2121069879,0.4742856434,False,False,1759716780000,21.3098933609,25103000.01264232
20.05,0.2597496533,0.580817882,False,False,1759198320000,21.5089476691,29446017.948251873
26.9,0.0110803882,0.0247765013,False,False,1759201380000,26.5509255762,71678586.12565972
21.75,0.1187284988,0.2654849942,False,False,1759258680000,21.8336419517,21804513.794491936
27.4,0.0088014652,0.0196806745,False,False,1759217820000,14.0812231707,27925414.64598116
22.33,0.0908981358,0.2032544107,False,False,1759198020000,31.5089657323,55832162.33510564
24.19,0.0385971268,0.0863057993,False,False,1759192200000,17.8479387621,7589014.539676017
25.39,0.0222103282,0.0496638037,False,False,1759234080000,16.7242676581,55145661.838576846
24.39,0.035200998,0.0787118244,False,False,1759247760000,17.2855060151,50148941.497773685
26.55,0.013018321,0.0291098508,False,False,1759244220000,7.2120774082,2681697.192097782
27.9,0.0069912523,0.0156329154,False,False,1759249560000,3.265890838,2533819.054331941
24.36,0.0356906927,0.079806815,False,False,1759204800000,10.8246773236,8849532.221090177
28.43,0.0054771543,0.0122472894,False,False,1759254960000,14.8708828224,279945.246731808
26.65,0.0124324001,0.0277996916,False,False,1759232760000,7.963917689,11156657.858881665
26.02,0.0166170902,0.0371569432,False,False,1759249800000,7.8499711093,4611839.668159854
24.73,0.0300992017,0.067303861,False,False,1759256160000,9.7261979871,6016847.140463717
27.28,0.0093015425,0.0207988814,False,False,1759226700000,7.517215605,3347853.365652512
25.86,0.0178877195,0.0399981568,False,False,1759223760000,30.4296903181,1313602.874538123
24.84,0.0286124454,0.0639793729,False,False,1759219020000,5.6284073818,26604860.078102436
25.92,0.0174002295,0.038908096,False,False,1759191300000,6.8068884473,3648330.501167784
21.73,0.1198270801,0.2679414966,False,False,1759259100000,21.8436875333,21806924.35472997
21.59,0.1278070988,0.285785361,True,False,1759245900000,13.1667506154,7030539.616057276
27.4,0.0088014652,0.0196806745,False,False,1760469180000,5.2770699064,32981077.908904936
20.31,0.2304384666,0.5152760759,False,False,1760420280000,13.7484045457,37682424.61560831
29.2,0.0038419789,0.008590926,False,False,1760428800000,8.3975611978,2847170.417981756
24.44,0.0343997255,0.0769201245,False,False,1760458440000,7.5852661643,51055631.68832404
27.99,0.0067074119,0.0149982289,False,False,1760454120000,11.4455888696,15475980.000515977
27.61,0.0079901508,0.0178665204,False,False,1760423340000,13.9973336505,32062728.868195284
28.17,0.0061738344,0.0138051134,False,False,1760478060000,1.9469452065,14495036.862311764
24.89,0.0279611466,0.0625230245,False,False,1760465100000,7.3464974297,8870146.44854129
23.0,0.0667659413,0.1492931834,False,False,1760476680000,4.1586794398,28763051.806120344
21.51,0.1326034968,0.2965104328,False,False,1760455620000,11.9143248537,26454724.792714246
26.5,0.0133215567,0.0297879063,False,False,1760418000000,6.7469493985,5717849.123968496
26.63,0.0125474356,0.028056919,False,False,1760439240000,9.0096930923,1362150.285551801
27.48,0.0084831076,0.0189688053,False,True,1760412000000,4.0979263846,3848003.640187559
25.92,0.0174002295,0.038908096,False,False,1760429640000,5.5036991277,2959523.310202105
23.55,0.0518268695,0.1158884032,False,False,1760473680000,16.7580490627,23649041.75362811
26.64,0.0124897854,0.0279280092,False,False,1760457120000,25.3961850137,1319822.824857409
23.39,0.0557898221,0.1247498347,False,False,1760422500000,20.5087106898,16398382.186076265
25.1,0.0253837029,0.0567596853,False,False,1760380980000,8.1450322422,11973437.560392903
22.6,0.0802703167,0.1794898848,False,False,1760373300000,1.5975066207,70511443.32075813
24.6,0.0319561887,0.0714562102,False,False,1760394480000,6.7130410357,38192014.90469482
28.36,0.0056565936,0.0126485278,False,True,1760355900000,17.0783532909,56353918.14737735
26.3,0.0146067964,0.0326617897,False,False,1760391120000,9.8258872287,12781156.328355258
26.73,0.011982708,0.0267941497,False,True,1760389500000,11.6100779759,46630792.20002372
24.75,0.0298232505,0.0666868155,False,False,1760375700000,10.2112232345,29910121.95777979
22.1,0.1010543415,0.2259643771,False,False,1760344380000,20.7949940073,35722081.201872334
28.39,0.0055789822,0.0124749835,False,True,1760371500000,8.3853124293,37016403.90292486
27.57,0.0081386988,0.0181986838,False,True,1760333940000,14.393094855,44113176.0610719
21.09,0.1608996045,0.3597824532,False,False,1760339040000,6.9386316664,17212270.250519123
23.91,0.0439091446,0.0981838322,False,False,1760340780000,16.2721122457,15074108.061637215
26.52,0.0131994239,0.0295148091,False,False,1760349720000,7.4572760565,2278157.521204475
27.0,0.0105816886,0.023661375,False,False,1760398020000,7.4651149013,1271724.401930962
24.06,0.040978398,0.0916304836,False,False,1760356080000,12.7882909504,4871187.098326889
27.66,0.0078082728,0.0174598287,False,False,1760363280000,22.7320213032,954651.806224684
30.04,0.002609486,0.0058349882,False,True,1760361840000,3.2450924209,219494.796955627
28.19,0.0061172324,0.0136785474,False,True,1760546400000,12.5263297474,49793994.43141058
19.8,0.2914439045,0.6516883822,True,False,1760563680000,30.6133900559,69440668.23239656
23.5,0.0530340723,0.1185877909,False,False,1760547540000,18.4607085099,35352858.54932747
28.6,0.0050647146,0.0113250461,False,False,1760563680000,4.583895952,57301608.057686694
25.8,0.0183888672,0.0411187571,False,False,1760502780000,9.1989685645,44777778.33163137
26.85,0.0113384836,0.0253536201,False,False,1760522040000,20.7275115909,13908692.9176569
26.0,0.0167708462,0.0375007522,False,False,1760557620000,17.2270219818,36246660.49442285
22.02,0.1048467509,0.2344444622,False,False,1760535420000,28.3856496037,57821861.12943469
24.31,0.0365220357,0.0816657545,False,False,1760544840000,5.3355637528,20897311.141478114
26.31,0.0145396843,0.0325117225,False,False,1760539140000,12.7867227736,68296800.43258148
23.54,0.0520660914,0.1164233197,False,False,1760522640000,15.0208650938,27067169.73597864
26.86,0.011286388,0.0252371308,False,False,1760541780000,7.4006982486,3942131.083744956
23.28,0.0586887658,0.1312320699,False,False,1760540820000,13.7641245672,49365816.66451869
26.02,0.0166170902,0.0371569432,False,False,1760557320000,14.3497063022,36410750.86751613
25.51,0.0210162379,0.0469937366,False,False,1760519880000,7.7474855043,24736096.845152225
27.05,0.01034082,0.0231227764,False,False,1760526060000,6.3828313111,20180479.676806822
24.36,0.0356906927,0.079806815,False,False,1760511900000,10.8477725344,14158066.223997211
26.22,0.0151549664,0.033887535,False,False,1760551200000,8.3080332195,797636.469915835
26.61,0.0126635356,0.0283165265,False,False,1760558940000,8.3622124751,97188.545092911
27.88,0.0070559416,0.015777565,False,False,1760500380000,5.4052146796,436194.043554777
24.62,0.0316632126,0.0708010957,False,False,1760568840000,17.9581467149,2110534.693606897
25.38,0.0223128464,0.0498930414,False,False,1760542980000,13.4998715082,6022751.60383496
24.95,0.0271991277,0.0608190985,False,False,1760538420000,12.1540405327,9288089.58187564
28.54,0.0052066091,0.011642332,False,True,1760545320000,11.7504464507,597958.319367415
31.96,0.0010778417,0.0024101273,False,False,1760551560000,9.4338273347,259304.375900049
22.05,0.1034081995,0.2312277636,False,False,1760525760000,21.1416550594,18716450.040390603
21.8,0.1160259082,0.2594418179,False,False,1760112060000,16.7260285699,70260036.02193816
26.5,0.0133215567,0.0297879063,False,False,1760083140000,16.4771934174,23883806.214611653
23.8,0.046190746,0.1032856481,False,False,1760139240000,10.0275543149,47119006.673862725
22.93,0.0689532874,0.154184238,False,False,1760108700000,15.5093542913,65308038.29348681
25.77,0.0186446818,0.041690776,False,False,1760085000000,8.3661150323,28095165.72767629
28.79,0.0046403953,0.0103762393,False,True,1760093280000,9.1932817532,43080564.73572815
26.17,0.0155079709,0.0346768771,False,False,1760083980000,8.9890183248,4775321.881032211
26.0,0.0167708462,0.0375007522,False,False,1760072040000,14.19746631,3708763.268475731
27.34,0.0090480497,0.0202320542,False,False,1760106540000,10.8298259612,823010.826791412
27.89,0.0070235225,0.0157050737,False,False,1760069880000,16.8176956419,136641.79687078
25.99,0.0168482569,0.0376738478,False,False,1760119560000,6.0743919722,1960521.928874239
25.03,0.0262153087,0.0586192124,False,False,1760138280000,12.1154303156,1202485.541045678
28.17,0.0061738344,0.0138051134,False,False,1760120820000,13.8991000325,933460.579788982
26.83,0.0114433973,0.0255882143,False,False,1760103180000,6.8121149136,4188570.745934994
26.26,0.014878357,0.0332690178,False,False,1760071980000,4.6328272841,20045229.140127044
26.31,0.0145396843,0.0325117225,False,False,1760069640000,4.3521475894,8694686.158614838
27.03,0.0104365024,0.0233367288,False,False,1760100600000,8.8541498228,5764925.404488381
18.81,0.4597851883,1.028110936,False,False,1760233080000,51.7044125793,74718468.89377014
20.74,0.1890405519,0.4227075246,False,False,1760294940000,9.179064926,66532318.0451028
25.4,0.022108281,0.0494356193,False,False,1760235840000,6.3183307862,20524744.273428757
26.94,0.0108781483,0.0243242791,False,False,1760297580000,5.3645555402,30520101.961980402
28.98,0.0042516252,0.0095069231,False,False,1760311800000,13.5009471036,35339607.813273706
24.8,0.0291443905,0.0651688382,False,False,1760308620000,20.4266761897,56990996.77350316
26.71,0.0120935826,0.0270420729,False,True,1760277720000,16.6268261751,68772897.04511666
24.74,0.0299609084,0.0669946278,False,False,1760239800000,23.9945506839,63408396.713787764
26.42,0.0138214936,0.0309057992,False,False,1760258340000,6.7113958351,28312618.408987913
23.23,0.0600558028,0.1342888574,False,False,1760260140000,33.1324358483,57328757.00433536
23.85,0.0451393163,0.1009345797,False,False,1760235060000,6.4521625414,21851693.641617224
25.36,0.0225193047,0.050354696,False,True,1760296140000,7.4312050452,21428845.37364301
25.0,0.02658,0.0594346868,False,False,1760310660000,7.2099725349,13829072.024432763
26.08,0.0161642283,0.0361443134,False,False,1760299320000,19.088529528,2534245.138985275
24.93,0.0274507982,0.0613818507,False,False,1760234280000,18.335130632,3716931.26729837
26.65,0.0124324001,0.0277996916,False,False,1760259480000,6.8476010959,2550206.723081517
26.38,0.0140784543,0.0314803809,False,False,1760267100000,6.5069798391,12357784.57255456
27.82,0.0072536229,0.016219594,False,False,1760297760000,3.841289857,7494992.427978887
26.81,0.0115492818,0.0258249791,False,False,1760276520000,9.2918407948,5226606.370366646
31.008,0.0016709174,0.0037362848,False,False,1760251620000,1.9220906333,154424.091763431
24.65,0.031228777,0.0698296682,False,False,1760312940000,9.4805741792,5178124.842254916
24.98,0.0268259417,0.0599846292,False,False,1760275920000,7.6586970003,9790577.338089224
25.0,0.02658,0.0594346868,False,True,1760204160000,23.2798599159,65573368.92038407
19.57,0.3240074354,0.7245026508,False,False,1760196060000,29.07460441,21975891.73806353
29.1,0.0040230458,0.0089958039,False,True,1760211600000,18.893095028,68455871.54281986
24.5,0.0334622374,0.0748238376,False,False,1760159460000,7.9851344003,21662180.3222602
22.37,0.0892390579,0.1995445996,False,False,1760162460000,13.191491371,39032939.35834895
21.96,0.1077841687,0.2410127282,False,False,1760204280000,11.1068398598,65729568.60422631
26.51,0.0132603497,0.0296510433,False,False,1760214120000,11.9272405397,51288535.83995499
24.36,0.0356906927,0.079806815,False,False,1760146380000,6.5264827562,15596666.57119999
28.21,0.0060611492,0.0135531417,False,False,1760215500000,16.6014176526,37454813.266537525
26.88,0.0111829138,0.0250057554,False,False,1760150220000,9.9891416916,32481147.12436476
23.38,0.0560473362,0.1253256538,False,False,1760189040000,10.0761856623,23961876.451114304
25.63,0.0198863453,0.04446722,False,False,1760198280000,7.5657397576,17191607.94231259
24.23,0.0378926498,0.0847305409,False,False,1760180700000,10.7805972206,30262905.01615441
23.69,0.0485909037,0.1086525639,False,False,1760181480000,5.7260301763,17962415.709740072
24.66,0.0310852938,0.0695088301,False,False,1760143980000,3.3538587623,25812704.27575192
24.8,0.0291443905,0.0651688382,False,False,1760221560000,5.6788119001,21678916.075333692
25.73,0.0189913123,0.0424658654,False,False,1760197080000,8.2877117933,6611711.312126135
24.16,0.0391340663,0.0875064325,False,False,1760142480000,14.7579273995,12450626.775931425
23.78,0.0466181437,0.1042413384,False,False,1760205000000,9.8735100358,24774445.376499288
28.8,0.0046190746,0.0103285648,False,False,1760210760000,5.3622796977,1305888.621014981
19.56,0.3255029858,0.727846803,False,False,1760196060000,29.0746044112,21975891.73806353
20.36,0.2251930467,0.5035469604,False,False,1760023020000,36.4366286631,70170345.77088325
20.59,0.2025606009,0.4529392731,False,False,1760042160000,17.5035633933,29656422.849510983
25.9,0.0175612318,0.0392681082,False,False,1760027100000,24.7638154344,73660759.01018398
26.76,0.0118182991,0.0264265201,False,False,1760045880000,14.1555974019,64000008.164002985
24.49,0.0336166921,0.0751692087,False,False,1759988700000,9.7442348048,16077901.661132663
24.64,0.0313729225,0.0701519874,False,False,1760002800000,14.2780978485,28416562.27029748
21.67,0.1231841913,0.2754482254,False,False,1760008140000,12.7507669881,10978634.2842517
25.34,0.0227276732,0.0508206223,False,False,1760019600000,5.7297256383,15678512.029630387
26.39,0.0140137697,0.0313357417,False,False,1759989780000,7.7555964869,3551621.925880981
25.43,0.021804944,0.0487573371,False,False,1759972140000,14.7510596311,494406.419437036
24.91,0.0277047973,0.06194981,False,False,1760013060000,8.0073298444,6272508.613752035
23.95,0.0431077124,0.0963917753,False,False,1760050320000,22.2173742054,6430297.086812831
23.66,0.0492668706,0.1101640716,False,False,1760030160000,8.7135100358,15055001.85551464
20.6,0.2016299194,0.4508582062,False,False,1760042160000,17.5035633939,29656422.849510983
25.2,0.0242412481,0.0542050786,False,False,1759898460000,18.3052886428,47262643.87657173
25.8,0.0183888672,0.0411187571,False,False,1759882080000,13.0947676574,62188993.269302085
25.65,0.0197040262,0.044059542,False,False,1759918200000,13.2171340601,4478839.861353798
26.5,0.0133215567,0.0297879063,False,False,1759917540000,18.420602078,60209055.27223714
25.37,0.0224158379,0.0501233372,False,False,1759956420000,9.7409613216,50158125.40077171
23.42,0.0550243571,0.1230382028,False,False,1759916160000,3.1339293811,65888566.62094542
27.75,0.0074912618,0.0167509707,False,False,1759917480000,12.8856126707,6575901.755828708
24.89,0.0279611466,0.0625230245,False,False,1759899060000,4.3766978202,25184952.628027
23.0,0.0667659413,0.1492931834,False,False,1759888380000,23.0434344909,9330756.49509685
23.73,0.0477040198,0.1066694311,False,False,1759903260000,8.0945006352,15069753.118043648
26.51,0.0132603497,0.0296510433,False,False,1759888080000,10.4841692829,3235266.801559223
25.87,0.0178055329,0.039814382,False,False,1759934940000,6.201477194,9656845.728422703
26.5,0.0133215567,0.0297879063,False,False,1759887180000,5.9948746802,11417062.04840238
26.19,0.0153657929,0.0343589575,False,False,1759943220000,17.4677714507,3232485.627558053
25.49,0.0212106988,0.0474285643,False,False,1759961580000,14.0249366134,1344448.504232784
25.3,0.0231502122,0.0517654482,False,False,1759905420000,5.9958613759,12263041.578641474
24.66,0.0310852938,0.0695088301,False,False,1759924080000,8.2264743196,24131858.07808689
18.23,0.6005580277,1.3428885744,False,False,1760600580000,15.4850273785,20298222.550363697
20.71,0.191670368,0.428587972,True,False,1760605680000,11.3204235086,51433934.30326685
29.6,0.0031956189,0.007145621,False,True,1760635500000,2.4909296778,16032152.582995843
27.4,0.0088014652,0.0196806745,False,False,1760601300000,15.6836376558,55834766.05611341
23.65,0.0494942761,0.1106725658,False,False,1760575020000,12.5722130199,62352957.217235416
21.78,0.1170994827,0.2618424035,False,False,1760584080000,8.9475694271,19869079.86225052
25.5,0.0211132445,0.0472106499,False,False,1760592600000,12.2142547595,46493523.70775593
26.91,0.0110294785,0.0246626636,False,False,1760640060000,8.245293356,10592209.208077872
26.2,0.0152951935,0.0342010925,False,True,1760608440000,17.121918209,43447891.6691046
24.28,0.0370301078,0.0828018383,False,False,1760601840000,6.3168136914,15634209.084183283
24.57,0.0324007435,0.0724502651,False,False,1760654700000,6.5874496491,14227644.25317336
26.68,0.0122618211,0.0274182656,False,False,1760596200000,7.4685305743,5765216.252667235
26.11,0.0159424468,0.0356483948,False,False,1760580720000,8.4313106952,3311708.291252249
21.64,0.1248978541,0.2792800919,False,False,1760640780000,7.9347296933,19018489.890215684
26.55,0.013018321,0.0291098508,False,False,1760605620000,9.3182387841,1256499.303108517
28.8,0.0046190746,0.0103285648,False,True,1760636400000,10.194985988,172028.290391847
28.14,0.006259721,0.0139971617,False,False,1760594580000,3.0466909724,3477450.823221797
19.85,0.2848098313,0.6368541435,False,False,1760615460000,17.160557491,11238603.921879638
20.54,0.2072788434,0.4634895841,True,False,1761043440000,24.6570869296,28618198.761682704
23.0,0.0667659413,0.1492931834,False,False,1761015720000,13.123781032,42713594.742869526
23.82,0.0457672667,0.1023387195,False,False,1761046860000,6.2038440879,68940328.0882449
21.78,0.1170994827,0.2618424035,False,False,1761026940000,15.155325196,16675555.83307058
25.9,0.0175612318,0.0392681082,False,False,1761068940000,9.7317036799,13401894.319301821
29.38,0.0035363478,0.0079075142,False,True,1761015240000,7.3124558239,58124372.70622324
27.21,0.0096062741,0.021480282,False,True,1761027840000,20.5975210562,59567494.75376528
26.04,0.0164647438,0.0368162863,False,False,1761029400000,14.8462677798,60249902.91080149
29.21,0.0038243266,0.0085514543,False,True,1761042480000,8.9779328496,2555513.617761045
22.59,0.0806408277,0.1803183724,False,False,1761020520000,12.2080149843,11682513.236223072
26.83,0.0114433973,0.0255882143,False,False,1761082560000,9.5355353475,15618506.528798947
22.9,0.0699125232,0.1563291544,False,False,1761037080000,5.9253276328,20092862.971908417
24.08,0.0406027058,0.0907904103,False,False,1761036480000,12.5344988317,3809783.807888053
26.57,0.0128989683,0.02884297,False,False,1761063420000,7.7318639196,5904183.084673768
24.49,0.0336166921,0.0751692087,False,False,1761042060000,7.4183837269,3567417.052427274
25.63,0.0198863453,0.04446722,False,False,1761066840000,7.2596248899,6084464.106121822
26.23,0.0150853356,0.0337318359,False,True,1761005940000,11.6336046814,1426481.977266197
26.23,0.0150853356,0.0337318359,False,False,1761062700000,6.5356065075,4551333.104222636
25.37,0.0224158379,0.0501233372,False,False,1761042900000,12.6388235602,6209759.56278373
30.17,0.0024578477,0.0054959146,False,False,1761082200000,7.1276192857,61680.877297144
28.42,0.0055024357,0.0123038203,False,False,1761072600000,5.5077850557,519719.336467404
26.63,0.0125474356,0.028056919,False,False,1761042420000,10.3320010066,3796214.383491833
22.23,0.095182033,0.212833496,False,False,1761043440000,13.8167301387,16912839.641863223
27.82,0.0072536229,0.016219594,False,False,1761064560000,12.8788763798,1579486.669479281
25.28,0.0233644185,0.052244428,False,False,1761022020000,21.3131278332,4707324.981663667
25.0,0.02658,0.0594346868,False,False,1761046680000,5.6759996948,18408417.853405446
21.95,0.1082816778,0.2421251924,True,False,1761066360000,19.9677051671,24484977.716709223
25.26,0.0235806068,0.0527278398,False,False,1761052980000,2.6318888068,13266598.933180615
22.725,0.0757800656,0.1694493779,False,False,1761037080000,5.9252991023,20092480.584792912
20.54,0.2072788434,0.4634895841,True,False,1761043440000,24.6570869297,28618198.761682704
26.8,0.0116025908,0.0259441818,False,False,1760937780000,19.5215233904,57796387.27501577
29.5,0.0033462237,0.0074823838,False,False,1760976900000,11.5730711645,26595381.078346048
26.6,0.0127219879,0.0284472297,False,False,1760996640000,21.1677926127,62138736.76246281
27.4,0.0088014652,0.0196806745,False,False,1760989800000,4.8667809335,42517233.62589262
28.1,0.0063760979,0.0142573883,False,False,1760918640000,23.4858179295,73013416.78835298
23.41,0.0552783379,0.1236061213,False,False,1760941200000,17.403298758,71088842.37493189
24.2,0.0384197891,0.0859092601,False,False,1760931360000,32.4734773327,58014589.77077141
26.76,0.0118182991,0.0264265201,False,False,1760926320000,11.0906950278,14683502.682423258
25.68,0.0194336768,0.0434550225,False,False,1760995680000,8.3167609405,37793141.96927573
26.45,0.0136318556,0.0304817558,False,False,1760935860000,20.6137202829,58639465.23488792
26.97,0.0107288945,0.0239905375,False,True,1760963400000,18.2863642077,57079332.96935733
23.89,0.0443154309,0.099092316,False,False,1760962980000,10.3181833521,12559326.039372765
25.07,0.0257368254,0.0575492912,False,False,1760933580000,7.1844099277,2971301.793778046
25.77,0.0186446818,0.041690776,False,False,1760973540000,13.066852318,2744612.251822426
23.99,0.042320908,0.0946324271,False,False,1760940780000,12.6606448416,10634606.919932015
24.25,0.0375452479,0.0839537266,False,False,1760948160000,17.0313385709,7555557.544522423
28.36,0.0056565936,0.0126485278,False,False,1760918580000,8.3601493443,1473890.454816204
25.85,0.0179702855,0.0401827799,False,False,1760935440000,6.1862407055,11484598.365848769
25.52,0.0209196771,0.04677782,False,False,1760933280000,6.7863838503,12681432.772556262
23.77,0.0468333233,0.1047224945,False,False,1760994300000,10.0623184312,10219862.338656137
26.07,0.016238839,0.0363111479,False,False,1760972520000,11.734948409,4465324.292190778
18.27,0.5895966084,1.3183780956,True,False,1761184620000,28.4759615044,12783978.566971743
23.4,0.0555334912,0.1241766613,False,False,1761241920000,5.4839481719,37048861.19535239
26.0,0.0167708462,0.0375007522,False,False,1761254100000,18.7323453875,30534207.649861213
23.02,0.0661538275,0.1479244553,False,False,1761242760000,16.4183998583,42770501.353743486
24.3,0.0366906138,0.0820427065,False,False,1761199800000,9.7104706028,39005519.11596304
24.9,0.0278326768,0.0622357573,False,False,1761218160000,6.8630374225,63502914.59282608
26.1,0.0160160338,0.0358129403,False,False,1761233640000,9.0636858456,43423122.09153807
24.63,0.0315177333,0.0704757942,False,False,1761233760000,10.495466812,53847798.26065993
28.63,0.0049952241,0.0111696606,False,False,1761181020000,18.2975277413,37250953.82560304
25.61,0.0200703514,0.0448786701,False,False,1761193320000,13.2849680425,5773070.395158614
25.48,0.0213086029,0.0476474846,False,False,1761200220000,9.59611237,41568499.627169184
25.83,0.0181365625,0.0405545866,False,False,1761241920000,7.9771198252,8239014.457426274
25.86,0.0178877195,0.0399981568,False,False,1761203040000,6.4034055171,33354298.714123428
27.97,0.0067694748,0.0151370059,False,False,1761200460000,4.3039224187,19333182.653086428
27.29,0.0092588058,0.0207033192,False,False,1761187680000,6.8375181958,7055713.900741515
26.97,0.0107288945,0.0239905375,False,False,1761257760000,9.6448005297,810209.871693595
27.6,0.0080270317,0.0179489885,False,False,1761257280000,9.2048748738,2251076.073114754
28.26,0.0059231806,0.0132446345,False,False,1761208260000,9.9488439792,486585.77190875
27.05,0.01034082,0.0231227764,False,False,1761191760000,9.5786563896,1357909.814248355
25.02,0.0263363131,0.0588897864,False,False,1761206760000,16.8993408024,2577508.528833748
28.35,0.0056827032,0.0127069107,False,False,1761260820000,8.3884645888,137707.816332613
28.17,0.0061738344,0.0138051134,False,False,1761216660000,13.021685595,640374.386880208
29.29,0.003685997,0.0082421398,False,False,1761198720000,6.8110374502,709397.871712053
29.067,0.0040846512,0.0091335577,False,False,1761260100000,3.3117090236,22478463.104526658
23.8,0.046190746,0.1032856481,False,False,1761138240000,17.608379672,69625153.34294607
27.1,0.0101054342,0.0225964377,False,False,1761161700000,8.9298572366,42832638.22030818
29.6,0.0031956189,0.007145621,False,True,1761094380000,19.5890193943,59262852.26003708
22.91,0.0695913044,0.1556108872,False,False,1761125940000,24.9038897779,46966529.67317628
25.27,0.0234722638,0.0524855773,False,False,1761144120000,7.5017500725,57383214.86263508
25.19,0.0243531406,0.0544552779,False,False,1761122340000,14.7616149791,51266028.72073519
25.77,0.0186446818,0.041690776,False,False,1761091620000,21.7519303758,61200734.19686339
25.55,0.0206326484,0.0461360043,False,False,1761152640000,4.2319389822,6833654.607339626
26.75,0.0118728499,0.0265484994,False,False,1761112980000,14.1168164744,63270969.48322013
26.03,0.0165407416,0.0369862226,False,False,1761101820000,7.2005564738,20155531.494343303
23.36,0.0565659358,0.1264852778,False,False,1761169560000,6.9412306438,13990040.364778068
21.27,0.1480999721,0.331161605,False,False,1761166560000,19.5366681225,11234562.879496688
26.41,0.0138852907,0.0310484539,False,False,1761176760000,10.7646064504,3977638.003551373
27.34,0.0090480497,0.0202320542,False,True,1761145380000,5.423295791,1232627.596997942
26.61,0.0126635356,0.0283165265,False,False,1761174120000,15.3171336112,264894.803422588
27.64,0.0078805218,0.0176213825,False,True,1761098400000,15.2580257931,950291.940861191
26.08,0.0161642283,0.0361443134,False,True,1761160440000,11.7464862666,2119393.56531277
27.23,0.0095182033,0.0212833496,False,False,1761165420000,11.3375703826,1759029.709674838
28.04,0.0065547326,0.0146568276,False,True,1761143760000,10.5553720586,355937.46410165
25.39,0.0222103282,0.0496638037,False,False,1761171900000,7.1984667404,5264808.75955451
23.84,0.0453476699,0.1014004725,False,False,1761103500000,10.9542356525,27162432.50769104
26.16,0.0155795524,0.0348369383,False,False,1761177300000,9.1547266548,1812444.91570002
25.95,0.0171614894,0.0383742569,False,False,1761147840000,14.5012247095,6085582.694275173
30.87,0.0017805533,0.0039814382,False,True,1761138120000,15.4026716787,283259.886737398
29.25,0.0037545248,0.0083953727,False,False,1761161220000,7.830821708,255976.990155935
29.5,0.0033462237,0.0074823838,False,True,1760772780000,3.3974657911,26824349.42969559
26.1,0.0160160338,0.0358129403,False,False,1760801040000,11.6659995051,23114513.35001473
26.4,0.0139493823,0.0311917671,False,False,1760760480000,16.2077052523,21299753.392316677
25.49,0.0212106988,0.0474285643,False,False,1760772000000,8.5484584041,13058001.967059813
26.47,0.013506878,0.0302022973,False,False,1760752620000,5.0560354097,14023850.784899537
27.84,0.0071871213,0.0160708919,False,False,1760804160000,4.9846943207,55951810.45721526
26.23,0.0150853356,0.0337318359,False,False,1760752320000,2.0055020532,15350949.885596087
23.7,0.0483676488,0.1081533507,False,False,1760775540000,2.239624981,27251174.113772906
24.57,0.0324007435,0.0724502651,False,False,1760788680000,5.841421769,16568625.564441992
25.95,0.0171614894,0.0383742569,False,False,1760812560000,6.1756239713,17671252.866726313
27.07,0.0102460147,0.0229107855,False,False,1760805000000,8.1962586953,3227763.107038106
29.0,0.0042126461,0.0094197631,False,False,1760789340000,10.3195167693,1471957.396019425
29.61,0.0031809363,0.0071127899,False,False,1760799420000,14.3884576082,108559.703588416
25.46,0.021505769,0.0480883614,False,False,1760772720000,13.9998959386,14396761.50365309
27.84,0.0071871213,0.0160708919,False,False,1760790600000,9.1899360438,2189816.418540169
25.28,0.0233644185,0.052244428,False,False,1760782620000,8.380815807,17661922.50741356
29.49,0.0033616692,0.0075169209,False,True,1760756640000,4.9053832303,269936.760274346
25.44,0.0217047594,0.0485333175,False,False,1760794320000,9.7992005471,9668732.610615246
26.52,0.0131994239,0.0295148091,False,False,1760794380000,5.0722485649,6012214.139309178
19.66,0.3108529381,0.6950883007,False,False,1760742060000,12.3147719236,44448459.81884455
24.5,0.0334622374,0.0748238376,False,False,1760673180000,12.2461515702,37725765.43731429
25.72,0.0190789723,0.0426618789,False,False,1760694720000,10.1493581757,31867610.460724466
24.27,0.037201031,0.0831840342,False,False,1760711880000,9.9276800386,27652727.828062605
25.43,0.021804944,0.0487573371,False,False,1760727420000,18.5353381587,74315176.8073517
25.56,0.02053785,0.0459240286,False,False,1760728860000,12.161230915,33930277.57587811
25.81,0.018304378,0.0409298336,False,False,1760718960000,6.1048361618,56607418.76919224
26.53,0.0131387781,0.0293792009,False,False,1760732340000,18.0102964349,67934517.71498463
23.0,0.0667659413,0.1492931834,False,False,1760740080000,15.3003864934,70622163.14279042
25.61,0.0200703514,0.0448786701,False,False,1760712900000,21.5190109093,60881315.86167615
24.38,0.0353634784,0.0790751417,False,False,1760683980000,5.2204661684,22017403.202216223
23.89,0.0443154309,0.099092316,False,False,1760679000000,16.3410999387,4889038.50743548
24.85,0.0284809831,0.0636854144,False,False,1760723820000,14.5608406312,2198080.459195348
28.78,0.0046618144,0.0104241338,False,False,1760736780000,7.1718599001,1263069.088046798
27.21,0.0096062741,0.021480282,False,False,1760724060000,10.5480079376,660127.648669896
28.818,0.0045809439,0.010243302,False,False,1760736780000,7.1762936295,1263850.108606494
27.35,0.0090064777,0.0201390963,False,False,1760704260000,9.5585700206,1421848.422599539
27.79,0.0073545309,0.016445231,False,False,1760736180000,14.1130196665,617792.064811163
25.65,0.0197040262,0.044059542,False,False,1760698860000,16.5579807822,5202084.571752199
24.41,0.0348782733,0.0779901901,False,False,1760698140000,7.6068688234,10668981.114586368
24.0,0.0421264611,0.0941976306,False,False,1760689200000,11.9000364964,16582401.19454222
21.66,0.1237527837,0.2767196367,False,False,1760911800000,9.8683054146,22677275.816437345
27.3,0.0092162655,0.0206081961,False,False,1760845320000,3.0952443408,25176791.181591064
20.09,0.2550086879,0.5702167609,False,False,1760877600000,10.4851803818,29818105.295288727
25.04,0.0260948603,0.0583498816,False,False,1760892240000,6.182981038,12114464.669224864
27.4,0.0088014652,0.0196806745,False,False,1760876160000,10.1242993258,37988300.394176774
28.1,0.0063760979,0.0142573883,False,False,1760848380000,11.7988943023,15893652.34674584
26.99,0.0106305314,0.023770591,False,False,1760832840000,3.1081056961,25213483.52987915
23.93,0.0435065831,0.0972836774,False,False,1760850540000,14.4119704741,53192970.55036861
24.61,0.0318093633,0.0711278987,False,False,1760883060000,19.6228165394,56825873.80111222
24.43,0.0345585074,0.0772751717,False,False,1760866080000,21.7666807109,18833265.736268796
25.07,0.0257368254,0.0575492912,False,False,1760842800000,16.0569656991,5667764.53500142
26.73,0.011982708,0.0267941497,False,False,1760861880000,22.8067711322,447043.898352693
25.19,0.0243531406,0.0544552779,False,False,1760883000000,7.7713282484,5316822.89176842
25.82,0.0182202771,0.0407417781,False,False,1760914920000,4.3987488047,13370366.119405711
25.91,0.0174805453,0.0390876876,False,False,1760856780000,11.8657814624,4157924.634919552
23.46,0.0540200494,0.1207925025,False,False,1760876760000,14.9177631997,27393995.73881424
26.01,0.0166937912,0.0373284519,False,False,1760877420000,8.2959229645,7367519.200324454
24.94,0.0273246732,0.0610998267,False,False,1760907660000,10.176596645,3457216.708998568
20.1,0.2538370294,0.5675968529,False,False,1760877600000,10.4851806859,29818106.028318293
31.79,0.0011656146,0.0026063935,False,False,1760848500000,16.6881086748,12280.952901697
28.25,0.0059505208,0.013305769,False,False,1760867460000,18.4835652883,2343692.069552393
24.72,0.0302381333,0.0676145215,False,False,1760887380000,7.6650408289,9874535.986111669
26.6,0.0127219879,0.0284472297,False,False,1761405420000,22.4517994095,73240137.56634386
24.93,0.0274507982,0.0613818507,False,False,1761360300000,6.6748165102,5824214.316562734
24.32,0.0363542322,0.0812905344,False,False,1761364260000,4.4780853717,17619820.356071174
23.4,0.0555334912,0.1241766613,False,False,1761367500000,28.0721843162,31274486.15716951
25.1,0.0253837029,0.0567596853,False,False,1761350880000,17.8522504933,31022400.207612276
26.27,0.0148099972,0.0331161605,False,False,1761386280000,19.7581734106,74144094.45421143
22.6,0.0802703167,0.1794898848,False,False,1761381360000,18.2342699012,26700348.817397468
26.7,0.0121494041,0.0271668934,False,False,1761419760000,17.0278868366,41511907.35133966
24.26,0.0373727432,0.0835679943,False,False,1761402240000,9.4162530655,48003290.6489566
21.19,0.1536579294,0.3435895754,True,False,1761357000000,25.8847933144,9174403.862392314
26.53,0.0131387781,0.0293792009,False,False,1761358860000,11.7794061929,36290545.28390373
23.79,0.0464039528,0.1037623929,False,False,1761357360000,11.7638998505,61054753.60335999
23.89,0.0443154309,0.099092316,False,False,1761408840000,3.5279782444,69824242.82587604
25.74,0.0189040552,0.0422707525,False,False,1761392040000,12.5667206674,1903306.338559577
27.69,0.0077011393,0.0172202709,False,False,1761369840000,14.3814748679,1392378.210681445
28.74,0.004748484,0.010617933,False,False,1761373500000,3.1403919895,2009753.660384445
28.54,0.0052066091,0.011642332,False,True,1761390600000,6.2984279277,738634.142481041
24.99,0.0267026877,0.0597090249,False,False,1761370620000,9.4516094903,20247638.18483253
24.8,0.0291443905,0.0651688382,False,False,1761359160000,25.8331502287,6299341.220744798
28.0,0.0066765941,0.0149293183,False,False,1761397860000,3.2806890429,1814366.290903152
30.2,0.0024241248,0.0054205079,False,False,1761390480000,10.1592816055,235593.786695464
27.63,0.0079168967,0.0177027191,False,False,1761372300000,14.164671395,588507.189694212
24.77,0.0295498293,0.0660754271,False,False,1761364860000,8.1617816934,27097026.837908123
28.29,0.0058419115,0.0130629113,False,False,1761422640000,26.6928646818,202953.700630579
28.46,0.0054020049,0.0120792502,False,False,1761409620000,8.6833870116,1650232.369869927
30.15,0.0024805899,0.0055467677,False,False,1761411240000,9.3249261564,202006.566596035
24.2,0.0384197891,0.0859092601,False,False,1761410760000,8.9799796635,1853809.02595076
25.54,0.0207278843,0.0463489584,False,False,1761360840000,3.7133316538,28804817.167778
17.96,0.6800721287,1.5206875095,False,False,1761349920000,19.8270308963,27622615.557046257
19.73,0.3009920165,0.6730386097,False,False,1761322800000,13.7651529818,15867868.734977303
24.58,0.0322518756,0.0721173863,False,False,1761308640000,13.0762564932,12209951.70310418
25.93,0.0173202827,0.0387293295,False,False,1761327360000,8.5330490742,40011761.81210783
25.01,0.026457876,0.0591616093,False,False,1761276540000,6.1320178069,11919859.068292616
23.2,0.0608912622,0.1361570015,False,False,1761264300000,17.1301484571,71708815.45700935
25.0,0.02658,0.0594346868,False,False,1761309420000,10.8678738,31887214.67815627
25.34,0.0227276732,0.0508206223,False,False,1761329160000,9.8125214677,8535207.768175375
24.28,0.0370301078,0.0828018383,False,False,1761315600000,17.9890670796,28946904.0728004
24.18,0.038775283,0.0867041687,False,False,1761285960000,1.7135714362,23931569.074555904
23.17,0.061738344,0.1380511341,False,False,1761311940000,12.1540901999,10613385.474726574
25.7,0.0192555078,0.0430566244,False,False,1761333840000,6.8336026883,2432854.090528324
25.38,0.0223128464,0.0498930414,False,False,1761274320000,14.0600987089,3478756.618149666
24.72,0.0302381333,0.0676145215,False,False,1761270420000,8.1995546388,9745542.859057821
26.95,0.0108281678,0.0242125192,False,False,1761318000000,2.8883770264,594834.79064075
24.82,0.0288771931,0.0645713667,False,False,1761288660000,14.974861929,1135224.543519238
28.31,0.0057883526,0.0129431498,False,True,1761279420000,6.5529060201,930647.047768531
27.12,0.010012787,0.0223892723,False,True,1761316920000,13.1602356153,2807473.740549823
22.95,0.0683211199,0.1527706684,False,False,1761307260000,22.9945469607,7903835.373283268
28.34,0.0057089334,0.0127655632,False,False,1761336480000,13.9359786198,367174.104192451
24.68,0.0308003021,0.0688715693,False,False,1761335940000,10.2156705822,14372465.50806362
23.17,0.061738344,0.1380511341,False,False,1761344040000,15.8858538659,18033907.125593092
21.56,0.1295850727,0.2897610314,True,False,1761606720000,10.9324605241,6677062.872359469
25.0,0.02658,0.0594346868,False,False,1761602880000,15.6450995351,61811572.69836058
27.1,0.0101054342,0.0225964377,False,False,1761581220000,5.7813375741,52881020.499886654
27.9,0.0069912523,0.0156329154,False,False,1761599760000,12.2546741861,40238256.42803884
26.3,0.0146067964,0.0326617897,False,False,1761536820000,9.6774572391,50348729.81219357
26.82,0.0114962176,0.0257063241,False,False,1761524760000,21.0666086435,46812563.68001037
26.47,0.013506878,0.0302022973,False,False,1761585840000,27.1216079455,20855331.83990657
25.11,0.0252670754,0.0564988982,False,False,1761530940000,17.3312479546,43226353.35028498
27.38,0.0088829042,0.0198627775,False,True,1761558900000,6.752667145,20938217.81136197
22.47,0.0852226386,0.1905636132,False,False,1761534120000,6.7232273358,19721154.122442443
27.26,0.0093876087,0.0209913311,False,False,1761573960000,3.2216049916,2359010.203290191
27.32,0.0091317703,0.020419259,False,False,1761589200000,8.4721780999,935327.561206582
23.47,0.0537718498,0.1202375114,False,False,1761602400000,19.0922907084,10321194.654989325
26.59,0.0127807099,0.0285785361,False,False,1761592620000,12.5091677053,6968295.876774257
29.64,0.0031372922,0.0070151987,False,True,1761558900000,8.7413557709,122543.768400915
26.88,0.0111829138,0.0250057554,False,False,1761605760000,7.1901758584,3270149.374655195
18.78,0.4661814374,1.0424133839,False,False,1761499320000,12.353005463,29772688.44410161
24.65,0.031228777,0.0698296682,False,False,1761476280000,4.2075394235,3276506.625899567
29.75,0.0029823251,0.0066686815,False,False,1761472140000,13.82763864,61096028.14936596
28.4,0.0055533491,0.0124176661,False,False,1761483300000,28.7204948044,56621407.47153871
24.92,0.0275775053,0.0616651765,False,False,1761446520000,6.2635226559,35027382.11375649
24.48,0.0337718597,0.0755161741,False,False,1761449520000,9.7835022401,12649592.077669509
23.99,0.042320908,0.0946324271,False,False,1761456120000,27.0111168478,72717039.2029476
25.56,0.02053785,0.0459240286,False,False,1761454440000,13.3450579544,6209507.385654271
24.23,0.0378926498,0.0847305409,False,False,1761480660000,14.5169370982,7252273.788408294
27.38,0.0088829042,0.0198627775,False,False,1761468960000,7.7103568346,5572677.047113298
24.83,0.0287445144,0.0642746882,False,False,1761494400000,7.6002911897,8879416.235676479
25.3,0.0231502122,0.0517654482,False,False,1761477300000,5.3482694266,25230862.95770789
25.52,0.0209196771,0.04677782,False,False,1761510960000,10.7255589362,6339347.565767631
27.11,0.0100590039,0.0224926165,False,False,1761474000000,14.8063770198,1534447.014361576
25.88,0.0177237239,0.0396314515,False,False,1761479400000,17.4873956342,2543827.630548125
27.25,0.0094309399,0.0210882227,False,False,1761446880000,9.8507006302,1480923.529398088
27.86,0.0071212294,0.015923553,False,False,1761446640000,13.0546126938,615806.108207552
25.62,0.0199781365,0.0446724713,False,False,1761503520000,20.2997554608,3324532.045065454
28.241,0.0059752348,0.0133610312,False,True,1761468960000,3.5888015933,29898991.053463504
20.45,0.2160503512,0.4831032718,False,False,1761952620000,6.9416652531,14358910.3553042
25.09,0.0255008688,0.0570216761,False,False,1761922680000,6.0795351076,39448542.76603672
24.4,0.0350392641,0.0783501764,False,False,1761896100000,28.146954899,69677566.8865131
27.2,0.0096506147,0.0215794305,False,False,1761893340000,20.3204337581,53042339.61731754
23.36,0.0565659358,0.1264852778,False,False,1761880620000,15.0140584537,15027942.188874792
24.22,0.0380675544,0.0851216393,False,False,1761915180000,21.1809955001,58426598.01252776
28.43,0.0054771543,0.0122472894,False,False,1761952020000,5.0684069287,54802881.89609616
24.71,0.0303777061,0.0679266159,False,False,1761876000000,10.8551889628,45325255.25368153
25.58,0.0203495578,0.0455029946,False,False,1761890880000,12.6829801507,12814629.68951583
28.26,0.0059231806,0.0132446345,False,False,1761880260000,18.1283569417,57024033.05456696
24.03,0.0415484643,0.0929051906,False,False,1761874440000,13.01239434,27219444.226028465
24.99,0.0267026877,0.0597090249,False,False,1761885420000,9.194969851,14771280.593986375
20.97,0.1700415193,0.3802243961,False,False,1761910860000,23.4708946015,23701026.38514205
28.14,0.006259721,0.0139971617,False,False,1761901800000,7.7688173571,849680.476824384
28.22,0.0060333008,0.0134908707,False,False,1761928560000,2.4438961079,2774425.027903033
26.46,0.0135692229,0.0303417048,False,False,1761947340000,13.1024172044,290869.212314522
24.4,0.0350392641,0.0783501764,False,False,1761935040000,17.7435927985,3816222.305735622
23.23,0.0600558028,0.1342888574,False,False,1761940500000,10.7085972733,27576315.480034653
23.37,0.056306039,0.1259041307,False,False,1761880620000,15.014058434,15027942.188874792
21.2,0.1529519353,0.3420109247,False,False,1761808440000,25.2441463566,74516130.74349527
24.4,0.0350392641,0.0783501764,False,False,1761818580000,17.218732175,53759812.87181092
20.89,0.1764229081,0.3944936153,False,False,1761861600000,9.8648062546,66566545.75352284
27.0,0.0105816886,0.023661375,False,False,1761845520000,9.2149760068,29325149.00280454
24.89,0.0279611466,0.0625230245,False,False,1761831840000,7.1126873159,61037947.15033314
22.8,0.0732073989,0.1636967205,False,False,1761787200000,14.9165997403,40375330.727311574
23.43,0.0547715431,0.1224728936,False,False,1761823680000,15.3914641428,52813890.80441072
25.09,0.0255008688,0.0570216761,False,False,1761859920000,14.823348319,64285518.84045326
25.2,0.0242412481,0.0542050786,False,False,1761825000000,28.753255531,71335800.55829912
23.79,0.0464039528,0.1037623929,False,False,1761867540000,12.961372622,73389473.05663964
26.73,0.011982708,0.0267941497,False,False,1761784800000,19.9451292894,71846671.06107773
23.06,0.0649463841,0.1452245297,False,False,1761786480000,8.4864941773,27681909.510568827
25.49,0.0212106988,0.0474285643,False,False,1761785400000,8.6721918306,8174262.545295048
23.36,0.0565659358,0.1264852778,False,False,1761828720000,10.2111461939,5839231.698742684
26.48,0.0134448195,0.0300635304,False,False,1761838980000,24.4905000278,1304989.762213086
29.83,0.0028744514,0.0064274688,False,True,1761860040000,7.7917498049,419469.944155358
34.06,0.000409784,0.0009163048,False,False,1761826260000,11.3649293026,6599.180919736
27.04,0.010388551,0.0232295062,False,False,1761792660000,8.9417579296,910265.071010594
30.33,0.0022832579,0.00510552,False,True,1761798240000,8.1405063218,47069.967489771
27.07,0.0102460147,0.0229107855,False,False,1761821640000,6.4040431709,934477.994902852
24.8,0.0291443905,0.0651688382,False,False,1761696360000,12.6789433327,49363422.0514136
24.57,0.0324007435,0.0724502651,False,False,1761741840000,14.6649270564,40672052.16342114
25.5,0.0211132445,0.0472106499,False,False,1761728220000,15.0719108884,8792129.10984547
26.17,0.0155079709,0.0346768771,False,False,1761764520000,10.822494148,33215252.146452185
26.48,0.0134448195,0.0300635304,False,False,1761759360000,21.5799904848,47187501.10582732
26.91,0.0110294785,0.0246626636,False,False,1761698040000,19.5427954467,7875891.643070867
26.72,0.0120380177,0.0269178258,False,False,1761698640000,19.4024875889,48785791.71893284
22.91,0.0695913044,0.1556108872,False,False,1761767460000,7.6179320557,27514269.808331516
24.31,0.0365220357,0.0816657545,False,False,1761735300000,13.5931216928,14250412.914349277
25.43,0.021804944,0.0487573371,False,False,1761717780000,8.8651412925,7377150.804868025
26.07,0.016238839,0.0363111479,False,False,1761773280000,12.3571924127,1500636.115526923
26.16,0.0155795524,0.0348369383,False,False,1761715620000,3.2456964709,949647.907071054
27.7,0.0076657557,0.0171411509,False,False,1761742740000,2.9933899405,774059.351930864
26.41,0.0138852907,0.0310484539,False,False,1761722280000,5.5810047581,1643179.009816871
24.75,0.0298232505,0.0666868155,False,False,1761759720000,11.6442238477,8084383.411969485
27.24,0.0094744711,0.0211855615,False,False,1761767820000,13.8145643726,1530637.100687777
29.97,0.0026949765,0.0060261506,False,True,1761707520000,9.5709883348,100072.582589493
28.65,0.0049494276,0.0110672566,False,False,1761748080000,19.9834129626,347276.704855018
24.9,0.0278326768,0.0622357573,False,False,1761741720000,19.702163896,289948.19806808
28.44,0.0054519891,0.0121910182,False,False,1761714600000,6.0122581439,923814.613849891
25.62,0.0199781365,0.0446724713,False,False,1761758520000,6.3809639103,8836856.165254025
29.21,0.0038243266,0.0085514543,False,True,1761700440000,6.9965804572,502423.39920991
29.76,0.0029686225,0.0066380417,False,False,1761741780000,17.7492475089,218587.62051216
27.59,0.0080640828,0.0180318372,False,False,1761761520000,6.8293603757,1031309.524679008
24.36,0.0356906927,0.079806815,False,False,1761721680000,11.9307781553,12868932.654180951
26.67,0.0123184191,0.0275448225,False,False,1761709680000,16.3437987169,734404.023350199
25.49,0.0212106988,0.0474285643,False,False,1761733020000,7.6455972631,464920.305265361
24.3,0.0366906138,0.0820427065,False,False,1761769800000,6.754059714,16979975.14173652
21.25,0.1494703242,0.3342258056,False,False,1761619920000,14.0466344501,17478113.20524177
27.0,0.0105816886,0.023661375,False,False,1761627420000,13.6347125253,26829276.600101694
23.32,0.0576175751,0.1288368146,False,False,1761660960000,21.4387012601,63641815.781287245
25.05,0.0259749653,0.0580817882,False,False,1761682620000,13.3086541892,14041779.311710112
27.5,0.008405334,0.0187948982,False,False,1761637500000,23.414651718,68258586.18028252
27.75,0.0074912618,0.0167509707,False,False,1761690120000,5.7811018789,3995065.033422348
31.008,0.0016709174,0.0037362848,False,False,1761618780000,1.9505376158,151088.537975615
27.26,0.0093876087,0.0209913311,False,False,1761672600000,8.5575083192,2218804.611161336
23.41,0.0552783379,0.1236061213,False,False,1761638760000,10.9495345374,19876509.924700025
27.76,0.0074568426,0.016674007,False,False,1761647580000,8.1116736035,492862.659177358
24.94,0.0273246732,0.0610998267,False,False,1761617160000,14.770905614,2789040.066611618
27.09,0.0101520787,0.0227007381,False,False,1761633900000,10.3673180601,234755.155996031
25.58,0.0203495578,0.0455029946,False,False,1761672600000,9.1916798436,13353131.801510872
27.2,0.0096506147,0.0215794305,False,False,1761633300000,13.9654349225,1263285.301848309
27.01,0.0105330702,0.0235526609,False,False,1761672720000,10.4412878067,760245.394856342
25.26,0.0235806068,0.0527278398,False,False,1761667860000,4.8221536282,10075685.850585574
26.2,0.0152951935,0.0342010925,False,False,1762290120000,13.0428095513,11938668.158085587
25.45,0.0216050351,0.0483103272,False,False,1762216680000,10.7707171769,19303860.16906496
24.0,0.0421264611,0.0941976306,False,False,1762214940000,11.8157533577,35668432.65308953
26.99,0.0106305314,0.023770591,False,False,1762276260000,24.5325561059,64496654.542267114
23.47,0.0537718498,0.1202375114,False,False,1762234140000,8.828577347,18073939.76992147
24.61,0.0318093633,0.0711278987,False,False,1762246800000,15.0044836625,43688895.887165405
24.83,0.0287445144,0.0642746882,False,False,1762296420000,7.8335921643,12346539.465224316
26.27,0.0148099972,0.0331161605,False,False,1762299240000,6.306366552,2813364.381077878
26.36,0.0142087207,0.0317716653,False,False,1762260720000,3.6087160664,14383801.929933712
23.93,0.0435065831,0.0972836774,False,False,1762274520000,11.2465309216,10704749.516509756
28.11,0.0063468024,0.0141918816,False,False,1762219500000,6.1951949713,1722922.094581223
25.55,0.0206326484,0.0461360043,False,False,1762293000000,15.6158567956,3167373.797911394
24.36,0.0356906927,0.079806815,False,False,1762224360000,8.2681273843,8359697.886555017
22.3,0.0921626549,0.2060819612,False,False,1762279020000,24.2961167243,8666550.090420978
22.94,0.0686364759,0.1534758258,False,False,1762294080000,11.3607377881,18537871.99621527
24.4,0.0350392641,0.0783501764,False,True,1762133820000,15.3883398652,60678936.871182755
23.29,0.0584191154,0.1306291133,False,False,1762162320000,12.8771960307,5978117.792778778
25.0,0.02658,0.0594346868,False,False,1762130640000,7.4166651406,25167418.77031705
26.7,0.0121494041,0.0271668934,False,False,1762131180000,10.7730306397,35581476.43774696
23.88,0.0445199816,0.0995497053,False,False,1762187100000,15.6720885528,21722362.677693557
25.87,0.0178055329,0.039814382,False,False,1762138860000,7.7803801857,44313862.80045986
26.91,0.0110294785,0.0246626636,False,False,1762206180000,9.6040575338,2924963.060676835
25.88,0.0177237239,0.0396314515,False,False,1762211220000,20.7777632017,50138334.85919282
24.23,0.0378926498,0.0847305409,False,False,1762190640000,12.5081994623,13324003.301047431
25.21,0.0241298697,0.0539560289,False,False,1762167600000,8.6195354523,6095934.477924711
20.49,0.2121069879,0.4742856434,True,False,1762440240000,6.369669237,18284477.783365313
27.7,0.0076657557,0.0171411509,False,True,1762394400000,27.4750410566,64276072.55775104
26.8,0.0116025908,0.0259441818,False,False,1762431000000,6.2679225824,17899084.738017254
27.6,0.0080270317,0.0179489885,False,False,1762399440000,8.4953124555,14722375.22518936
24.98,0.0268259417,0.0599846292,False,False,1762428960000,21.5635603071,57260827.03505386
25.05,0.0259749653,0.0580817882,False,False,1762422960000,16.4682638359,66240258.60221498
24.27,0.037201031,0.0831840342,False,False,1762430520000,9.1537017201,18596887.41346369
26.37,0.0141434375,0.0316256878,False,False,1762463040000,29.8016146204,62449227.7250795
25.57,0.0204434871,0.0457130269,False,False,1762414080000,24.0106183625,73342978.18824153
26.25,0.0149470324,0.0334225806,False,False,1762444080000,5.3733178874,31685151.50372623
25.21,0.0241298697,0.0539560289,False,False,1762449360000,7.1897215842,6847756.046640927
28.29,0.0058419115,0.0130629113,False,False,1762436100000,5.0922892861,2507081.801021516
27.05,0.01034082,0.0231227764,False,False,1762457820000,7.9031317122,2739680.099807248
22.87,0.0708851033,0.1585039096,False,False,1762412880000,9.1218142111,17940066.072198022
21.2,0.1529519353,0.3420109247,True,False,1762322820000,27.920674683,52635943.33021721
24.6,0.0319561887,0.0714562102,False,False,1762360080000,13.8516754215,48285334.8734828
22.79,0.0735453089,0.1644523102,False,False,1762361520000,18.637052549,10397464.690563545
21.55,0.1301832102,0.2910985075,True,False,1762308900000,13.9924817989,27855640.35935936
21.9,0.1108038821,0.2477650126,True,False,1762318620000,20.7313353411,13254552.160784615
26.4,0.0139493823,0.0311917671,False,False,1762377120000,11.6962254892,29839132.18846424
24.03,0.0415484643,0.0929051906,False,False,1762366380000,22.1637792267,63839674.9114952
24.5,0.0334622374,0.0748238376,False,False,1762373700000,8.9109270821,20208174.4163244
22.35,0.0900647767,0.2013909631,False,False,1762344120000,19.3439966204,62707861.678125136
25.33,0.0228325794,0.0510551996,False,False,1762374540000,13.8287633098,36156957.288192414
29.02,0.0041740243,0.0093334022,False,False,1762371900000,8.9245115912,18304607.119240392
28.29,0.0058419115,0.0130629113,False,True,1762310580000,19.3772101983,40253167.0122994
28.22,0.0060333008,0.0134908707,False,False,1762313760000,4.8968589614,22671003.312386323
27.17,0.0097848681,0.0218796303,False,False,1762348020000,3.7419681358,25323338.406946663
24.83,0.0287445144,0.0642746882,False,False,1762337040000,3.1993396817,11799527.35871603
24.94,0.0273246732,0.0610998267,False,False,1762304940000,11.5024654421,8101797.890579167
27.21,0.0096062741,0.021480282,False,False,1762321620000,7.688236636,5461381.243361943
26.23,0.0150853356,0.0337318359,False,False,1762302240000,12.3749749783,1575150.365780313
22.71,0.0763053479,0.1706239449,False,False,1762316520000,15.2987226696,25428506.233149208
23.55,0.0518268695,0.1158884032,False,False,1762306320000,7.8775481368,23730162.171021763
24.0,0.0421264611,0.0941976306,False,False,1762318680000,7.9704235095,22402664.31720273
21.55,0.1301832102,0.2910985075,True,False,1762308900000,13.9924818108,27855640.35935936
24.31,0.0365220357,0.0816657545,False,False,1762056780000,4.6134711312,17924030.25763869
26.1,0.0160160338,0.0358129403,False,False,1762085640000,7.3783076884,52682639.9911822
24.4,0.0350392641,0.0783501764,False,False,1762102440000,9.8708709535,57308331.94339087
24.1,0.040230458,0.0899580388,False,False,1762068480000,5.0161406506,59800896.79702716
26.23,0.0150853356,0.0337318359,False,False,1762106100000,24.5612679156,55671212.17090154
29.84,0.0028612445,0.0063979373,False,False,1762047660000,6.2028582077,15231809.797852987
24.51,0.0333084924,0.0744800533,False,False,1762071720000,22.4515779982,63645989.7413777
26.62,0.012605352,0.0281864239,False,True,1762114080000,21.25568677,53396857.45747204
24.93,0.0274507982,0.0613818507,False,False,1762061580000,13.2787798117,50301010.96394268
25.3,0.0231502122,0.0517654482,False,False,1762097100000,10.6808362392,24988558.868794847
25.02,0.0263363131,0.0588897864,False,False,1762107360000,8.3719566252,4595130.962381258
25.43,0.021804944,0.0487573371,False,False,1762119660000,3.4897312835,23981018.007213563
25.02,0.0263363131,0.0588897864,False,False,1762111260000,7.2761591885,8231648.288227048
25.94,0.0172407032,0.0385513844,False,False,1762120440000,10.6011905098,6882946.38743485
24.58,0.0322518756,0.0721173863,False,False,1762107600000,7.2460076704,22438787.236158445
27.51,0.008366715,0.0187085435,False,False,1762049640000,11.5374655911,931186.722084556
27.8,0.0073207399,0.016369672,False,True,1761998760000,20.4824369256,65667222.92895468
26.9,0.0110803882,0.0247765013,False,False,1761955740000,11.385972102,30419539.775481977
24.3,0.0366906138,0.0820427065,False,False,1762033560000,14.1956064885,16119963.346251212
25.7,0.0192555078,0.0430566244,False,False,1761973140000,14.5970008226,42158721.2084536
26.89,0.011131533,0.0248908644,False,False,1762023600000,9.1505537716,51243508.37706369
25.25,0.0236894499,0.0529712204,False,False,1761974160000,6.6391533687,11083794.89983691
25.06,0.0258556212,0.0578149266,False,False,1761969960000,12.2649690585,62094934.01245384
23.58,0.0511157782,0.1142983547,False,False,1761990300000,19.7412944042,23421314.55596681
23.64,0.0497227313,0.1111834072,False,False,1761967800000,21.3408762254,45587673.91315988
25.86,0.0178877195,0.0399981568,False,False,1762017540000,14.1619577717,54886518.48982407
22.64,0.0788052183,0.1762138252,False,False,1762012200000,16.4825303692,53126092.13443491
23.95,0.0431077124,0.0963917753,False,False,1762011840000,21.2256522253,13567022.79689438
26.68,0.0122618211,0.0274182656,False,False,1762040400000,7.6490869382,3059929.43620255
24.99,0.0267026877,0.0597090249,False,False,1762034640000,16.1131209777,9120334.509760983
27.04,0.010388551,0.0232295062,False,False,1762041060000,4.4081718845,5681875.309209809
27.53,0.0082900085,0.0185370226,False,False,1761990300000,6.6852588381,1613159.668997368
25.43,0.021804944,0.0487573371,False,False,1761985740000,9.4026628075,2898644.68140241
24.39,0.035200998,0.0787118244,False,False,1762006200000,12.2049636514,24075256.138234973
26.28,0.0147419515,0.0329640056,False,False,1761996420000,12.9021944154,4986418.956676027
24.83,0.0287445144,0.0642746882,False,False,1762029360000,14.6153871713,12273023.27212042
22.86,0.0712122941,0.1592355304,False,False,1761970260000,7.3184441622,21107527.81869719
21.5,0.1332155667,0.2978790628,False,False,1762569180000,27.9761751978,71199142.63477795
23.89,0.0443154309,0.099092316,False,False,1762620000000,3.3830301903,18870572.58772748
27.46,0.0085616008,0.0191443215,False,False,1762620120000,5.7872736231,5093892.489969521
26.18,0.0154367182,0.0345175513,False,False,1762580040000,9.8744909333,21744452.07478095
27.78,0.0073884779,0.0165211388,False,False,1762624080000,22.515304032,35591913.432343245
27.16,0.009830033,0.0219806221,False,True,1762564740000,14.9542555697,3461831.89304679
26.29,0.0146742183,0.0328125497,False,False,1762600680000,18.8717633924,65973123.37621191
26.11,0.0159424468,0.0356483948,False,False,1762581420000,8.432406206,70647937.70388782
28.07,0.0064647983,0.0144557284,False,False,1762644060000,15.5826661204,60994562.45157188
26.32,0.0144728805,0.0323623447,False,False,1762572840000,3.471554294,13205247.904227035
25.34,0.0227276732,0.0508206223,False,False,1762579620000,6.1020014914,24719196.48954237
24.99,0.0267026877,0.0597090249,False,False,1762644000000,8.9909757113,2256142.115223582
27.94,0.0068636476,0.0153475826,False,False,1762561740000,11.8699191939,36092.251392366
25.72,0.0190789723,0.0426618789,False,False,1762588260000,12.5796404196,1866192.662830425
26.24,0.0150160248,0.0335768522,False,False,1762579980000,11.1992529011,1545345.279030224
26.58,0.012839703,0.0287104486,False,False,1762605420000,6.3194296461,2699033.99949336
27.34,0.0090480497,0.0202320542,False,False,1762594320000,13.7973346153,2084665.31737949
26.36,0.0142087207,0.0317716653,False,False,1762641360000,19.9712716562,875822.719566671
27.86,0.0071212294,0.015923553,False,False,1762567440000,7.4655103307,1362981.167081568
27.99,0.0067074119,0.0149982289,False,False,1762641120000,6.6599780614,1641731.15675165
24.11,0.0400456158,0.0895447192,False,False,1762578960000,12.776351102,7490865.022745587
25.63,0.0198863453,0.04446722,False,False,1762585380000,16.8275298145,3043185.290688551
24.4,0.0350392641,0.0783501764,False,False,1762591380000,6.7878714892,23423853.366458792
27.68,0.0077366861,0.017299756,False,False,1762638480000,10.8009606131,2247111.924036985
17.69,0.7701139256,1.7220270881,False,False,1762534620000,11.916103666,16796322.36381611
24.6,0.0319561887,0.0714562102,False,False,1762490940000,12.2237645562,11293624.5673663
25.24,0.0237987955,0.0532157244,False,False,1762520220000,9.9713946826,5158886.406575046
23.0,0.0667659413,0.1492931834,False,False,1762529880000,27.1475530179,72396293.57561858
20.15,0.2480589932,0.5546767711,False,False,1762553580000,18.3772950153,25854599.069486696
25.3,0.0231502122,0.0517654482,False,False,1762507080000,10.5347271101,22696186.34854596
22.3,0.0921626549,0.2060819612,False,False,1762480320000,11.9102248273,22557892.332959753
27.18,0.0097399107,0.0217791025,False,False,1762502820000,20.5511187814,69352256.69905506
25.9,0.0175612318,0.0392681082,False,False,1762503960000,9.372958592,11654587.607352942
25.6,0.0201629919,0.0450858206,False,True,1762500240000,10.6942256027,19439017.625950024
23.68,0.0488151892,0.1091540813,False,False,1762552980000,8.2704005959,40049657.89965687
25.71,0.0191670368,0.0428587972,False,False,1762553340000,8.2161639588,6440348.22362303
25.67,0.0195233786,0.0436556017,False,False,1762512360000,5.5174381231,10239479.541183058
27.85,0.0071540995,0.0159970528,False,False,1762529760000,6.6702631133,3453384.84931724
25.28,0.0233644185,0.052244428,False,False,1762497240000,11.845146705,6257193.501891211
25.06,0.0258556212,0.0578149266,False,False,1762524720000,13.6139606542,5503033.733426682
24.83,0.0287445144,0.0642746882,False,False,1762557720000,9.8814043961,28123223.87033967
20.08,0.2561857545,0.5728487619,False,False,1762553580000,18.3772950123,25854599.069486696
28.9,0.004411182,0.0098637028,False,True,1763184420000,8.069741293,66776291.79584289
25.7,0.0192555078,0.0430566244,False,False,1763233440000,11.0826996957,54015621.60924246
24.4,0.0350392641,0.0783501764,False,False,1763183400000,34.1829267442,72851607.82765657
25.25,0.0236894499,0.0529712204,False,False,1763197020000,8.4276025883,38445112.8838426
24.6,0.0319561887,0.0714562102,False,False,1763178780000,14.6203899591,10625849.221265623
27.14,0.0099209892,0.0221840062,False,False,1763189940000,10.5641178786,38547845.16696282
24.15,0.039314701,0.0879103439,False,False,1763208240000,23.4996469571,49894950.419342
21.87,0.1123453177,0.2512117673,False,False,1763223720000,14.4995066578,16403021.590019638
27.64,0.0078805218,0.0176213825,False,False,1763240220000,5.8130159816,1276234.613153805
27.05,0.01034082,0.0231227764,False,False,1763232300000,7.6116669492,1140199.315967579
27.78,0.0073884779,0.0165211388,False,False,1763193600000,7.1965718103,2730814.660754882
26.65,0.0124324001,0.0277996916,False,False,1763194320000,8.6777855463,6366522.452686954
24.29,0.0368599699,0.0824213984,False,False,1763211240000,24.9980044421,8692469.940969722
23.38,0.0560473362,0.1253256538,False,False,1763175240000,13.3778910558,10994393.103394944
24.4,0.0350392641,0.0783501764,False,False,1763140980000,4.5507998261,38427564.126184806
21.68,0.1226182113,0.2741826558,False,False,1763083260000,15.3224524254,17926258.9068668
26.3,0.0146067964,0.0326617897,False,True,1763143740000,8.4517094845,47293375.333172
24.76,0.0296862251,0.0663804174,False,False,1763110440000,8.3080175418,14351527.939776292
26.8,0.0116025908,0.0259441818,False,False,1763154420000,16.1827794551,67432746.63728684
25.86,0.0178877195,0.0399981568,False,False,1763124660000,9.0762322052,5635691.469743196
27.1,0.0101054342,0.0225964377,False,True,1763160300000,20.1215159036,56506068.47119508
24.79,0.0292789148,0.0654696439,False,False,1763135520000,8.8163366443,17657672.057932187
26.04,0.0164647438,0.0368162863,False,False,1763090100000,8.0770046991,4848609.638188619
21.13,0.1579628558,0.3532156834,False,False,1763161620000,25.9607066363,29652439.611745004
27.02,0.0104846751,0.0234444462,False,False,1763150280000,6.6276911165,1307111.374165213
26.77,0.0117639989,0.0263051013,False,False,1763161680000,9.7798182237,1535135.418879955
28.12,0.0063176415,0.0141266758,False,False,1763110260000,5.7768515201,1961619.947320465
29.93,0.0027450798,0.0061381851,False,False,1763083260000,6.6178890091,339032.75519378
24.14,0.0394961694,0.0883161196,False,False,1763153220000,11.8907133154,5012111.089347058
26.37,0.0141434375,0.0316256878,False,True,1763163360000,9.1996260307,5711337.203486331
25.24,0.0237987955,0.0532157244,False,False,1763154780000,12.3988563227,14833360.403923448
25.01,0.026457876,0.0591616093,False,False,1763114160000,11.6234241039,11447079.893243184
28.13,0.0062886146,0.0140617696,False,False,1763081460000,10.9916613221,907361.062198367
22.12,0.1001278698,0.2238927232,False,False,1763161980000,14.7947841755,18063808.553371463
24.94,0.0273246732,0.0610998267,False,False,1763133060000,7.3659043263,6343228.912424355
24.94,0.0273246732,0.0610998267,False,False,1763111880000,5.5872316497,12068966.242319228
23.9,0.04411182,0.0986370281,False,False,1763265000000,8.2865047366,63608113.69994324
22.66,0.0780827277,0.1745982871,False,False,1763264940000,9.8256831507,54167441.32176749
22.0,0.1058168859,0.2366137501,False,False,1763320320000,16.6897648595,24257910.799166743
23.84,0.0453476699,0.1014004725,False,False,1763296860000,16.6608973315,30082670.68420158
24.8,0.0291443905,0.0651688382,False,False,1763304960000,9.9142928767,59813770.606287666
26.5,0.0133215567,0.0297879063,False,False,1763295720000,6.1470843844,23970831.843365904
25.5,0.0211132445,0.0472106499,False,False,1763280240000,11.7297227649,15407843.780651102
22.53,0.0829000851,0.1853702257,False,False,1763317440000,21.3933125605,5408860.228685112
23.49,0.0532788665,0.1191351672,False,False,1763337120000,8.6312604298,19369165.98226965
22.53,0.0829000851,0.1853702257,False,False,1763279520000,6.9226592085,14192797.359169384
24.68,0.0308003021,0.0688715693,False,False,1763297280000,7.2143773745,10335556.51426272
26.34,0.0143401923,0.0320656449,False,False,1763300400000,10.7295865394,1770908.109668152
27.74,0.0075258399,0.0168282897,False,True,1763305260000,14.0055896042,588088.704612674
27.05,0.01034082,0.0231227764,False,False,1763305080000,4.9438119343,4268957.894409057
26.23,0.0150853356,0.0337318359,False,False,1763334240000,16.3234323355,2816539.476190332
24.47,0.0339277435,0.0758647409,False,False,1763288760000,8.6408643136,10802558.817964232
26.04,0.0164647438,0.0368162863,False,False,1763272920000,7.7843193397,3333796.820671998
21.51,0.1326034968,0.2965104328,True,False,1762851480000,14.352493217,21919423.53870739
26.0,0.0167708462,0.0375007522,False,False,1762881300000,4.52255694,17201403.491161898
28.7,0.0048367649,0.0108153351,False,False,1762873020000,6.4397323609,5109065.020100448
21.3,0.1460679643,0.3266178974,True,False,1762822320000,13.6551139299,55725994.53690086
26.66,0.0123752784,0.0276719637,False,False,1762841820000,10.4162115106,29093573.175540686
23.8,0.046190746,0.1032856481,False,False,1762865460000,18.7126950161,72965126.4463191
27.28,0.0093015425,0.0207988814,False,False,1762897440000,20.3606113248,62607716.61536763
30.4,0.0022108281,0.0049435619,False,True,1762895280000,16.94316044,55394186.44628108
22.56,0.0817626533,0.1828268509,False,False,1762895040000,17.3816474157,24796673.121696863
24.43,0.0345585074,0.0772751717,False,False,1762903500000,13.9975527333,6911452.426121007
27.01,0.0105330702,0.0235526609,False,True,1762857180000,6.3728755266,461037.986222482
25.19,0.0243531406,0.0544552779,False,False,1762841820000,9.3067469369,15762276.99329054
26.25,0.0149470324,0.0334225806,False,False,1762878180000,20.4517686534,4286923.446692458
27.24,0.0094744711,0.0211855615,False,True,1762879740000,16.640990258,853870.369087983
27.34,0.0090480497,0.0202320542,False,False,1762833300000,8.0238632554,2034105.455979424
24.54,0.0328514828,0.0734581487,False,False,1762894020000,6.13483263,12564049.352761423
29.67,0.003094247,0.0069189466,False,False,1762866900000,20.3257955781,102633.069812839
27.79,0.0073545309,0.016445231,False,False,1762893780000,9.4607373721,832898.124014387
27.62,0.0079534394,0.0177844312,False,True,1762872840000,15.7155852489,1075650.049111055
22.95,0.0683211199,0.1527706684,False,False,1762851060000,10.6997090315,14151901.20601579
20.29,0.2325706875,0.5200438667,False,False,1762794120000,16.0835104388,25822597.362412464
24.02,0.0417402433,0.0933340215,False,False,1762817640000,6.1270960936,10397242.133812344
24.78,0.0294140602,0.0657718381,False,False,1762817640000,15.8620725849,33728426.27691135
23.59,0.0508809225,0.1137732014,False,False,1762785000000,27.1122029124,70005197.92036653
24.8,0.0291443905,0.0651688382,False,False,1762737540000,23.3579245423,43820646.88087229
27.3,0.0092162655,0.0206081961,False,False,1762765440000,11.7584469823,39227369.16682416
27.04,0.010388551,0.0232295062,False,True,1762780860000,4.1959625318,10263146.447809605
23.01,0.0664591797,0.1486072436,False,False,1762817280000,18.2949230198,24687189.396944817
25.05,0.0259749653,0.0580817882,False,False,1762791660000,3.0338319722,57963720.1669815
28.26,0.0059231806,0.0132446345,False,True,1762775400000,12.7478181007,45085772.74515435
24.29,0.0368599699,0.0824213984,False,False,1762815720000,7.976227195,44937281.55531725
24.49,0.0336166921,0.0751692087,False,False,1762817760000,4.2315863002,21701028.704970296
28.1,0.0063760979,0.0142573883,False,False,1762818000000,3.8287638425,6278732.318977858
22.79,0.0735453089,0.1644523102,False,False,1762803060000,9.1927370222,23413045.758099362
27.82,0.0072536229,0.016219594,False,False,1762772940000,7.1159508058,63874943.89588938
26.44,0.0136947774,0.0306224531,False,False,1762749480000,20.860884539,49535975.60984659
24.67,0.0309424699,0.069189466,False,False,1762758960000,6.7790927048,27750105.210546818
26.88,0.0111829138,0.0250057554,False,False,1762767300000,10.7819600208,1056781.568963695
25.61,0.0200703514,0.0448786701,False,False,1762768260000,5.1456976439,3483273.247121132
27.11,0.0100590039,0.0224926165,False,False,1762788360000,15.1857882117,3683195.571312966
25.72,0.0190789723,0.0426618789,False,False,1762754820000,21.6047142546,3485668.608215572
26.84,0.0113908197,0.0254706471,False,False,1762748220000,9.3966321257,2078611.630132922
25.75,0.0188171989,0.042076536,False,False,1762773960000,9.8340740165,16594695.79076966
27.2,0.0096506147,0.0215794305,False,True,1763025720000,18.629036066,19827513.43584039
23.1,0.063760979,0.1425738833,False,False,1762994580000,7.7929454148,74383217.64361465
24.5,0.0334622374,0.0748238376,False,False,1762996320000,11.3838752664,9063720.033607556
24.0,0.0421264611,0.0941976306,False,False,1763039820000,17.685041164,65599884.634208806
31.008,0.0016709174,0.0037362848,False,False,1763017260000,2.0778105908,136610.515956163
27.34,0.0090480497,0.0202320542,False,False,1763075040000,8.0622373582,1176576.745779526
25.35,0.0226232491,0.0505871228,False,False,1763049840000,11.2651833707,2378197.177302781
28.54,0.0052066091,0.011642332,False,True,1763023920000,14.0581979955,220533.110891936
27.58,0.0081013049,0.0181150684,False,False,1762993200000,11.4160222871,182353.056666063
28.6,0.0050647146,0.0113250461,False,False,1763069460000,20.7473487154,77090.92396627
26.41,0.0138852907,0.0310484539,False,False,1762996620000,4.4063393743,7202665.01042654
22.56,0.0817626533,0.1828268509,False,False,1763039160000,11.4590315362,24090585.89572727
24.72,0.0302381333,0.0676145215,False,False,1762980960000,8.6620544536,34799912.88266222
23.07,0.0646479826,0.1445572836,False,False,1762974420000,10.4833933739,24530457.219484303
24.51,0.0333084924,0.0744800533,False,False,1762964100000,8.739319494,37603823.54602375
25.71,0.0191670368,0.0428587972,False,False,1762937100000,3.8830804535,47755423.37429315
29.4,0.0035039264,0.0078350176,False,True,1762978200000,17.6567248807,68031585.54955624
26.55,0.013018321,0.0291098508,False,False,1762985400000,21.9007889483,53041710.34883717
23.18,0.0614546821,0.1374168468,False,False,1762914840000,13.2577681317,68578511.86168608
23.32,0.0576175751,0.1288368146,False,False,1762961760000,3.5173095174,26906671.671497464
26.67,0.0123184191,0.0275448225,False,False,1762954680000,7.1306530844,2079238.50504737
27.03,0.0104365024,0.0233367288,False,False,1762977420000,9.1996014666,3083128.565249392
26.66,0.0123752784,0.0276719637,False,False,1762969560000,5.2060154376,5137050.08420433
25.24,0.0237987955,0.0532157244,False,False,1762910820000,14.2591628805,8617421.581441073
27.67,0.007772397,0.0173796081,False,False,1762907280000,3.6119720625,5158438.121597804
24.74,0.0299609084,0.0669946278,False,False,1762939080000,12.9429089669,1789646.753824139
29.38,0.0035363478,0.0079075142,False,False,1762928820000,15.5334872333,122082.393610048
26.95,0.0108281678,0.0242125192,False,False,1762934640000,14.226721193,2115454.35419993
25.84,0.0180532326,0.0403682552,False,False,1762981560000,9.4146203948,5049663.640347429
30.32,0.002293797,0.005129086,False,True,1762960560000,10.3053245371,195338.555696312
28.29,0.0058419115,0.0130629113,False,True,1762945140000,12.5912916182,1182750.739633148
25.4,0.022108281,0.0494356193,False,False,1762963200000,14.806171047,13837323.977580048
23.01,0.0664591797,0.1486072436,False,False,1762934880000,10.3870198795,27457120.729229853
25.39,0.0222103282,0.0496638037,False,False,1762929060000,9.5351545393,4710902.330488764
24.84,0.0286124454,0.0639793729,False,False,1762930320000,5.821161242,17312315.845652867
24.7,0.0305179233,0.0682401509,False,False,1762687920000,21.2400110534,62880885.87145715
26.05,0.0163890951,0.0366471308,False,False,1762654680000,7.4682141339,18799058.35819928
24.7,0.0305179233,0.0682401509,False,False,1762659780000,9.4188683384,25962908.94463221
27.6,0.0080270317,0.0179489885,False,False,1762674540000,10.126610369,36072718.15912351
27.5,0.008405334,0.0187948982,False,False,1762704180000,9.3419562728,6108599.059604236
27.7,0.0076657557,0.0171411509,False,False,1762686480000,9.3136818769,40931336.37352831
25.26,0.0235806068,0.0527278398,False,False,1762664640000,12.4830197858,34200505.57328577
23.56,0.0515887466,0.1153559443,False,False,1762667160000,5.2904702999,14852798.014207436
22.84,0.0718712133,0.1607089186,False,False,1762679220000,6.9974054776,8777191.897164054
24.54,0.0328514828,0.0734581487,False,False,1762647360000,8.2357567027,14298288.286851553
28.23,0.0060055803,0.0134288857,False,True,1762725480000,14.1733296401,284259.993377709
24.27,0.037201031,0.0831840342,False,False,1762661760000,9.4858779184,2065978.269528866
25.08,0.0256185754,0.0572848762,False,False,1762705260000,13.7378137656,6675790.377917462
23.13,0.0628861456,0.1406176963,False,False,1762709880000,11.607518401,9528381.130643567
23.03,0.0658498783,0.1472448042,False,False,1763355660000,17.5234709193,73842363.62870641
25.6,0.0201629919,0.0450858206,False,False,1763338140000,21.7308536379,66886523.22570899
22.17,0.0978486812,0.2187963027,False,False,1763359860000,10.7712670741,17578431.113378275
23.3,0.058150704,0.130028927,False,False,1763342100000,18.773857837,48858327.25311953
28.3,0.0058150704,0.0130028927,False,False,1763339280000,19.5174787243,32628200.319636267
22.82,0.0725362295,0.1621959399,False,False,1763375340000,16.1520033214,74765839.65769714
27.6,0.0080270317,0.0179489885,False,False,1763350260000,5.9750931502,57919616.02214384
26.48,0.0134448195,0.0300635304,False,False,1763420280000,10.1987304277,13382448.630732855
24.37,0.0355267088,0.079440136,False,False,1763361720000,3.5588013248,13607669.360961666
25.83,0.0181365625,0.0405545866,False,False,1763390580000,6.8461908711,9828730.10566361
26.74,0.0119276525,0.0266710417,False,False,1763417280000,4.734880817,5944418.060121322
29.43,0.0034558507,0.0077275172,False,False,1763396940000,10.2061335008,102597.495439353
27.44,0.0086408204,0.0193214617,False,False,1763416320000,8.4968393316,1018875.48827694
24.67,0.0309424699,0.069189466,False,False,1763342160000,6.1251981378,11037102.278014429
25.2,0.0242412481,0.0542050786,False,False,1763347920000,7.1617598162,960123.692395035
20.83,0.1813656249,0.4055458661,False,False,1763349120000,18.6418026834,26960908.55878341
24.5,0.0334622374,0.0748238376,False,False,1763805840000,11.8402695692,30935530.04096453
21.86,0.1128638801,0.2523713081,True,False,1763776260000,14.5111954082,13419522.019755617
23.6,0.0506471459,0.1132504611,False,False,1763815200000,13.6511518355,70854044.08986992
25.51,0.0210162379,0.0469937366,False,False,1763805540000,9.9999885177,7841456.756560657
26.29,0.0146742183,0.0328125497,False,True,1763802660000,9.8771149494,17210060.630140074
30.27,0.0023472264,0.0052485577,False,True,1763833560000,14.9598294245,64205891.09564668
24.56,0.0325502986,0.0727846803,False,False,1763852040000,15.9514712713,72385031.66844754
31.008,0.0016709174,0.0037362848,False,False,1763821080000,0.256355538,382219.655651322
26.98,0.0106795998,0.023880311,False,True,1763782260000,4.4563971891,1063888.29057698
25.28,0.0233644185,0.052244428,False,False,1763842500000,14.6004829903,6258751.803063853
26.21,0.0152249185,0.0340439527,False,False,1763818320000,22.285571696,4055505.400302091
28.21,0.0060611492,0.0135531417,False,False,1763814720000,19.1390513594,364220.039932922
29.56,0.0032550299,0.007278468,False,True,1763845560000,12.2538462091,89300.20452845
25.72,0.0190789723,0.0426618789,False,False,1763851620000,8.6220135002,2461780.244912802
26.73,0.011982708,0.0267941497,False,False,1763828340000,6.7816990321,3371936.543312119
24.64,0.0313729225,0.0701519874,False,False,1763829000000,11.4772489045,9934707.794895189
25.935,0.0172804472,0.0386402546,False,False,1763854200000,6.7238422093,29555435.221630063
23.9,0.04411182,0.0986370281,False,False,1763736660000,10.9895822727,46826163.29325675
19.87,0.2821986791,0.6310154296,False,False,1763687460000,4.2049246419,60860148.95985411
21.48,0.1344481952,0.3006353038,True,False,1763743860000,25.6612162793,72732607.1651283
23.77,0.0468333233,0.1047224945,False,False,1763761140000,11.261116041,15941776.29106891
25.9,0.0175612318,0.0392681082,False,False,1763744040000,15.0766540793,34316201.09527319
27.2,0.0096506147,0.0215794305,False,False,1763700720000,11.0770686532,57207448.480506815
29.02,0.0041740243,0.0093334022,False,True,1763705280000,12.5648192493,25850218.11082353
25.35,0.0226232491,0.0505871228,False,False,1763734560000,13.5352308345,59626379.04848064
26.49,0.0133830462,0.029925401,False,True,1763695380000,9.3472501317,1009623.563127429
27.07,0.0102460147,0.0229107855,False,False,1763692920000,1.686812502,5271751.821098015
26.26,0.014878357,0.0332690178,False,False,1763690040000,4.7392919061,3293262.185731047
24.9,0.0278326768,0.0622357573,False,False,1763730000000,7.8559177863,2991805.348724932
25.05,0.0259749653,0.0580817882,False,False,1763697660000,11.0772197734,12921933.967779206
21.23,0.1508533561,0.3373183589,False,False,1763731800000,17.0989079268,17141845.946192384
22.59,0.0806408277,0.1803183724,False,False,1763688300000,11.4476509781,22706365.03250012
20.07,0.2573682542,0.5754929116,True,False,1763945760000,16.6869723597,4787020.120310684
29.3,0.0036690614,0.0082042706,False,True,1763965200000,3.5864568796,24605260.447943173
22.83,0.0722029558,0.1614507173,False,False,1763958960000,23.7317720142,67371701.2068621
28.0,0.0066765941,0.0149293183,False,False,1763957820000,9.0053511324,45931616.53028621
22.3,0.0921626549,0.2060819612,False,False,1763955780000,14.8178449606,22644554.917603083
25.4,0.022108281,0.0494356193,False,False,1763945040000,6.4631206467,15223579.910391528
29.2,0.0038419789,0.008590926,False,False,1763954640000,19.763823811,71115668.66889453
23.47,0.0537718498,0.1202375114,False,False,1763950500000,8.123158825,30295398.945100304
23.85,0.0451393163,0.1009345797,False,False,1763946240000,16.3446492686,17243987.661801208
25.0,0.02658,0.0594346868,False,False,1764024240000,11.785678165,6665206.852207507
23.84,0.0453476699,0.1014004725,False,False,1764018840000,37.2454831402,68801479.61807312
24.03,0.0415484643,0.0929051906,False,False,1763955240000,10.6899116205,38674845.515750185
23.32,0.0576175751,0.1288368146,False,False,1763955000000,10.8505702684,25758080.54333394
23.12,0.0631764148,0.1412667581,False,False,1763981100000,20.5164355576,17163921.77475297
24.66,0.0310852938,0.0695088301,False,False,1763978280000,7.7220374684,4807417.90956348
27.12,0.010012787,0.0223892723,False,False,1763945520000,14.5095870208,962381.812403537
23.76,0.0470494961,0.1052058716,False,False,1764011460000,24.4552667863,13069952.353548173
27.11,0.0100590039,0.0224926165,False,False,1764000960000,6.3021989688,2147520.8072323
30.21,0.002412987,0.0053956029,False,False,1764026100000,6.1047175131,764209.394336241
28.29,0.0058419115,0.0130629113,False,False,1764021360000,11.2737798226,1876128.848637316
24.94,0.0273246732,0.0610998267,False,False,1763993820000,14.7944951379,1822370.988690899
27.29,0.0092588058,0.0207033192,False,False,1763978160000,14.8886360636,2343170.720975443
24.2,0.0384197891,0.0859092601,False,False,1763984640000,6.8687734923,6019749.443860226
26.54,0.0130784109,0.0292442157,False,False,1763953440000,15.5753334746,2950242.168588583
26.39,0.0140137697,0.0313357417,False,False,1763963100000,6.4500132499,9456433.037372796
27.07,0.0102460147,0.0229107855,False,False,1764005880000,8.6901059839,1801019.767333232
24.64,0.0313729225,0.0701519874,False,False,1763995860000,19.4657337029,4762659.812596902
29.01,0.0041932908,0.0093764832,False,True,1763992380000,28.355129256,164083.222315082
24.93,0.0274507982,0.0613818507,False,False,1763997960000,6.6573439684,13198854.540056843
20.38,0.2231284644,0.4989304142,True,False,1763928960000,14.695600993,24705571.354899365
22.6,0.0802703167,0.1794898848,False,False,1763877600000,22.4632075992,66055696.88259624
23.67,0.0490405098,0.1096579137,False,False,1763865720000,10.3832508943,36678999.87958092
22.49,0.0844413128,0.1888165155,False,False,1763890260000,12.2083062356,9766456.775921904
23.8,0.046190746,0.1032856481,False,False,1763908740000,21.3605032627,51590519.545699455
26.53,0.0131387781,0.0293792009,False,False,1763894280000,4.2687953098,37906554.20889291
25.15,0.0248058993,0.0554676771,False,False,1763916720000,8.5883997395,8277629.841453847
23.65,0.0494942761,0.1106725658,False,False,1763939340000,10.960060713,22253425.72144732
27.32,0.0091317703,0.020419259,False,False,1763890260000,26.6576886099,48216556.564600095
26.92,0.0109788026,0.0245493489,False,True,1763902740000,7.8111600112,1171032.020406272
27.65,0.0078443141,0.0175404196,False,False,1763913660000,11.700726178,1949449.113410875
26.96,0.0107784169,0.0241012728,False,False,1763878740000,15.7869380094,2403921.847510537
28.56,0.0051588747,0.0115355944,False,False,1763883000000,8.548150654,1878776.790775464
25.44,0.0217047594,0.0485333175,False,False,1763936940000,19.9235912692,5436027.186917325
28.69,0.0048590904,0.0108652564,False,False,1763872560000,15.2657562771,1050397.180665705
28.26,0.0059231806,0.0132446345,False,True,1763891880000,9.7517003357,147015.257251681
25.95,0.0171614894,0.0383742569,False,False,1763873760000,7.2713207669,3506872.026877679
26.54,0.0130784109,0.0292442157,False,False,1763871240000,4.3839063365,3628799.87092823
26.57,0.0128989683,0.02884297,False,True,1763883900000,9.4712794681,2587792.469849241
22.67,0.0777239702,0.1737960809,False,False,1763920980000,13.4416648894,28800514.7330368
24.23,0.0378926498,0.0847305409,False,False,1763672820000,12.2579125083,32334597.28104643
27.4,0.0088014652,0.0196806745,False,True,1763605800000,6.3633048429,4823403.444278709
23.1,0.063760979,0.1425738833,False,False,1763624640000,20.9634503519,20713941.52240604
24.32,0.0363542322,0.0812905344,False,False,1763671140000,2.598820709,20263259.98728664
25.0,0.02658,0.0594346868,False,False,1763633160000,20.7971146682,57125050.82641868
25.73,0.0189913123,0.0424658654,False,False,1763674860000,14.9883708242,38045994.78743416
26.96,0.0107784169,0.0241012728,False,False,1763645400000,9.9226383994,56059775.43447149
25.85,0.0179702855,0.0401827799,False,False,1763679060000,13.7696576416,4688420.059475175
27.13,0.0099667824,0.022286403,False,False,1763670900000,4.0976643018,7078235.201839387
26.59,0.0127807099,0.0285785361,False,False,1763631420000,16.0933309459,1782110.686323954
24.82,0.0288771931,0.0645713667,False,False,1763609580000,10.2494186736,25564674.28348527
24.13,0.0396784754,0.0887237683,False,False,1763639160000,10.2511737933,6629908.726148249
19.5,0.3346223745,0.7482383761,True,False,1763515620000,9.0768480864,5673381.48622631
26.0,0.0167708462,0.0375007522,False,False,1763510880000,13.7679230177,69970699.7539573
18.7,0.4836764882,1.0815335068,False,False,1763579520000,4.6294970536,29494153.60608816
25.0,0.02658,0.0594346868,False,True,1763576820000,15.2277684061,35724129.16679306
25.02,0.0263363131,0.0588897864,False,False,1763525760000,8.140795597,63524737.25691126
25.87,0.0178055329,0.039814382,False,False,1763549880000,4.8764982064,9713976.182589548
24.6,0.0319561887,0.0714562102,False,False,1763574720000,6.1519010319,44395531.14997197
22.98,0.067383719,0.1506745763,False,False,1763566620000,26.6967391652,56906132.98356829
25.96,0.0170826395,0.0381979432,False,False,1763525280000,20.3532977015,68269699.31237185
23.3,0.058150704,0.130028927,False,False,1763512740000,19.3763908194,56836608.390751295
25.0,0.02658,0.0594346868,False,False,1763515080000,18.6976655065,43703919.10366229
27.53,0.0082900085,0.0185370226,False,False,1763569560000,15.7503390422,47290187.37264273
28.8,0.0046190746,0.0103285648,False,True,1763566740000,14.9465490776,51291958.56442165
24.59,0.0321036917,0.0717860371,False,False,1763542800000,21.5013326564,41530258.92596681
25.04,0.0260948603,0.0583498816,False,False,1763528400000,9.9860323979,10534173.896234544
18.71,0.4814541966,1.0765643117,False,False,1763579520000,4.6295009752,29494135.579544824
23.57,0.0513517179,0.1148259319,False,False,1763540400000,10.7711447186,9008216.127161646
25.97,0.0170041519,0.0380224396,False,False,1763554560000,15.1236013633,3106511.714636121
26.06,0.0163137941,0.0364787526,False,False,1763533200000,5.6945823196,5640455.772948234
24.96,0.0270741591,0.0605396602,False,False,1763550900000,8.8149745405,7764617.366453005
24.27,0.037201031,0.0831840342,False,False,1763568300000,7.6458825444,23711197.933277816
28.41,0.0055278338,0.0123606121,False,False,1763555820000,8.7459699728,825078.538630978
25.7,0.0192555078,0.0430566244,False,False,1763541840000,11.2539413265,6324683.713274065
21.06,0.163137941,0.3647875257,True,False,1763541540000,27.3349382249,15758222.786295032
25.38,0.0223128464,0.0498930414,False,False,1763583300000,9.2229091116,6164995.511821926
26.8,0.0116025908,0.0259441818,False,False,1763426220000,6.7632180944,22657274.82057493
28.5,0.0053034072,0.0118587791,False,True,1763443320000,14.6530452695,25395509.90967649
26.73,0.011982708,0.0267941497,False,False,1763446020000,16.4918641262,64121034.755685724
20.46,0.21505769,0.4808836139,True,False,1763475780000,18.4658716908,28557932.40704535
28.38,0.0056047336,0.0125325654,False,True,1763496180000,14.7037947988,25792918.566184226
29.45,0.0034241673,0.0076566709,False,False,1763435040000,2.3744593716,17821065.768704653
20.99,0.1684825693,0.3767384779,True,False,1763487360000,12.1381679978,11622919.204333069
27.4,0.0088014652,0.0196806745,False,False,1763425500000,8.1952594792,580960.425946322
27.08,0.0101989386,0.02280552,False,False,1763424300000,10.0188300608,1987524.643604979
26.96,0.0107784169,0.0241012728,False,False,1763436240000,8.9755453197,3566357.301116194
27.14,0.0099209892,0.0221840062,False,False,1763478480000,8.9908428347,532846.489720756
27.09,0.0101520787,0.0227007381,False,False,1763464380000,4.8526040093,2942319.77954891
26.3,0.0146067964,0.0326617897,False,False,1763500560000,10.0362880486,2388408.294075158
25.77,0.0186446818,0.041690776,False,False,1763438460000,5.1521672073,14471510.413125362
26.98,0.0106795998,0.023880311,False,False,1763427780000,5.9237102455,1266149.457787968
23.82,0.0457672667,0.1023387195,False,False,1763483340000,17.8980307865,9934113.337839168
25.68,0.0194336768,0.0434550225,False,False,1764166560000,5.7012071799,12695994.344986107
22.08,0.1019893859,0.2280551997,False,False,1764135780000,20.4204476756,66669823.54527602
25.5,0.0211132445,0.0472106499,False,False,1764173820000,9.5992586985,27759004.78783312
23.93,0.0435065831,0.0972836774,False,False,1764140580000,16.1923738104,14005540.559123656
27.8,0.0073207399,0.016369672,False,False,1764122820000,9.8879929217,22892948.59725149
24.0,0.0421264611,0.0941976306,False,False,1764176400000,15.5280580407,45260484.50717847
25.24,0.0237987955,0.0532157244,False,False,1764177900000,14.8788406057,56788126.71304169
25.41,0.0220067027,0.0492084832,False,False,1764135900000,9.3848793758,4577193.280181038
24.63,0.0315177333,0.0704757942,False,False,1764153900000,4.7735173212,14202282.417639501
25.04,0.0260948603,0.0583498816,False,False,1764156780000,5.3869163515,16439150.373211859
26.2,0.0152951935,0.0342010925,False,False,1764182520000,7.6613880938,6172009.183560071
29.53,0.0033003118,0.0073797216,False,False,1764147300000,16.5584970372,113653.630740212
27.06,0.0102933082,0.0230165369,False,False,1764156660000,8.5788528115,3491822.959868863
27.53,0.0082900085,0.0185370226,False,False,1764173760000,12.2591552634,1170337.287897992
27.14,0.0099209892,0.0221840062,False,False,1764122040000,10.7355171554,1252462.778581242
29.77,0.0029549829,0.0066075427,False,False,1764122520000,5.6154069029,36276.346531188
23.52,0.052547853,0.1175005715,False,False,1764166020000,25.3712270767,17953537.240713228
28.82,0.0045767267,0.010233872,False,True,1764179400000,9.5251521608,330564.393767755
22.34,0.0904804968,0.2023205415,False,False,1764197640000,12.9858012213,25051992.180420537
22.35,0.0900647767,0.2013909631,False,False,1764098520000,13.192614997,33377882.653771274
28.0,0.0066765941,0.0149293183,False,True,1764034860000,17.2201516264,60790426.32937682
28.0,0.0066765941,0.0149293183,False,True,1764040740000,17.0281866342,56391927.46555419
26.3,0.0146067964,0.0326617897,False,False,1764048240000,13.9317773956,24820607.34475731
22.8,0.0732073989,0.1636967205,False,False,1764093360000,25.5399065374,42893058.28675697
26.4,0.0139493823,0.0311917671,False,True,1764050400000,20.8397691419,65185206.36966869
21.9,0.1108038821,0.2477650126,True,False,1764080040000,12.5865835379,2387786.640126373
22.72,0.0759547566,0.1698399991,False,False,1764104880000,13.0423943289,65393929.13263839
22.35,0.0900647767,0.2013909631,False,False,1764104640000,16.4916561454,19307854.462113533
24.38,0.0353634784,0.0790751417,False,False,1764043680000,5.1657722443,50071765.60221726
27.72,0.0075954757,0.0169839999,False,False,1764053280000,22.9812760738,71562220.58473215
26.42,0.0138214936,0.0309057992,False,False,1764101460000,4.876643156,30448127.928438976
24.03,0.0415484643,0.0929051906,False,False,1764042180000,20.3402298884,59445951.07704488
24.31,0.0365220357,0.0816657545,False,True,1764056640000,8.4984999091,2530212.743359212
26.59,0.0127807099,0.0285785361,False,False,1764039960000,20.7627891261,3597075.144310301
28.81,0.0045978519,0.0102811094,False,False,1764107940000,5.9291053433,161704.720900591
24.09,0.0404161533,0.0903732663,False,False,1764043500000,12.3997137638,13539739.212162716
24.4,0.0350392641,0.0783501764,False,False,1764096300000,9.9834513175,9053449.077687178
26.43,0.0137579896,0.0307638,False,False,1764084060000,12.5037976686,1556648.340575305
21.74,0.1192765246,0.2667104172,True,False,1764079620000,9.49194331,13185688.326799637
26.4,0.0139493823,0.0311917671,False,False,1764354060000,16.3123621065,19403802.751105424
20.78,0.185590173,0.4149922428,False,False,1764332820000,15.8792524037,38840884.99949168
23.6,0.0506471459,0.1132504611,False,False,1764298260000,9.4977057901,13825131.43701952
24.7,0.0305179233,0.0682401509,False,False,1764311940000,25.4192903334,70273088.86992948
23.68,0.0488151892,0.1091540813,False,False,1764330900000,4.7607082136,24613076.831932165
27.02,0.0104846751,0.0234444462,False,False,1764300480000,14.2600544959,33813631.73342152
25.34,0.0227276732,0.0508206223,False,False,1764304320000,5.4611110752,25287778.64917256
25.08,0.0256185754,0.0572848762,False,False,1764350100000,16.5038252294,63971092.855464086
25.03,0.0262153087,0.0586192124,False,False,1764355500000,25.5870199506,70741235.65717565
20.78,0.185590173,0.4149922428,False,False,1764332820000,15.8792524702,38840884.84989381
24.67,0.0309424699,0.069189466,False,False,1764315840000,10.3478193305,6060984.077154481
25.77,0.0186446818,0.041690776,False,False,1764358920000,17.467739393,2419809.964092822
27.49,0.0084441313,0.0188816516,False,False,1764360540000,9.8443253607,1874744.64946578
28.23,0.0060055803,0.0134288857,False,False,1764355380000,6.4631823509,2071015.274691127
27.7,0.0076657557,0.0171411509,False,False,1764335520000,13.6285822043,1387680.568287279
28.75,0.0047266667,0.010569148,False,True,1764347160000,20.9543557488,202379.050332548
27.82,0.0072536229,0.016219594,False,False,1764357900000,25.9830979159,618329.240842759
22.3,0.0921626549,0.2060819612,False,False,1764266880000,19.3029831513,69828083.8559068
22.83,0.0722029558,0.1614507173,False,False,1764248640000,11.3944990023,46258936.16121345
24.56,0.0325502986,0.0727846803,False,False,1764267240000,6.6188828838,19103195.944156434
25.8,0.0183888672,0.0411187571,False,False,1764220140000,16.4691841198,55851363.87995077
26.8,0.0116025908,0.0259441818,False,False,1764213420000,14.5205731099,67495343.0535484
30.1,0.0025383703,0.0056759685,False,True,1764271680000,7.5099278532,5179273.63421822
21.02,0.1661709017,0.3715694322,True,False,1764258060000,12.4611737172,16472195.016796583
28.55,0.0051826869,0.0115888403,False,True,1764219480000,6.2525252386,18882811.563466847
30.38,0.0022312846,0.0049893041,False,True,1764268380000,22.608248924,54733551.496274225
23.89,0.0443154309,0.099092316,False,False,1764224820000,6.7263573118,36811368.06922005
25.08,0.0256185754,0.0572848762,False,False,1764286080000,7.3693768418,25987717.552283023
26.31,0.0145396843,0.0325117225,False,False,1764228360000,12.2680269529,23243380.69517948
20.53,0.208235599,0.4656289548,False,False,1764209640000,12.6661224176,17100362.59147947
22.73,0.0756057762,0.1690596552,False,False,1764228420000,19.7956877841,26449541.780030865
25.72,0.0190789723,0.0426618789,False,False,1764265800000,6.4723777732,4961733.453112439
25.95,0.0171614894,0.0383742569,False,False,1764244620000,9.1234296382,3774406.739032796
25.37,0.0224158379,0.0501233372,False,False,1764262440000,8.8456029002,1515258.708927943
27.38,0.0088829042,0.0198627775,False,False,1764236040000,4.0070617136,2733571.390464094
24.71,0.0303777061,0.0679266159,False,False,1764217200000,13.2267600264,11601378.442474112
24.2,0.0384197891,0.0859092601,False,False,1764213840000,24.3322167574,6143581.848313321
28.86,0.004493192,0.0100470827,False,False,1764286200000,10.6072067988,24425.14343064
24.93,0.0274507982,0.0613818507,False,False,1764275940000,13.7797651009,8837421.495604753
27.6,0.0080270317,0.0179489885,False,False,1764267960000,7.5315162139,1404724.283535953
23.93,0.0435065831,0.0972836774,False,False,1764248820000,17.4199924936,13479913.931885265
26.93,0.0109283596,0.0244365549,False,False,1764279960000,8.4686839911,1925685.491761375
23.23,0.0600558028,0.1342888574,False,False,1764265200000,7.5504827957,11577787.845721051
21.0,0.1677084622,0.3750075218,True,False,1764581880000,20.0178766677,4997961.030738007
25.9,0.0175612318,0.0392681082,False,False,1764553380000,4.7525340075,17180576.80481581
23.64,0.0497227313,0.1111834072,False,False,1764599700000,14.7121805405,10280273.159956552
22.6,0.0802703167,0.1794898848,False,False,1764607920000,24.7946417574,62986774.25076034
25.0,0.02658,0.0594346868,False,True,1764603300000,18.4721971775,47840720.16030296
25.7,0.0192555078,0.0430566244,False,False,1764564540000,16.8950158724,15858110.19664104
28.77,0.0046833323,0.0104722495,False,False,1764574020000,19.8421148253,60156312.029924415
26.29,0.0146742183,0.0328125497,False,False,1764599640000,8.3286709578,67867277.78083828
26.02,0.0166170902,0.0371569432,False,False,1764629220000,6.2666178503,46583996.13127413
26.17,0.0155079709,0.0346768771,False,False,1764602160000,21.5472040114,74632144.59479025
26.63,0.0125474356,0.028056919,False,False,1764553380000,11.6980684723,67966765.58535394
28.78,0.0046618144,0.0104241338,False,False,1764629700000,4.4571575684,22997890.919624794
23.59,0.0508809225,0.1137732014,False,False,1764557880000,9.0810299463,18392570.83135805
26.25,0.0149470324,0.0334225806,False,False,1764579420000,17.4142476541,3132307.084797239
24.33,0.0361871997,0.0809170384,False,False,1764568680000,7.8430348856,9315922.130951058
25.74,0.0189040552,0.0422707525,False,False,1764558180000,8.7273065884,3017789.122443528
25.43,0.021804944,0.0487573371,False,False,1764551640000,10.801457075,1645007.634340603
27.74,0.0075258399,0.0168282897,False,False,1764599580000,2.5069213349,4365151.508947959
19.0,0.4212646106,0.9419763057,False,False,1764705540000,6.3009124131,17104944.145926513
22.5,0.0840533402,0.1879489824,False,False,1764685440000,7.7183022098,24521774.02055717
25.13,0.0250354255,0.0559809132,False,False,1764678180000,8.4475019924,6183661.900206703
18.96,0.4290965044,0.9594889528,False,False,1764705540000,6.3009139041,17104938.042333417
24.07,0.0407901194,0.0912094798,False,False,1764656520000,14.7565194841,64896748.360863045
31.008,0.0016709174,0.0037362848,False,False,1764657600000,1.8928667838,159495.549315153
25.09,0.0255008688,0.0570216761,False,False,1764696300000,6.2603488276,13554730.504474139
26.51,0.0132603497,0.0296510433,False,False,1764644460000,7.1590222822,1950421.798761615
24.32,0.0363542322,0.0812905344,False,False,1764646560000,18.7226547012,8306011.354873016
23.93,0.0435065831,0.0972836774,False,False,1764682680000,3.8576238224,18585003.29883174
25.41,0.0220067027,0.0492084832,False,False,1764715980000,13.6792219047,7946314.062464443
27.11,0.0100590039,0.0224926165,False,False,1764693720000,7.9771430296,3239008.244287923
10.39,22.2103282246,49.6638037128,False,False,1764469080000,3.7288508677,59487215.18111953
23.6,0.0506471459,0.1132504611,False,False,1764534000000,8.6026222494,72463820.96207215
25.61,0.0200703514,0.0448786701,False,False,1764484680000,7.0514006556,11568782.831855975
24.35,0.0358554334,0.0801751865,False,False,1764491040000,5.7718785255,68787660.44003293
26.33,0.0144063837,0.0322136532,False,False,1764487920000,19.0074186222,42201924.05604408
22.71,0.0763053479,0.1706239449,False,False,1764485640000,7.471066115,11317955.987731384
26.93,0.0109283596,0.0244365549,False,True,1764519600000,17.9300689715,442892.796816785
26.62,0.012605352,0.0281864239,False,False,1764524700000,14.1082792836,271145.570903094
26.67,0.0123184191,0.0275448225,False,False,1764505200000,12.191072933,1773686.037395543
27.76,0.0074568426,0.016674007,False,False,1764493140000,9.2351676915,761627.783893651
28.26,0.0059231806,0.0132446345,False,False,1764514200000,5.9399533545,735487.336325804
23.76,0.0470494961,0.1052058716,False,False,1764468600000,5.520362324,16400339.13565288
25.25,0.0236894499,0.0529712204,False,False,1764487740000,11.7255326457,5872636.499199435
26.3,0.0146067964,0.0326617897,False,False,1764528060000,4.4718026459,6783870.141619344
24.55,0.0327005439,0.0731206391,False,False,1764463200000,11.1543982737,13048913.642140936
23.763,0.0469845397,0.1050606247,False,False,1764468600000,5.5198341841,16398726.605252365
23.06,0.0649463841,0.1452245297,False,False,1764376920000,4.5096531454,58547094.08528411
23.95,0.0431077124,0.0963917753,False,False,1764389400000,6.763729268,23062694.248543937
26.28,0.0147419515,0.0329640056,False,True,1764449100000,5.7226296916,27042279.911644205
22.53,0.0829000851,0.1853702257,False,False,1764378780000,12.7984221237,20889008.878567148
24.34,0.0360209346,0.0805452583,False,False,1764450000000,19.0335621268,58359931.980690084
26.0,0.0167708462,0.0375007522,False,True,1764429600000,25.461376413,60354957.805571966
23.3,0.058150704,0.130028927,False,False,1764435720000,14.7099553263,44326708.88923506
25.24,0.0237987955,0.0532157244,False,False,1764402780000,18.8052584146,22660134.159463175
23.66,0.0492668706,0.1101640716,False,False,1764397080000,5.9080820147,15087240.226419214
24.18,0.038775283,0.0867041687,False,False,1764406140000,4.0088311791,24162345.15160674
26.06,0.0163137941,0.0364787526,False,False,1764452220000,8.5907634238,8918660.14019507
26.53,0.0131387781,0.0293792009,False,False,1764438600000,10.3951476133,3009631.745069659
27.76,0.0074568426,0.016674007,False,False,1764378780000,2.4413024651,3234411.221421119
24.22,0.0380675544,0.0851216393,False,False,1764425340000,4.9416897478,20133071.67797
29.28,0.0037030108,0.0082801838,False,False,1764440100000,7.4351357976,108701.312932158
28.25,0.0059505208,0.013305769,False,False,1764393180000,11.3717993432,531879.21981291
25.85,0.0179702855,0.0401827799,False,False,1764425400000,8.0618172246,6169427.37864025
29.44,0.0034399725,0.0076920125,False,False,1764441840000,20.8432282831,28027.400301092
23.18,0.0614546821,0.1374168468,False,False,1764399780000,9.8440766338,20386777.877177846
19.36,0.3569069267,0.7980681497,False,False,1764916440000,3.6103878446,26197436.756745204
27.5,0.008405334,0.0187948982,False,False,1764946560000,11.2982126719,50472402.71539768
25.4,0.022108281,0.0494356193,False,False,1764952740000,14.7887121663,18683385.455409806
27.7,0.0076657557,0.0171411509,False,True,1764963360000,8.9643074673,35953211.57155869
27.58,0.0081013049,0.0181150684,False,False,1764906900000,7.4045221828,34023519.788999565
28.26,0.0059231806,0.0132446345,False,False,1764972840000,14.4924072113,44021486.7187204
24.19,0.0385971268,0.0863057993,False,False,1764956880000,6.499565254,20429490.82166365
25.63,0.0198863453,0.04446722,False,False,1764920520000,10.7149128648,5389071.48228066
21.69,0.1220548318,0.2729229009,True,False,1764908220000,30.3419387114,6736578.126011132
24.84,0.0286124454,0.0639793729,False,False,1764951060000,18.2608003146,217914.774172261
27.34,0.0090480497,0.0202320542,False,False,1764927360000,7.95398754,2455147.793426778
26.36,0.0142087207,0.0317716653,False,False,1764947160000,11.8639035143,2916883.863149828
27.74,0.0075258399,0.0168282897,False,False,1764895620000,9.4445123812,750773.545878144
23.95,0.0431077124,0.0963917753,False,False,1764901920000,14.8760076989,15297233.314661792
20.16,0.2469192656,0.5521282628,False,False,1764847680000,13.2831496966,13955108.05039032
25.9,0.0175612318,0.0392681082,False,False,1764816540000,17.4560222859,68795939.14127937
24.1,0.040230458,0.0899580388,False,False,1764821760000,9.5388195726,19671746.867751367
27.3,0.0092162655,0.0206081961,False,False,1764871320000,11.261352012,67549960.75717221
22.44,0.0864082036,0.1932146172,False,False,1764885600000,12.3371947936,28408967.231316935
25.58,0.0203495578,0.0455029946,False,False,1764818700000,8.4363018457,69978657.89688791
26.54,0.0130784109,0.0292442157,False,True,1764851580000,8.7516740153,71396144.9132659
25.93,0.0173202827,0.0387293295,False,False,1764838740000,18.1351652005,62263200.51480666
24.8,0.0291443905,0.0651688382,False,False,1764853320000,4.0289894178,33687436.77468688
24.1,0.040230458,0.0899580388,False,False,1764882780000,6.7202640587,62885457.61228393
25.78,0.0185590173,0.0414992243,False,False,1764861000000,5.9973773583,59783765.058391765
26.18,0.0154367182,0.0345175513,False,False,1764835140000,5.2102138782,26438590.722273894
20.68,0.1943367684,0.4345502246,False,False,1764814620000,10.0324792646,26713143.98305772
22.08,0.1019893859,0.2280551997,False,False,1764829620000,13.1271454808,5543896.406576969
24.12,0.0398616229,0.0891332986,False,False,1764808380000,6.4790643772,15567069.4254892
25.99,0.0168482569,0.0376738478,False,False,1764871860000,5.1818491537,2416355.330400486
24.34,0.0360209346,0.0805452583,False,False,1764885180000,15.7294992797,6040520.464838885
24.58,0.0322518756,0.0721173863,False,False,1764838860000,19.4346430279,7085165.45780522
23.59,0.0508809225,0.1137732014,False,False,1764808380000,9.3012821063,20869929.884297125
22.61,0.0799015081,0.1786652037,False,False,1764856800000,10.9603225089,11547956.235268611
24.26,0.0373727432,0.0835679943,False,False,1764824340000,5.2478323337,18951207.335636176
21.39,0.1401376972,0.3133574171,True,False,1765135560000,8.3230963537,15788188.915152175
24.7,0.0305179233,0.0682401509,False,False,1765129740000,16.6134221995,52878237.321274035
27.34,0.0090480497,0.0202320542,False,True,1765078560000,8.0432323066,61944064.00704672
21.92,0.109788026,0.2454934893,False,False,1765123080000,13.8203463514,56354132.49120549
29.32,0.0036354232,0.0081290534,False,True,1765067100000,15.1503398052,45539207.35979494
23.36,0.0565659358,0.1264852778,False,False,1765125240000,4.864359815,16498362.780935492
25.31,0.0230438467,0.0515276076,False,False,1765109100000,7.7471972949,7513718.670471451
26.51,0.0132603497,0.0296510433,False,False,1765097520000,7.3073624655,3801032.930884533
22.06,0.102933082,0.2301653685,False,False,1765102500000,22.7829288289,14679527.777258636
26.31,0.0145396843,0.0325117225,False,True,1765126500000,8.2892781417,1305301.55409374
29.27,0.0037201031,0.0083184034,False,True,1765107180000,22.6129864373,250691.891886066
29.14,0.0039496169,0.008831612,False,True,1765075740000,7.7444433693,211223.949597363
24.25,0.0375452479,0.0839537266,False,False,1765116300000,10.8881360086,15971666.43916788
25.73,0.0189913123,0.0424658654,False,True,1765143180000,16.4747996464,953392.655912681
27.36,0.0089650967,0.0200465656,False,False,1765111380000,5.3037996894,2109323.653969886
23.72,0.0479242116,0.1071617948,False,False,1765123860000,14.7759430972,3406472.124148626
24.35,0.0358554334,0.0801751865,False,False,1765068300000,12.1344552867,10058932.818958096
24.22,0.0380675544,0.0851216393,False,False,1765077840000,7.7188917892,19852372.697329983
23.2,0.0608912622,0.1361570015,False,False,1765008360000,18.436195959,62712934.69149471
21.24,0.1501602479,0.3357685218,False,False,1764988800000,21.1193072666,22554955.038621448
26.1,0.0160160338,0.0358129403,False,False,1764988440000,10.9870143925,74313592.90998349
26.4,0.0139493823,0.0311917671,False,False,1765038060000,6.2465795911,34697079.48634166
26.57,0.0128989683,0.02884297,False,True,1765054800000,11.7099394305,26416982.342177697
23.47,0.0537718498,0.1202375114,False,False,1765026300000,22.1890937746,74066669.68763848
24.4,0.0350392641,0.0783501764,False,False,1765035960000,5.1416456366,15951158.381325109
24.3,0.0366906138,0.0820427065,False,False,1764982080000,8.049430746,12198361.937241243
24.38,0.0353634784,0.0790751417,False,False,1765064820000,22.4817499304,2985400.271041521
27.05,0.01034082,0.0231227764,False,False,1765034640000,7.4603058057,1498726.842791474
26.67,0.0123184191,0.0275448225,False,True,1765016460000,6.8805959002,2964326.763169722
24.88,0.0280902094,0.0628116177,False,False,1765013880000,4.3201346673,7003174.530406035
27.29,0.0092588058,0.0207033192,False,False,1765033020000,12.9989408519,915287.385662021
25.64,0.0197949759,0.0442629117,False,True,1765009500000,16.4969976786,5479853.45371146
26.22,0.0151549664,0.033887535,False,False,1765024860000,9.3654803984,2976988.457610356
22.33,0.0908981358,0.2032544107,False,False,1765029660000,20.560345681,16522417.220844273
24.32,0.0363542322,0.0812905344,False,False,1765054080000,5.7092426269,27235792.10174462
18.11,0.634680239,1.4191881584,True,False,1764747720000,12.4571508066,15836024.778856985
26.1,0.0160160338,0.0358129403,False,False,1764757440000,19.5886785733,61965086.33748719
24.95,0.0271991277,0.0608190985,False,False,1764761700000,12.5000750526,3948626.982295244
25.1,0.0253837029,0.0567596853,False,True,1764774960000,10.474424748,43244036.17755386
22.46,0.0856160085,0.1914432149,False,False,1764764160000,8.4428704069,58357861.72568674
24.35,0.0358554334,0.0801751865,False,False,1764758520000,18.3706197725,29036362.746352535
26.54,0.0130784109,0.0292442157,False,False,1764730620000,21.8533750114,70267379.79633623
27.39,0.0088420909,0.0197715164,False,False,1764773220000,25.2260231332,64955340.58069702
23.28,0.0586887658,0.1312320699,False,False,1764779580000,20.8928077192,70652973.13827243
25.93,0.0173202827,0.0387293295,False,False,1764729960000,10.4726290615,29041360.49703371
24.7,0.0305179233,0.0682401509,False,False,1764748560000,6.5731654481,26721285.81721289
24.5,0.0334622374,0.0748238376,False,False,1764736860000,2.7856712725,4253996.985425032
26.12,0.0158691979,0.0354846053,False,False,1764751500000,3.705161688,10246771.03112558
27.27,0.0093444765,0.0208948847,False,False,1764723840000,6.063821181,3497499.106970912
27.47,0.0085222639,0.0190563613,False,False,1764730740000,7.3443454221,3094686.40692687
24.49,0.0336166921,0.0751692087,False,False,1764761340000,10.9020517313,11177248.330191022
28.89,0.0044315431,0.0099092316,False,False,1764738780000,11.3706747936,436881.625284871
25.48,0.0213086029,0.0476474846,False,True,1764742500000,6.6882649725,7267035.552707775
25.21,0.0241298697,0.0539560289,False,False,1764729240000,7.9836826103,5950484.642704284
23.88,0.0445199816,0.0995497053,False,False,1764739560000,6.4272138708,8246535.191144784
19.45,0.3424167308,0.7656670868,True,False,1765407420000,32.9562223991,73954182.2770134
24.36,0.0356906927,0.079806815,False,False,1765407540000,4.3868948495,3137245.624641466
28.8,0.0046190746,0.0103285648,False,False,1765376400000,7.7283027016,55406069.66332581
25.34,0.0227276732,0.0508206223,False,False,1765371120000,12.7143370778,18338071.609247275
30.35,0.0022623249,0.0050587123,False,False,1765404300000,13.4140180941,52364263.500441
26.92,0.0109788026,0.0245493489,False,False,1765408800000,6.6943218953,55422792.53602269
21.13,0.1579628558,0.3532156834,True,False,1765344180000,9.6378356688,22658284.92035296
27.81,0.0072871041,0.0162944602,False,False,1765373520000,4.1964932627,17992770.538742837
19.47,0.3392774354,0.7586474087,True,False,1765407420000,32.9562206995,73954173.2113825
21.18,0.1543671822,0.3451755128,True,False,1765344180000,9.6378319537,22658262.510592036
24.75,0.0298232505,0.0666868155,False,False,1765326360000,4.6851467487,18459680.465759624
22.22,0.0956213733,0.2138158908,False,False,1765327320000,14.9836245453,12047796.902051909
25.23,0.0239086457,0.0534613571,False,False,1765325340000,5.5438404643,3391105.16166606
24.55,0.0327005439,0.0731206391,False,False,1765353120000,10.1652177351,11533783.99129544
25.35,0.0226232491,0.0505871228,False,False,1765379040000,14.4263701237,2320451.4570162
24.14,0.0394961694,0.0883161196,False,False,1765370640000,12.4367208411,8860323.583120923
28.84,0.004534767,0.0101400473,False,False,1765397880000,8.6148995411,130232.799723175
29.06,0.0040978398,0.0091630484,False,False,1765397940000,5.5725366823,1487226.341977567
25.77,0.0186446818,0.041690776,False,False,1765337400000,8.3317357768,3577724.285831126
27.76,0.0074568426,0.016674007,False,False,1765337340000,4.6283948674,2855915.326030263
30.21,0.002412987,0.0053956029,False,False,1765358820000,9.7935827997,313562.296646515
28.24,0.0059779871,0.0133671856,False,False,1765382580000,10.2961868299,2705621.571618384
24.97,0.0269497646,0.0602615057,False,False,1765336260000,10.8579317432,6607329.351157243
25.47,0.021406959,0.0478674154,False,False,1765378320000,6.9664004083,4616540.122993976
23.76,0.0470494961,0.1052058716,False,False,1765249620000,8.4832665237,8258324.116652051
24.1,0.040230458,0.0899580388,False,False,1765242720000,5.0897545335,35241954.78175423
25.7,0.0192555078,0.0430566244,False,False,1765305780000,23.0155017756,51316733.82670724
22.7,0.0766575574,0.1714115092,False,False,1765287900000,7.32181002,61729649.97263032
22.49,0.0844413128,0.1888165155,False,False,1765320480000,9.2178659482,25876744.02722301
26.36,0.0142087207,0.0317716653,False,False,1765308000000,10.8716678535,29291342.87614194
29.64,0.0031372922,0.0070151987,False,False,1765313940000,4.3615687068,21755445.21441875
24.24,0.0377185489,0.0843412394,False,False,1765287000000,12.0104337653,43733258.5820018
28.28,0.0058688766,0.013123207,False,False,1765322640000,3.1864869363,8232701.187955682
23.96,0.0429096504,0.0959488953,False,False,1765255740000,20.568968105,10991535.754158368
25.58,0.0203495578,0.0455029946,False,True,1765266720000,12.5759375565,474247.792299009
25.16,0.0246919266,0.0552128263,False,False,1765304940000,17.2639981248,4556848.972166767
24.82,0.0288771931,0.0645713667,False,False,1765275000000,8.5547408255,19118290.14484263
26.78,0.0117099483,0.0261842403,False,False,1765298940000,3.8698885675,1977751.040763204
25.21,0.0241298697,0.0539560289,False,False,1765273320000,7.1275582699,5282414.499040987
23.75,0.0472666667,0.1056914799,False,False,1765274040000,7.8222270211,12682633.05610642
27.68,0.0077366861,0.017299756,False,True,1765276080000,8.8549308207,549086.625050938
25.66,0.0196134944,0.0438571068,False,False,1765273980000,13.4359839286,2782116.482710787
18.51,0.527904029,1.1804292945,True,False,1765197180000,14.7469682381,27894399.2825432
26.9,0.0110803882,0.0247765013,False,False,1765218480000,6.8450449669,49533728.82935664
25.61,0.0200703514,0.0448786701,False,False,1765164180000,6.394022835,34703128.35653682
26.7,0.0121494041,0.0271668934,False,False,1765204920000,27.1135875174,71686416.43721041
25.45,0.0216050351,0.0483103272,False,False,1765185060000,10.9281057915,27563257.36619831
27.0,0.0105816886,0.023661375,False,False,1765232280000,4.8179073545,26651451.990638833
25.7,0.0192555078,0.0430566244,False,False,1765198320000,3.2523056985,19753094.98806295
26.61,0.0126635356,0.0283165265,False,False,1765223640000,7.1285707595,5166258.933683747
19.4,0.3503926411,0.7835017643,False,False,1765175340000,9.055993128,23622650.04147781
27.54,0.0082519194,0.0184518527,False,False,1765166160000,13.0279682223,36513874.16954896
19.3,0.3669061375,0.8204270649,False,False,1765175400000,9.055995587,23622502.717495438
25.05,0.0259749653,0.0580817882,False,False,1765199160000,6.8044377665,10086407.814164428
26.45,0.0136318556,0.0304817558,False,False,1765200480000,8.2405664716,1747643.830748925
23.93,0.0435065831,0.0972836774,False,False,1765223880000,15.910083435,9415339.220553571
29.93,0.0027450798,0.0061381851,False,True,1765225080000,9.2759876087,155053.479922095
27.11,0.0100590039,0.0224926165,False,False,1765171380000,17.2977119019,2257783.847128323
23.59,0.0508809225,0.1137732014,False,False,1765217460000,13.3909406069,10716312.190198436
28.77,0.0046833323,0.0104722495,False,False,1765154220000,7.8525553431,1081393.664852474
26.19,0.0153657929,0.0343589575,False,False,1765196340000,9.9207835022,5295167.283624664
25.39,0.0222103282,0.0496638037,False,False,1765201920000,7.3439615426,9288940.4945602
28.8,0.0046190746,0.0103285648,False,True,1765924320000,5.1878591188,12954037.132128874
28.9,0.004411182,0.0098637028,False,False,1765857180000,16.3404346038,56000889.673697
25.9,0.0175612318,0.0392681082,False,False,1765843440000,15.9589319278,60364830.846117936
23.67,0.0490405098,0.1096579137,False,False,1765881060000,10.6760152208,44584762.5222234
24.91,0.0277047973,0.06194981,False,False,1765845900000,4.3409655003,69028636.56361376
24.18,0.038775283,0.0867041687,False,False,1765917840000,5.7211887062,25227021.852878194
22.01,0.1053307015,0.2355266087,False,False,1765844820000,17.1196925367,19619823.765841357
23.18,0.0614546821,0.1374168468,False,False,1765870500000,19.0239835461,23353140.338242956
27.3,0.0092162655,0.0206081961,False,False,1765846500000,14.7628745539,198141.944981177
23.36,0.0565659358,0.1264852778,False,False,1765924680000,8.7946210024,14332271.4625933
24.16,0.0391340663,0.0875064325,False,False,1765903980000,9.6402856286,9202356.059844157
26.16,0.0155795524,0.0348369383,False,False,1765897680000,13.6884582924,3485277.798739984
26.03,0.0165407416,0.0369862226,False,False,1765855140000,15.4983107583,4141802.816544753
29.15,0.0039314701,0.0087910344,False,True,1765895400000,9.1767526609,1389844.516436616
24.81,0.0290104841,0.0648694146,False,False,1765892160000,14.8343435849,4029522.613929437
27.28,0.0093015425,0.0207988814,False,False,1765897140000,9.8688060521,1162664.009231443
30.62,0.0019978137,0.0044672471,False,True,1765906320000,7.2886799661,170602.787248404
26.39,0.0140137697,0.0313357417,False,False,1765901040000,16.2875502734,4556620.760616082
22.62,0.079534394,0.1778443116,False,False,1765802100000,10.2505400719,34974486.5957719
26.8,0.0116025908,0.0259441818,False,False,1765822260000,18.457388993,32142914.583137397
25.0,0.02658,0.0594346868,False,False,1765811220000,17.726244852,51844477.78739867
28.12,0.0063176415,0.0141266758,False,True,1765779120000,5.7673688425,50196737.20941018
25.73,0.0189913123,0.0424658654,False,False,1765821720000,8.8212206019,2918070.817529769
25.15,0.0248058993,0.0554676771,False,False,1765817160000,12.5194068113,16379542.069685057
24.06,0.040978398,0.0916304836,False,False,1765782480000,6.2147638046,6804850.31538005
20.69,0.193443872,0.4325536477,True,False,1765834140000,19.4165268535,3405204.61131569
24.92,0.0275775053,0.0616651765,False,True,1765790820000,9.341485461,7665338.774558537
27.51,0.008366715,0.0187085435,False,False,1765815180000,8.2216806829,933243.019606641
24.52,0.0331554538,0.0741378485,False,False,1765814460000,13.1185776847,10435473.305630395
27.81,0.0072871041,0.0162944602,False,False,1765785240000,6.5381456109,2060993.818098336
24.33,0.0361871997,0.0809170384,False,False,1765832400000,13.7376878522,7575202.048660621
23.57,0.0513517179,0.1148259319,False,False,1765791960000,30.4140066915,12789389.596728578
24.56,0.0325502986,0.0727846803,False,False,1765827180000,7.0594665423,12015417.265878692
22.7,0.0766575574,0.1714115092,False,False,1766086500000,19.1782256853,55418090.86944582
23.87,0.0447254765,0.1000092059,False,False,1766064060000,15.830553113,31387591.197560646
26.4,0.0139493823,0.0311917671,False,False,1766052000000,12.0715275864,34993686.584799185
28.6,0.0050647146,0.0113250461,False,False,1766061300000,3.8353383511,41802043.11521714
25.45,0.0216050351,0.0483103272,False,False,1766085540000,11.4318107016,2313379.038194506
24.35,0.0358554334,0.0801751865,False,False,1766020380000,9.4899753683,5623312.350719205
22.68,0.077366861,0.1729975604,False,False,1766044740000,11.8373568919,12496352.202644998
26.09,0.0160899605,0.0359782453,False,False,1766073240000,23.7797514146,69703996.7909996
24.97,0.0269497646,0.0602615057,False,False,1766097060000,17.1004729049,67364474.50775708
23.73,0.0477040198,0.1066694311,False,False,1766021820000,7.4466313969,63398975.99736153
29.77,0.0029549829,0.0066075427,False,False,1766022300000,13.4673329115,19146683.700890332
23.49,0.0532788665,0.1191351672,False,False,1766071620000,12.4972787917,26776946.442387413
22.97,0.0676947481,0.1513700585,False,False,1766029680000,9.5425990163,2594462.141285321
25.16,0.0246919266,0.0552128263,False,False,1766025720000,13.7049691083,11266065.09424278
25.26,0.0235806068,0.0527278398,False,False,1766065860000,6.8000255388,5857221.725237617
24.16,0.0391340663,0.0875064325,False,False,1766083620000,17.6263458022,5621454.031018278
24.85,0.0284809831,0.0636854144,False,False,1766070780000,15.4583476641,8096673.804496779
24.82,0.0288771931,0.0645713667,False,False,1766082900000,15.2976429839,4983103.374203856
27.1,0.0101054342,0.0225964377,False,False,1766024880000,9.9837084736,720424.162237847
28.37,0.0056306039,0.0125904131,False,False,1766046000000,24.4152416803,611232.691884634
23.72,0.0479242116,0.1071617948,False,False,1766023620000,12.6193796352,7357138.753723024
27.6,0.0080270317,0.0179489885,False,False,1766071260000,8.8375745267,91235.896247741
26.24,0.0150160248,0.0335768522,False,False,1766059140000,17.3261075143,4967795.817035467
25.24,0.0237987955,0.0532157244,False,False,1765994280000,23.5686586395,60821823.391780086
25.6,0.0201629919,0.0450858206,False,False,1765946880000,15.4483890923,29588713.567007303
26.3,0.0146067964,0.0326617897,False,False,1765957680000,14.9305940719,38406757.81506861
28.6,0.0050647146,0.0113250461,False,False,1765994400000,13.3182637765,38252338.435638085
27.4,0.0088014652,0.0196806745,False,True,1766015460000,5.6567224057,46143564.009981826
24.36,0.0356906927,0.079806815,False,False,1765959480000,22.8495333403,14417107.427324357
24.26,0.0373727432,0.0835679943,False,False,1765978680000,15.8334045378,19172621.099269226
26.75,0.0118728499,0.0265484994,False,False,1765974360000,3.4777824557,13836851.23335106
27.96,0.0068007213,0.0152068751,False,False,1765964100000,17.7372193938,49018414.01321692
26.73,0.011982708,0.0267941497,False,False,1765954800000,10.7291771166,29850776.617388874
24.47,0.0339277435,0.0758647409,False,False,1765967340000,12.7353346941,7626311.622393789
24.96,0.0270741591,0.0605396602,False,False,1765969020000,2.9233844863,6094564.789746565
23.95,0.0431077124,0.0963917753,False,False,1765966800000,10.9172280439,10703085.659080043
26.15,0.0156514644,0.0349977383,False,False,1765958820000,11.9463898417,2179348.831179464
25.42,0.0219055911,0.0489823908,False,False,1765942020000,8.0440039455,5342416.364644186
23.36,0.0565659358,0.1264852778,False,False,1766002500000,14.615011999,18694838.75809573
29.86,0.0028350125,0.0063392806,False,False,1765968960000,7.432812789,746052.476457536
26.16,0.0155795524,0.0348369383,False,False,1766008440000,13.1249113513,6995971.632322127
26.65,0.0124324001,0.0277996916,False,False,1765976040000,14.2770925919,1209107.685238459
29.0,0.0042126461,0.0094197631,False,False,1765959000000,12.4845222957,781874.628895617
27.99,0.0067074119,0.0149982289,False,False,1765978200000,13.2849728493,2853920.498272961
27.02,0.0104846751,0.0234444462,False,False,1765966740000,10.2858399892,2985222.533812174
24.81,0.0290104841,0.0648694146,False,False,1766002920000,15.6492032498,3093050.70381629
26.04,0.0164647438,0.0368162863,False,False,1765958940000,13.180194392,2271477.647193661
25.24,0.0237987955,0.0532157244,False,False,1766007660000,12.8650789933,26151527.354571104
27.2,0.0096506147,0.0215794305,False,False,1765559460000,6.9841518839,40493806.63043145
26.1,0.0160160338,0.0358129403,False,False,1765510020000,8.4659799448,33876247.5525268
25.5,0.0211132445,0.0472106499,False,False,1765529220000,17.2474925975,43890883.49971132
27.22,0.0095621373,0.0213815891,False,False,1765532280000,12.5579666668,36114131.142998375
25.98,0.0169260249,0.0378477424,False,False,1765551600000,11.8070079163,18270745.89568227
27.45,0.0086011194,0.0192326877,False,True,1765534200000,16.7403733446,47187218.24617472
22.03,0.1043650238,0.2333672878,False,False,1765530600000,15.2274638587,57675813.99479871
24.075,0.0406963047,0.0909997038,False,False,1765511880000,6.8377509852,16602298.115166469
25.6,0.0201629919,0.0450858206,False,False,1765535100000,8.9096290178,4188581.591780569
27.46,0.0085616008,0.0191443215,False,False,1765510200000,4.318111716,1004391.033549078
28.91,0.0043909145,0.0098183832,False,True,1765569960000,6.9486266372,506929.526410902
26.73,0.011982708,0.0267941497,False,False,1765536120000,8.3119821046,1503300.378792688
27.66,0.0078082728,0.0174598287,False,True,1765529400000,6.0196066521,1381279.574625719
28.85,0.0045139316,0.010093458,False,True,1765530960000,9.1524122921,139386.124916569
27.62,0.0079534394,0.0177844312,False,False,1765519080000,9.8755586959,2142205.909066727
26.22,0.0151549664,0.033887535,False,False,1765525620000,17.6328702364,5003501.806727493
24.5,0.0334622374,0.0748238376,False,False,1765508460000,12.205468775,5325344.106121916
25.97,0.0170041519,0.0380224396,False,False,1765571340000,13.6454711442,10140542.52610516
29.56,0.0032550299,0.007278468,False,False,1765534560000,8.234657995,995778.235379568
25.7,0.0192555078,0.0430566244,False,False,1765521660000,6.9975426257,8822242.592604565
24.99,0.0267026877,0.0597090249,False,False,1765523220000,7.9433647438,13870877.52319894
24.32,0.0363542322,0.0812905344,False,False,1765526760000,6.5790614051,22508016.71725728
22.96,0.0680072129,0.1520687509,False,False,1765532280000,8.2656187429,19134218.233975776
20.51,0.2101623793,0.4699373665,True,False,1765488480000,25.7029012462,12972234.620949924
27.8,0.0073207399,0.016369672,False,False,1765451160000,8.2223229168,17007174.11391291
26.92,0.0109788026,0.0245493489,False,False,1765455660000,3.6798098658,1881566.237538845
24.64,0.0313729225,0.0701519874,False,False,1765473120000,4.5071994596,51155976.23984119
23.03,0.0658498783,0.1472448042,False,False,1765463760000,14.7384151586,65548952.51346903
28.2,0.0060891262,0.0136157002,False,True,1765457760000,21.5351931612,74516512.60701822
25.94,0.0172407032,0.0385513844,False,False,1765430940000,16.4364035326,46862367.05490141
26.76,0.0118182991,0.0264265201,False,False,1765485540000,4.2690752223,39813450.0735442
26.08,0.0161642283,0.0361443134,False,False,1765485780000,5.2464697457,21602202.10808025
24.28,0.0370301078,0.0828018383,False,False,1765416300000,8.8649174157,5216072.496189744
27.66,0.0078082728,0.0174598287,False,False,1765453080000,12.6670641216,3308492.146484267
28.58,0.0051115778,0.0114298355,False,False,1765494120000,6.6236308234,1418592.499757924
26.16,0.0155795524,0.0348369383,False,False,1765474200000,13.4019049829,5082485.891738613
24.77,0.0295498293,0.0660754271,False,False,1765453800000,12.3573014131,17290107.51825882
20.48,0.2130860292,0.4764748465,True,False,1765488480000,25.7029012449,12972234.620949924
23.43,0.0547715431,0.1224728936,False,False,1765682220000,25.6351828691,56354654.66257072
24.1,0.040230458,0.0899580388,False,False,1765683360000,12.5590547769,26726708.186488274
26.6,0.0127219879,0.0284472297,False,False,1765692420000,9.2039677106,71267078.6627732
26.13,0.0157962856,0.0353215683,False,False,1765705860000,6.577831033,32507553.61678461
22.2,0.096506147,0.2157943048,False,False,1765686660000,5.1985235547,26642270.78040247
24.07,0.0407901194,0.0912094798,False,False,1765728720000,15.2377808362,9668776.263273712
25.47,0.021406959,0.0478674154,False,False,1765727040000,17.6489164952,2222946.916342488
30.09,0.0025500869,0.0057021676,False,False,1765696320000,9.1559419022,577674.015058801
29.41,0.0034878273,0.007799019,False,False,1765720800000,9.0142208268,198671.65607906
26.89,0.011131533,0.0248908644,False,False,1765670940000,12.7413601797,409132.252625174
25.91,0.0174805453,0.0390876876,False,False,1765748520000,5.5252735682,7541923.164731049
20.17,0.2457847746,0.5495914639,True,False,1765668840000,26.8439319891,72888697.40316886
24.5,0.0334622374,0.0748238376,False,False,1765585440000,23.1735215776,46542716.75325696
21.08,0.1616422833,0.3614431336,False,False,1765600440000,4.342790586,61470590.74275984
26.42,0.0138214936,0.0309057992,False,False,1765623720000,19.4355269309,44236896.28208228
26.92,0.0109788026,0.0245493489,False,False,1765630860000,13.5677055763,31174439.05109728
26.62,0.012605352,0.0281864239,False,False,1765651620000,5.4511848517,12790329.75950238
23.95,0.0431077124,0.0963917753,False,False,1765635840000,4.151531992,27636424.861627024
26.5,0.0133215567,0.0297879063,False,False,1765626300000,5.2914323151,5557490.035908555
27.91,0.0069591304,0.0155610887,False,False,1765585020000,3.5578572985,313932.087621368
24.08,0.0406027058,0.0907904103,False,False,1765644840000,28.6771146228,7992022.779095936
27.51,0.008366715,0.0187085435,False,False,1765642020000,20.1963791171,355757.04907043
29.2,0.0038419789,0.008590926,False,False,1765605720000,12.8763788549,429739.284418739
23.76,0.0470494961,0.1052058716,False,False,1765587000000,19.5276152656,22297886.971360456
26.6,0.0127219879,0.0284472297,False,False,1765629900000,10.0539633838,3949820.967775075
23.86,0.04493192,0.1004708274,False,False,1765597680000,13.0828947164,18019474.042773787
21.3,0.1460679643,0.3266178974,False,False,1766764500000,21.3525865302,21302806.40060742
25.12,0.0251509837,0.0562393094,False,False,1766731980000,23.0888878403,65020269.3025508
21.4,0.1394938229,0.3119176705,False,False,1766734020000,9.6568354042,15629236.929697668
24.8,0.0291443905,0.0651688382,False,False,1766750580000,7.3484333513,30419428.99825924
23.11,0.0634680239,0.1419188158,False,False,1766722740000,3.3389329986,12015078.950295689
26.2,0.0152951935,0.0342010925,False,False,1766757540000,17.0392901443,71828659.8664842
26.47,0.013506878,0.0302022973,False,False,1766732640000,13.7992707344,27294852.51803233
24.59,0.0321036917,0.0717860371,False,False,1766789340000,15.591789979,40555553.91422309
24.84,0.0286124454,0.0639793729,False,False,1766749680000,6.899440007,25659352.980233833
25.77,0.0186446818,0.041690776,False,False,1766711700000,19.9413475682,51921045.762090795
24.98,0.0268259417,0.0599846292,False,False,1766715120000,3.1446362687,63551208.86928393
28.99,0.0042320908,0.0094632427,False,False,1766761500000,16.0284593633,58986355.378846854
23.68,0.0488151892,0.1091540813,False,False,1766746440000,17.1026305294,16453459.79843182
24.0,0.0421264611,0.0941976306,False,False,1766714340000,13.4898040883,5106227.522501223
26.57,0.0128989683,0.02884297,False,False,1766749200000,7.0341466296,5387683.408524291
25.47,0.021406959,0.0478674154,False,False,1766737680000,20.0518486258,3755883.874844497
23.25,0.0595052079,0.1330576898,False,False,1766728740000,9.8932411,25085038.45462205
28.64,0.0049722731,0.0111183407,False,False,1766777940000,10.4601280378,979591.23721281
25.76,0.0187307418,0.0418832119,False,False,1766771160000,24.146903562,4931799.921631168
24.39,0.035200998,0.0787118244,False,False,1766727540000,10.4431049003,17949659.439526025
25.43,0.021804944,0.0487573371,False,False,1766728980000,6.625066068,13644259.698462196
21.3,0.1460679643,0.3266178974,False,False,1766764500000,21.3525865316,21302806.40060742
19.41,0.3487827332,0.7799019007,True,False,1766483700000,23.2049022366,70949399.79177918
24.1,0.040230458,0.0899580388,False,False,1766461140000,9.5184953536,62740513.25330644
24.31,0.0365220357,0.0816657545,False,False,1766481780000,3.9847075677,24252411.087792568
25.59,0.0202560601,0.0452939273,False,False,1766472540000,11.8715745231,983850.109054266
25.56,0.02053785,0.0459240286,False,False,1766488560000,7.749734428,7437383.066150811
22.86,0.0712122941,0.1592355304,False,False,1766477820000,17.5548681147,3977778.625549173
24.21,0.0382432662,0.0855145429,False,False,1766466960000,17.13140752,16402640.923279636
24.37,0.0355267088,0.079440136,False,False,1766473440000,16.1444334811,2476877.108441083
22.55,0.0821400526,0.1836707413,False,False,1766508360000,11.6559715929,11189756.4624181
25.82,0.0182202771,0.0407417781,False,False,1766487180000,8.8693118218,5208761.199489234
24.36,0.0356906927,0.079806815,False,False,1766519280000,14.2909303355,15430259.405813606
23.44,0.0545198907,0.1219101818,False,False,1766444280000,4.9867589998,10630447.919628572
26.2,0.0152951935,0.0342010925,False,False,1766403360000,9.0198597041,29135565.68660415
26.1,0.0160160338,0.0358129403,False,True,1766424300000,4.0642011208,16317681.73478306
21.85,0.1133848361,0.2535362011,False,False,1766361660000,14.3720216922,54014406.33598573
22.01,0.1053307015,0.2355266087,False,False,1766384760000,9.926256288,28233263.695253864
20.98,0.1692602495,0.3784774237,True,False,1766367720000,9.6545350326,15658640.899678927
26.8,0.0116025908,0.0259441818,False,False,1766385360000,15.7246380921,48332462.95974507
24.6,0.0319561887,0.0714562102,False,False,1766388180000,11.8099572711,18652286.377003796
24.59,0.0321036917,0.0717860371,False,False,1766398860000,9.1519960236,48254603.7908772
25.26,0.0235806068,0.0527278398,False,False,1766365500000,3.5311168741,49724934.6242159
18.54,0.5206609142,1.1642331974,False,False,1766364420000,21.2726541157,13250104.60114973
20.33,0.228325794,0.5105519964,True,False,1766383080000,13.4876162999,19870721.33983888
18.42,0.5502435705,1.2303820278,False,False,1766364420000,21.2726529594,13250108.759970516
25.64,0.0197949759,0.0442629117,False,False,1766366700000,4.5235880005,6115738.019558506
22.88,0.0705594158,0.1577756503,False,False,1766409960000,12.6372511621,8111536.801674889
24.16,0.0391340663,0.0875064325,False,False,1766436060000,6.7369080281,12615840.838465411
25.78,0.0185590173,0.0414992243,False,False,1766418000000,8.7978558125,5775417.047186582
24.88,0.0280902094,0.0628116177,False,False,1766447640000,12.3698092119,11180583.091110129
27.04,0.010388551,0.0232295062,False,False,1766400300000,7.5738632396,3938185.006089883
23.06,0.0649463841,0.1452245297,False,False,1766420100000,12.2629334703,3696084.011245159
27.72,0.0075954757,0.0169839999,False,False,1766407440000,10.1067345377,456984.826412063
26.35,0.0142743051,0.0319183166,False,False,1766442780000,14.4319822482,5434489.275934364
23.84,0.0453476699,0.1014004725,False,False,1766390580000,21.9808153399,22544224.862119533
23.41,0.0552783379,0.1236061213,False,False,1766425020000,4.2018006064,27233967.81555912
20.95,0.1716148941,0.3837425691,True,False,1766622300000,16.2929601353,21479391.02324543
25.0,0.02658,0.0594346868,False,False,1766704140000,11.5806392976,36277835.224471726
22.47,0.0852226386,0.1905636132,False,False,1766684820000,18.6368135053,31558983.083653726
21.39,0.1401376972,0.3133574171,False,False,1766652000000,12.0756404139,12098350.10634676
22.76,0.0745684261,0.1667400697,False,False,1766660700000,8.5285443267,16714402.974118358
25.18,0.0244655496,0.0547066321,False,False,1766695320000,9.1402550999,58680801.66953271
24.21,0.0382432662,0.0855145429,False,False,1766653800000,4.8349474328,43096941.97750618
24.9,0.0278326768,0.0622357573,False,False,1766704200000,11.1131376805,17208044.66420374
26.26,0.014878357,0.0332690178,False,False,1766689980000,6.3258239559,59043594.41114775
22.35,0.0900647767,0.2013909631,False,False,1766642460000,6.282405632,21154235.056231573
21.82,0.1149621763,0.257063241,True,False,1766645160000,10.47641771,28830357.03973694
24.32,0.0363542322,0.0812905344,False,False,1766666340000,4.4638610995,12894332.981246762
24.16,0.0391340663,0.0875064325,False,False,1766646240000,15.4928448263,4329190.140732056
23.04,0.0655473256,0.1465682757,False,False,1766656200000,4.7853448157,26337070.286619175
24.11,0.0400456158,0.0895447192,False,False,1766676180000,20.0439808572,1382566.385583885
25.03,0.0262153087,0.0586192124,False,False,1766656560000,18.6137709168,3053132.75617484
26.28,0.0147419515,0.0329640056,False,False,1766657100000,9.9512758113,6976309.81971037
25.58,0.0203495578,0.0455029946,False,False,1766683800000,17.0180624489,633349.794497553
24.92,0.0275775053,0.0616651765,False,False,1766624640000,7.4412245541,6296224.962474615
20.91,0.1748054532,0.3908768761,True,False,1766622300000,16.2929605925,21479393.1325754
18.98,0.425162524,0.9506923052,True,False,1766614860000,28.5412905015,7958263.237210054
24.68,0.0308003021,0.0688715693,False,False,1766546160000,10.6757370395,1803459.140121026
28.3,0.0058150704,0.0130028927,False,False,1766599740000,11.8037206099,42275314.18302293
23.41,0.0552783379,0.1236061213,False,False,1766576280000,21.348018513,63371862.83452337
23.64,0.0497227313,0.1111834072,False,False,1766579280000,14.6666900046,54370336.634349406
26.2,0.0152951935,0.0342010925,False,False,1766586720000,14.5255211729,11584587.308269143
26.32,0.0144728805,0.0323623447,False,False,1766559960000,4.01401749,47387115.497763544
26.05,0.0163890951,0.0366471308,False,False,1766570400000,6.2361543367,65649763.94497866
25.08,0.0256185754,0.0572848762,False,False,1766578380000,23.6041536102,62909145.04373824
25.39,0.0222103282,0.0496638037,False,False,1766617320000,9.1661268183,23287342.303166606
22.66,0.0780827277,0.1745982871,False,False,1766542380000,18.7798401415,16955577.793590125
25.9,0.0175612318,0.0392681082,False,False,1766617080000,10.7771967562,3308250.994717827
26.65,0.0124324001,0.0277996916,False,False,1766555640000,7.6062202878,4131507.865126028
25.63,0.0198863453,0.04446722,False,False,1766589060000,11.5525678367,3477394.050830132
26.27,0.0148099972,0.0331161605,False,False,1766608200000,6.7646336773,7983434.529936893
26.18,0.0154367182,0.0345175513,False,False,1766596380000,11.2110230048,2429222.87151024
23.84,0.0453476699,0.1014004725,False,False,1766580420000,6.3481562348,18742562.094282728
25.56,0.02053785,0.0459240286,False,False,1766573700000,9.1393125241,7947707.73118115
25.66,0.0196134944,0.0438571068,False,False,1766571000000,1.8885754911,22646101.131267827
29.3,0.0036690614,0.0082042706,False,True,1766325960000,8.7817643402,64839126.13361815
27.6,0.0080270317,0.0179489885,False,True,1766322420000,7.2045211053,45802543.66756765
23.7,0.0483676488,0.1081533507,False,False,1766304960000,13.5865023989,45858973.61474843
27.5,0.008405334,0.0187948982,False,False,1766315760000,7.3058469868,38696026.27033498
24.2,0.0384197891,0.0859092601,False,False,1766288040000,17.8238887632,8766880.160864316
26.55,0.013018321,0.0291098508,False,False,1766323920000,25.6581549133,53967886.06586927
26.81,0.0115492818,0.0258249791,False,False,1766300940000,12.9001102653,73547016.7127862
26.95,0.0108281678,0.0242125192,False,False,1766355720000,15.2128444386,28368969.20393568
26.97,0.0107288945,0.0239905375,False,False,1766307000000,13.363100797,2465778.442465783
24.48,0.0337718597,0.0755161741,False,False,1766304720000,11.5597201259,4368993.646002956
24.91,0.0277047973,0.06194981,False,False,1766275620000,7.6550754847,4053626.630572335
25.49,0.0212106988,0.0474285643,False,False,1766353500000,8.3106259941,8959611.01624951
28.36,0.0056565936,0.0126485278,False,False,1766361060000,8.3337499502,399923.621099241
26.99,0.0106305314,0.023770591,False,False,1766299560000,14.6140366695,1348658.068616288
26.62,0.012605352,0.0281864239,False,False,1766289240000,5.7612497517,1575281.667830812
26.69,0.0122054832,0.0272922901,False,False,1766305020000,7.2278786088,1342023.522760084
23.42,0.0550243571,0.1230382028,False,False,1766338860000,6.7310110333,5664495.911300642
17.9,0.6991252322,1.5632915441,True,False,1766253840000,15.951919583,36366817.74296345
24.92,0.0275775053,0.0616651765,False,False,1766257620000,15.4970112653,40973218.82543881
23.3,0.058150704,0.130028927,False,False,1766231700000,8.2556979881,7426695.74943865
23.83,0.0455569852,0.1018685158,False,False,1766257800000,5.1629796255,53460024.1707336
25.9,0.0175612318,0.0392681082,False,False,1766222100000,18.9247917021,44350812.41220497
24.04,0.0413575665,0.0924783301,False,False,1766250180000,9.7137540669,23428561.989336614
25.78,0.0185590173,0.0414992243,False,False,1766205540000,7.7958154859,6475595.381687979
24.67,0.0309424699,0.069189466,False,False,1766221020000,7.7692053907,15314214.12400613
25.9,0.0175612318,0.0392681082,False,False,1766262180000,9.6082657761,5575850.960402579
27.69,0.0077011393,0.0172202709,False,False,1766239860000,5.9589061231,2510371.114107715
23.76,0.0470494961,0.1052058716,False,False,1766245920000,7.2288297517,12807806.93457938
25.74,0.0189040552,0.0422707525,False,False,1766267820000,5.8751598817,6403811.621677403
26.03,0.0165407416,0.0369862226,False,False,1766207880000,10.1261635865,8091599.63922361
27.08,0.0101989386,0.02280552,False,False,1766194380000,9.7185437393,1987146.95386259
25.91,0.0174805453,0.0390876876,False,True,1766248440000,13.5220084698,356246.278984691
24.63,0.0315177333,0.0704757942,False,False,1766204340000,6.4229303806,5839251.924374708
21.4,0.1394938229,0.3119176705,True,False,1766127180000,12.4911443408,28139212.411972087
27.9,0.0069912523,0.0156329154,False,False,1766161080000,5.4558916111,15676149.460389052
26.1,0.0160160338,0.0358129403,False,False,1766159580000,7.0702170663,31181172.062271517
25.97,0.0170041519,0.0380224396,False,False,1766145660000,10.279901697,22775455.193102624
24.5,0.0334622374,0.0748238376,False,False,1766123400000,17.0413819812,16744624.885413628
25.72,0.0190789723,0.0426618789,False,False,1766122020000,10.3045579301,73671371.70747855
29.7,0.0030517923,0.0068240151,False,False,1766109480000,11.5756284156,46739402.43777262
28.8,0.0046190746,0.0103285648,False,False,1766176320000,5.5448082137,26947568.5876002
22.6,0.0802703167,0.1794898848,False,False,1766130600000,13.3851188096,48013082.81689404
26.66,0.0123752784,0.0276719637,False,True,1766180220000,11.0425732217,49961028.08275696
27.7,0.0076657557,0.0171411509,False,False,1766104140000,13.5237241974,34663439.383395195
24.57,0.0324007435,0.0724502651,False,False,1766121060000,17.0018743609,11799927.907012956
25.87,0.0178055329,0.039814382,False,False,1766116740000,7.8610691125,36593913.772251435
26.69,0.0122054832,0.0272922901,False,False,1766109360000,4.8848419451,16662904.071928516
22.84,0.0718712133,0.1607089186,False,False,1766114580000,11.2966949548,12675677.548020132
25.05,0.0259749653,0.0580817882,False,False,1766158800000,15.0679643045,3437007.158745593
24.05,0.0411675457,0.0920534307,False,False,1766139240000,14.9658847264,5632061.941181043
29.82,0.0028877193,0.0064571367,False,True,1766124840000,6.0270876282,260941.724587199
26.35,0.0142743051,0.0319183166,False,False,1766143440000,24.5189051763,927836.642343563
28.94,0.0043306689,0.0096836699,False,True,1766156700000,16.5987048054,923726.545583822
26.64,0.0124897854,0.0279280092,False,False,1766103660000,11.4882093731,2737316.84241571
24.72,0.0302381333,0.0676145215,False,False,1766114460000,16.9671904702,7044509.334434042
17.35,0.900647767,2.0139096308,True,False,1766868780000,9.1948865569,15900424.732079463
23.3,0.058150704,0.130028927,False,False,1766800920000,23.3143953487,59154084.73508766
26.6,0.0127219879,0.0284472297,False,False,1766822100000,21.2541101005,45609186.22150396
25.75,0.0188171989,0.042076536,False,False,1766828820000,8.9255340587,29853720.134998567
24.96,0.0270741591,0.0605396602,False,False,1766849040000,6.6894664922,5503330.550560549
23.55,0.0518268695,0.1158884032,False,False,1766794500000,10.3867031028,10889543.26242487
26.01,0.0166937912,0.0373284519,False,False,1766832600000,10.5824929861,3772675.17360712
21.64,0.1248978541,0.2792800919,False,False,1766859840000,22.1243817133,28946027.728477936
22.76,0.0745684261,0.1667400697,False,False,1766996880000,12.9830945331,13681318.86072752
23.18,0.0614546821,0.1374168468,False,False,1766992260000,11.714119979,58473567.25577166
25.56,0.02053785,0.0459240286,False,False,1766968440000,15.0614478276,37891695.624851964
22.66,0.0780827277,0.1745982871,False,False,1766987700000,9.3601214398,70037028.09852302
25.45,0.0216050351,0.0483103272,False,False,1766972340000,6.8308638157,47096307.08202339
29.67,0.003094247,0.0069189466,False,False,1767038820000,5.4375272843,29132011.959282722
25.42,0.0219055911,0.0489823908,False,False,1767049740000,3.6835865347,9647633.895502351
23.38,0.0560473362,0.1253256538,False,False,1767018780000,9.9198545105,22082230.676231585
24.24,0.0377185489,0.0843412394,False,False,1766971380000,6.5137390469,17194145.03242907
23.23,0.0600558028,0.1342888574,False,False,1766968140000,17.7271161575,23674277.46319777
22.89,0.0702352248,0.157050737,False,False,1767044160000,7.3322361456,28845122.977816995
25.85,0.0179702855,0.0401827799,False,False,1767020220000,15.5900869339,5202069.088372654
28.68,0.0048815189,0.0109154081,False,False,1767016860000,6.7991207497,413699.355917978
24.79,0.0292789148,0.0654696439,False,False,1767011460000,10.0902085867,4035058.049274964
28.9,0.004411182,0.0098637028,False,False,1766957460000,6.3253770637,42282488.71735068
26.5,0.0133215567,0.0297879063,False,False,1766902140000,5.3171638939,41623781.17134112
22.7,0.0766575574,0.1714115092,False,False,1766918220000,16.7862675015,50932313.79582524
24.9,0.0278326768,0.0622357573,False,False,1766913660000,6.3607006596,35989893.373196945
25.7,0.0192555078,0.0430566244,False,False,1766965800000,8.7278424443,73535931.28622238
23.68,0.0488151892,0.1091540813,False,False,1766945460000,5.0412280118,24347512.952036
26.7,0.0121494041,0.0271668934,False,False,1766913900000,12.2667788478,3904064.918377514
25.22,0.024019003,0.0537081235,False,False,1766929080000,11.9099550117,52622268.28972478
24.35,0.0358554334,0.0801751865,False,False,1766946780000,5.3479540494,19663046.330431104
23.25,0.0595052079,0.1330576898,False,False,1766945100000,4.351733166,41844778.78361941
25.7,0.0192555078,0.0430566244,False,False,1766915400000,10.3455992212,40006678.65600267
26.31,0.0145396843,0.0325117225,False,False,1766882400000,7.3785897935,7162041.424592087
24.18,0.038775283,0.0867041687,False,False,1766937960000,10.8060392391,17643896.876625568
25.5,0.0211132445,0.0472106499,False,True,1766899980000,7.3829715077,1099892.024909667
23.08,0.0643509521,0.1438931032,False,False,1766944860000,15.0664086952,22531828.913335167
25.39,0.0222103282,0.0496638037,False,False,1766904720000,7.0636627495,13959647.40327824
28.89,0.0044315431,0.0099092316,False,True,1766895540000,10.1184383881,92599.5855513
26.41,0.0138852907,0.0310484539,False,False,1766932380000,12.3818902362,440271.61773758
27.59,0.0080640828,0.0180318372,False,False,1766890080000,15.6812937112,764884.888558439
26.18,0.0154367182,0.0345175513,False,False,1766902860000,3.4011278031,9614025.701781549
17.45,0.8601119401,1.9232687664,True,False,1767138540000,12.2862162248,14352302.004035031
25.4,0.022108281,0.0494356193,False,False,1767061500000,10.1578495298,18023250.98507704
24.6,0.0319561887,0.0714562102,False,False,1767087720000,23.4347163459,47782238.40353619
27.6,0.0080270317,0.0179489885,False,False,1767061560000,3.5266451012,58551722.374105744
26.6,0.0127219879,0.0284472297,False,False,1767106020000,7.5913814523,43402718.78212386
23.7,0.0483676488,0.1081533507,False,False,1767129540000,7.8317739143,51302230.16361287
26.7,0.0121494041,0.0271668934,False,False,1767108300000,2.8364164439,7397884.905092368
26.64,0.0124897854,0.0279280092,False,False,1767132180000,7.0439953562,6860177.038108731
24.32,0.0363542322,0.0812905344,False,False,1767104220000,16.3973758161,9302420.534229096
24.75,0.0298232505,0.0666868155,False,False,1767085800000,9.7537140011,2998151.185651823
24.44,0.0343997255,0.0769201245,False,False,1767099240000,18.3747620431,5465093.649144076
27.08,0.0101989386,0.02280552,False,False,1767125520000,7.6224216977,2165255.18592719
23.62,0.0501828101,0.1122121746,False,False,1767067800000,8.9543898355,2031650.136058688
28.13,0.0062886146,0.0140617696,False,False,1767127860000,8.2967808598,845697.598093291
24.71,0.0303777061,0.0679266159,False,False,1767085260000,15.2139973727,3971355.117408178
22.7,0.0766575574,0.1714115092,False,False,1767122400000,20.5817364292,25132289.465454087
22.21,0.0960627415,0.2148028201,False,False,1767119460000,15.2591601364,19562610.299816445
24.6,0.0319561887,0.0714562102,False,False,1767141480000,22.2900951647,63135173.45286717
26.5,0.0133215567,0.0297879063,False,False,1767149040000,6.0883635852,18119456.851681493
26.1,0.0160160338,0.0358129403,False,False,1767184320000,9.5567197723,16420064.302962584
23.9,0.04411182,0.0986370281,False,False,1767222360000,19.8574801045,55529607.763889246
27.2,0.0096506147,0.0215794305,False,False,1767191460000,24.0907852129,73906865.50295773
28.19,0.0061172324,0.0136785474,False,False,1767153240000,4.5375414465,16506455.068276124
21.93,0.1092835959,0.2443655492,False,False,1767169500000,11.7533355168,21145659.089057654
24.2,0.0384197891,0.0859092601,False,False,1767213660000,9.370681974,11114255.82364908
23.01,0.0664591797,0.1486072436,False,False,1767140820000,27.1849962272,18046056.821323648
24.0,0.0421264611,0.0941976306,False,False,1767207720000,8.8864625052,17864832.33098887
21.14,0.1572370824,0.3515928047,False,False,1767180720000,23.5077991383,10511176.036162
26.02,0.0166170902,0.0371569432,False,False,1767202560000,4.5653752127,3745624.841874359
